country_id,disaster_id,date_id,industry_id,weather_id,risk_id,sector_id,affected_population,deaths,severity_score,economic_loss_usd,insurance_loss_usd,carbon_emission_mt,avg_temperature,rainfall_mm
7,3,1281,3,1,4,7,39318,152,9.7,1284121948,872945126.0,1355.54,44.0,4.9
4,6,1520,5,3,3,4,117139,122,6.5,2939778913,1029223151.0,2335.63,25.9,417.8
8,3,220,6,1,4,1,288665,478,10.0,8319325300,2082774795.0,4073.45,43.1,9.8
5,5,2005,3,4,4,7,153901,526,9.7,3709706654,\N,4822.93,\N,482.0
7,6,173,6,3,3,7,164251,224,7.2,2401875223,1733943245.0,827.69,27.5,220.3
10,3,1414,3,1,4,6,456395,999,8.1,6524851117,2242947237.0,391.76,46.0,10.1
3,3,502,8,1,4,4,259279,751,9.0,6727512213,2895053618.0,3960.88,43.2,8.8
7,2,1813,1,1,3,1,311816,825,7.1,8631971146,4671031526.0,4320.53,47.6,9.1
8,3,2179,8,1,4,8,209700,886,9.6,7249245120,1979376255.0,3030.2,41.2,7.1
5,7,798,3,7,4,2,94036,286,9.8,1656951934,\N,895.73,26.1,791.0
4,5,930,3,4,4,4,406607,1169,9.2,12606443428,9265801359.0,828.03,23.6,563.7
8,1,723,5,3,3,5,245018,707,7.2,5948645011,3455873169.0,2329.95,23.0,453.8
8,1,1334,5,3,3,6,493029,1756,8.3,7210351913,1952188318.0,1009.81,18.7,269.3
3,1,1275,7,3,3,4,439216,568,8.8,10574915788,5531864903.0,1766.69,19.2,415.8
6,5,488,6,4,4,1,139351,194,9.5,3255309035,2177678626.0,3981.86,\N,536.4
5,1,1958,5,3,3,5,47869,133,8.6,1159272294,590161624.0,573.51,21.0,259.8
2,2,1218,3,1,3,2,171480,402,8.2,2976789911,1517999496.0,1553.24,44.5,29.4
8,5,1465,5,4,4,6,54939,135,8.2,753235665,527868552.0,2013.23,26.0,364.9
6,7,313,5,7,4,3,58925,103,9.7,1036832515,271127974.0,1175.95,26.4,574.7
2,6,79,4,3,3,3,150604,407,6.1,3378921223,1319185870.0,3556.61,16.6,585.6
5,7,675,4,7,4,1,194720,307,9.2,6012018943,4797592186.0,2370.56,27.8,789.0
1,5,1738,2,4,4,2,73860,138,8.9,1600656990,1110790989.0,4735.78,34.9,302.3
10,5,14,1,4,4,2,408684,657,8.4,12478757256,4413410576.0,1732.29,23.4,557.4
6,3,2046,7,1,4,8,447720,1746,8.9,15329171676,9652445061.0,4631.34,44.5,0.8
9,3,1038,7,1,4,8,308023,523,9.9,11593924115,4260572932.0,2862.93,46.7,17.6
1,3,2147,1,1,4,4,104189,445,9.8,2876304047,1984474899.0,2716.76,43.5,16.2
10,8,33,5,5,2,8,180584,556,6.5,3992080196,2672718325.0,1212.52,9.5,35.2
3,8,1460,2,5,2,3,292401,572,6.4,3929869440,2613091653.0,4741.47,-1.1,61.4
7,4,257,2,1,3,4,309836,508,7.6,6619212369,1546314492.0,1625.75,42.8,8.1
4,8,34,6,5,2,2,125843,89,5.1,1154596940,867785869.0,2755.78,\N,8.9
9,2,2067,7,1,3,1,260155,277,8.8,8131820928,5599058100.0,4700.18,38.2,13.0
3,5,1284,4,4,4,1,343197,1009,8.6,8143172497,3265436465.0,4260.69,\N,342.0
5,7,1850,2,7,4,5,290976,285,8.0,7616587776,3806378633.0,1578.49,28.5,\N
3,5,2185,3,4,4,7,194111,786,8.2,5211259194,3577596860.0,4035.45,\N,370.3
7,3,359,6,1,4,1,314248,521,8.7,9940669833,7928390978.0,3419.9,46.2,11.4
5,5,754,7,4,4,7,269152,1061,8.2,5800117939,\N,215.2,\N,351.8
9,6,1603,5,3,3,3,455054,1393,7.1,5760665102,3287674311.0,2489.66,24.6,560.1
7,8,404,3,5,2,5,438643,365,4.0,6153284004,3143720204.0,2141.03,4.7,77.9
2,5,1226,1,4,4,3,12433,27,8.2,389451291,131257823.0,3311.64,24.0,535.1
4,7,1400,7,7,4,8,405821,1890,9.4,11158048395,4599242724.0,3529.0,\N,593.9
9,1,278,4,3,3,8,438472,615,7.1,9162003981,2026569728.0,3537.62,19.6,520.8
2,6,112,3,3,3,4,418676,859,7.0,11210049900,6448781738.0,2326.67,20.8,239.5
10,6,1987,5,3,3,7,53756,146,7.6,1388237948,544429939.0,4739.13,20.4,351.8
9,5,392,8,4,4,4,437238,1610,9.6,16210686297,6849040867.0,401.72,28.7,435.9
10,4,969,3,1,3,1,270180,531,7.0,7277568480,2526356306.0,3261.73,37.8,9.8
5,3,2191,3,1,4,5,285480,468,8.5,6525073620,1554121562.0,2223.6,48.3,0.0
2,2,1056,2,1,3,3,2717,8,7.9,32861843,21544289.0,1200.96,35.4,16.4
4,2,269,4,1,3,3,475782,1055,8.7,9445890358,4551026251.0,726.5,44.9,3.4
7,1,2030,1,3,3,8,28665,108,8.1,530546152,398467543.0,2339.15,18.9,630.1
8,2,275,8,1,3,2,477562,1031,8.6,8780836981,2660896453.0,1561.32,36.2,0.9
3,2,743,5,1,3,1,463006,1072,9.0,15647287770,12111037677.0,1135.26,39.1,28.4
1,3,86,6,1,4,6,172611,651,9.4,5714597854,3453597794.0,229.77,48.0,15.2
4,8,404,6,5,2,4,292119,347,5.2,4081603515,2263095293.0,1598.38,-2.0,12.3
2,3,2046,5,1,4,7,203703,730,9.6,2947012041,2322490548.0,4663.07,49.5,\N
8,4,1055,1,1,3,8,225221,589,6.4,5291432262,1449005855.0,2715.12,36.2,0.3
4,7,2155,5,7,4,6,125139,295,9.7,3390278301,1816046132.0,1245.0,29.8,807.6
2,1,1895,2,3,3,8,262483,326,8.6,6963936472,5038470239.0,4879.94,24.6,267.7
6,2,276,8,1,3,7,17861,58,8.5,534401120,366730260.0,3273.3,41.2,21.4
6,4,651,6,1,3,2,382234,1142,7.7,8296885874,4411049180.0,2560.08,30.6,2.3
10,1,1622,7,3,3,4,407582,1512,8.9,9159386495,3048056386.0,4670.75,23.9,264.3
4,6,1106,6,3,3,7,104856,165,7.8,1266073286,461876490.0,3916.14,23.0,359.8
6,2,1914,7,1,3,4,19688,29,7.5,450510660,192864234.0,2685.45,36.7,29.2
2,2,586,3,1,3,8,57231,114,7.5,1201421767,\N,84.9,42.3,24.5
10,3,129,2,1,4,7,59429,210,8.1,1045064907,778243920.0,2099.52,42.9,11.8
2,5,256,6,4,4,3,4890,12,9.9,129305781,54932702.0,4008.37,31.9,454.3
10,1,231,2,3,3,4,206453,541,7.2,3802368772,2433821591.0,1460.26,21.5,673.5
4,2,1161,8,1,3,5,399728,720,7.5,7087177440,3410454702.0,319.35,40.2,\N
8,8,1648,2,5,2,4,202991,453,6.8,3144411786,920075404.0,3060.4,6.2,79.4
7,1,2048,1,3,3,7,317080,272,8.2,5036308472,3311143367.0,4502.89,29.7,274.7
9,7,260,6,7,4,5,28006,72,9.0,875635596,341484591.0,4944.48,28.6,836.9
8,8,2135,7,5,2,7,129973,140,6.8,3210021164,1747568444.0,617.23,-4.8,61.5
5,4,843,4,1,3,4,370950,884,7.5,5976004500,4402242527.0,4812.07,30.1,0.4
2,8,1972,8,5,2,2,348142,843,6.2,4357971927,3167672683.0,1949.11,6.7,16.8
5,4,265,7,1,3,7,21048,29,6.9,383265136,90934226.0,3740.51,43.2,2.6
8,5,392,8,4,4,3,5151,14,8.7,74166673,51208920.0,1060.61,28.3,507.2
10,2,901,8,1,3,2,68992,111,8.4,1991854233,630422097.0,3379.28,47.9,17.1
9,8,588,1,5,2,3,366729,929,6.7,6506359226,3566576766.0,3373.82,\N,40.8
9,7,1153,1,7,4,7,160743,606,9.7,5853263453,1947995334.0,1446.96,27.1,539.9
1,3,1295,8,1,4,7,233082,441,9.5,4134058893,1675161652.0,2255.34,40.5,19.7
9,2,466,2,1,3,2,442741,841,8.5,10111983069,6196069999.0,2102.32,47.4,25.7
7,1,1194,4,3,3,8,116017,177,7.2,2689738128,568084129.0,3292.33,\N,613.4
9,6,2176,1,3,3,7,234473,354,7.4,4820108355,3703261246.0,4886.98,18.0,\N
8,4,1973,4,1,3,1,225100,219,7.4,6029978800,4495097320.0,2872.02,32.8,4.2
1,1,1050,6,3,3,4,386253,1395,7.3,8732446449,3551361503.0,2744.62,27.6,628.2
8,5,488,2,4,4,4,222584,948,9.0,6370354080,4409873849.0,1723.28,22.1,367.2
8,4,950,1,1,3,1,66695,175,7.5,1243028062,441675355.0,3405.14,43.8,1.9
3,3,406,4,1,4,1,270449,926,8.6,8784778507,1955868467.0,4238.17,46.8,19.3
1,4,1050,5,1,3,5,328940,323,6.5,6487025740,4733111437.0,538.42,40.3,0.3
8,6,1107,7,3,3,2,96809,258,6.8,1535158398,667124926.0,1244.7,\N,588.2
3,8,364,1,5,2,7,369471,594,4.0,3356274564,1780304397.0,2985.61,5.0,5.9
3,7,1391,1,7,4,4,427442,569,9.6,9298402291,6915955679.0,465.88,21.5,690.7
1,8,1084,1,5,2,5,356247,807,5.4,3997518836,2963341228.0,1770.91,0.4,56.0
5,2,551,4,1,3,7,43218,49,8.2,931685000,683945116.0,2423.58,\N,3.1
10,6,1659,3,3,3,7,432324,1184,6.5,6848228322,2836143384.0,4038.74,27.1,235.4
7,7,292,8,7,4,6,398124,1402,9.6,14141364480,10064075476.0,2656.68,22.7,726.4
10,6,1961,6,3,3,4,330035,370,6.5,4279728862,2516446950.0,1931.37,23.3,379.0
9,2,1818,7,1,3,7,93821,317,8.5,3122925806,2083971327.0,779.58,\N,5.4
7,4,191,1,1,3,1,213846,375,6.6,4850925433,3188202839.0,1052.0,32.4,4.2
9,5,461,5,4,4,5,71657,320,9.7,1611874055,1032460925.0,2614.72,25.7,453.0
8,2,1920,5,1,3,6,101076,183,7.7,2080356339,1010422442.0,4033.06,38.0,6.8
2,2,271,8,1,3,5,455769,776,7.8,9950439961,7162063126.0,2025.41,43.4,\N
1,7,1158,2,7,4,5,315990,707,8.2,9092233062,5447395800.0,1177.65,\N,485.9
7,3,171,3,1,4,2,496910,867,9.6,12689093760,6852381754.0,1925.96,41.8,12.1
7,8,1439,3,5,2,6,93050,98,6.2,930555830,215901983.0,323.71,6.2,72.8
8,4,28,4,1,3,5,69198,151,8.0,1493569632,485229954.0,2677.55,45.0,5.5
5,2,136,2,1,3,8,86300,252,8.6,1459125880,580268194.0,417.63,42.0,2.4
3,5,888,7,4,4,4,105321,263,8.3,2270204687,1471075764.0,4257.17,\N,524.1
8,1,1529,4,3,3,2,205503,619,7.5,3634320555,2874753364.0,3828.09,\N,655.6
6,4,1265,2,1,3,8,315761,942,6.4,6965940268,4325838313.0,3531.49,\N,0.9
3,3,856,6,1,4,8,59617,227,9.0,955600893,434062657.0,4728.12,48.2,11.7
1,6,1252,3,3,3,4,328788,451,6.9,7475159574,3085355932.0,4451.34,26.7,336.7
3,2,509,7,1,3,6,158828,377,8.4,2461516344,1195845245.0,63.49,47.4,8.3
5,5,1327,6,4,4,8,270720,638,9.7,5081279040,2194050190.0,3907.04,24.2,577.2
3,4,2082,7,1,3,5,296552,406,7.7,7017043079,1463771555.0,2947.17,34.5,1.8
1,5,1026,4,4,4,5,274997,1246,9.4,6459844528,1304259562.0,2205.81,24.3,754.0
5,5,362,2,4,4,6,354934,410,8.5,4742628108,3355810526.0,1471.54,24.2,748.4
10,8,1219,3,5,2,4,464126,359,5.9,4285507421,1649079039.0,1020.93,-1.2,60.6
7,7,606,3,7,4,7,464248,2116,9.5,16913715260,6464392838.0,4417.65,28.3,597.1
7,6,1864,8,3,3,3,480559,718,7.3,5286677614,2804221901.0,1847.18,22.2,407.5
9,3,1332,7,1,4,5,440181,872,9.1,13975702731,6357533361.0,2268.5,\N,12.6
10,8,1671,7,5,2,5,8673,13,4.0,129158316,\N,3579.42,9.8,66.3
10,4,716,7,1,3,7,170575,210,6.9,4024051882,1806065443.0,3939.89,33.6,4.4
3,2,348,1,1,3,2,5696,12,8.9,106559628,47485188.0,3145.56,47.4,9.0
7,3,1278,8,1,4,4,139489,168,9.3,3841150439,2361157630.0,2126.75,40.3,18.1
1,2,399,4,1,3,7,442095,1371,9.0,13436593335,3047878819.0,367.23,40.3,29.7
4,1,1358,1,3,3,8,66774,139,7.9,1211701036,676202396.0,3077.88,23.0,337.0
4,5,1200,8,4,4,7,211291,325,8.1,6494979694,2030880022.0,4239.07,32.8,652.1
5,1,2173,7,3,3,5,483123,1577,8.9,12086722901,\N,275.55,20.7,459.7
7,7,2179,7,7,4,4,404608,684,8.8,6558533836,1535158371.0,1798.35,26.2,425.3
7,5,1586,3,4,4,2,64041,196,8.2,852296052,650372871.0,1275.87,33.8,553.0
4,6,822,4,3,3,4,430207,947,7.5,6388573950,3050252830.0,2724.57,22.8,471.0
7,3,902,4,1,4,4,394373,1675,8.6,9940802461,4292519751.0,103.64,43.4,\N
3,2,945,6,1,3,7,393477,451,8.3,12279630216,6301158155.0,4418.72,41.8,0.6
6,8,1870,5,5,2,2,89732,69,6.9,1094039463,650368701.0,3968.78,0.7,56.4
2,7,334,8,7,4,5,85146,126,8.5,1252071930,260298452.0,565.69,20.8,829.7
10,6,1044,2,3,3,8,206409,597,6.3,1966169570,566910020.0,4467.61,18.1,290.4
9,2,355,5,1,3,4,183936,759,8.5,2610971520,1811558500.0,3848.46,37.5,22.3
5,3,1197,5,1,4,3,285216,936,8.3,4386593558,3262919488.0,4785.41,49.6,2.1
6,4,1213,7,1,3,5,489587,1506,7.1,11015658541,4012895110.0,1330.31,43.3,5.6
4,7,824,3,7,4,7,287065,338,8.1,6712928905,3977675930.0,4283.27,27.7,676.5
10,1,1026,6,3,3,2,2664,5,8.0,38596032,\N,770.74,28.8,310.3
7,1,1897,2,3,3,1,369286,1068,7.6,7218507299,1489406732.0,3496.61,22.4,416.4
9,8,168,7,5,2,6,242123,420,6.4,4033575481,1561451300.0,405.49,9.4,6.7
7,2,536,7,1,3,3,105606,200,8.1,2502925563,1701737474.0,3585.26,40.1,1.6
1,2,1949,5,1,3,5,54792,93,7.7,1150095038,844046769.0,801.21,39.8,6.6
1,2,1620,5,1,3,6,332811,340,8.6,6293921945,\N,3688.3,47.7,\N
9,7,950,4,7,4,2,233105,390,9.1,3447040187,2525499077.0,2226.67,25.3,547.7
9,3,207,3,1,4,3,63439,213,9.3,2333971561,542473756.0,716.4,45.5,3.0
4,4,544,5,1,3,5,120355,125,6.8,3222095918,1202950574.0,2878.16,41.7,5.5
9,1,129,2,3,3,6,152470,178,7.2,3590851464,1184787658.0,172.27,25.7,491.8
3,6,1471,1,3,3,8,104033,240,6.1,2038973976,853675015.0,1224.16,19.9,570.5
7,5,2083,7,4,4,1,425448,562,8.0,10278823680,4672226505.0,1496.68,25.7,728.3
6,7,1837,1,7,4,5,456153,763,8.8,9316833794,3077099187.0,4960.73,29.4,744.1
8,7,77,3,7,4,8,118788,132,8.6,3964739560,2996141135.0,3982.7,20.3,422.8
9,3,369,1,1,4,1,487203,1696,9.8,11105694944,3039203059.0,1594.66,46.6,1.3
5,1,526,4,3,3,1,220117,673,7.4,5127669538,3408543996.0,1856.56,28.3,378.3
1,8,349,4,5,2,4,307242,704,6.9,5335963986,3920603925.0,2219.69,1.4,22.6
3,4,506,2,1,3,7,136768,196,7.1,3388003219,1498515583.0,3954.84,38.7,7.4
10,3,643,6,1,4,2,117505,422,9.4,2719394714,1403089804.0,3420.13,48.4,2.0
8,6,238,3,3,3,4,296333,564,6.2,3095790851,2298952358.0,2731.41,25.0,344.1
6,1,1304,3,3,3,1,87207,111,8.2,2293317361,665785404.0,2262.78,25.8,386.8
8,3,1601,7,1,4,2,325192,520,9.2,11631987763,3217011339.0,1308.67,48.8,16.6
9,1,1456,1,3,3,2,488735,495,8.5,10269299820,2356664174.0,2294.8,19.3,451.4
4,1,2186,5,3,3,2,421831,364,7.6,10771876415,7737383517.0,3893.16,24.8,398.2
1,8,1674,5,5,2,3,219262,212,5.8,3068659394,1052284513.0,2266.1,5.2,50.5
1,7,1847,6,7,4,5,106653,346,8.6,1660160597,817212433.0,2643.3,29.5,847.4
10,4,1855,7,1,3,1,185061,264,6.4,3851637580,\N,1725.92,33.7,9.2
4,7,355,5,7,4,2,348593,746,8.2,5645463634,4466679012.0,2453.2,29.8,507.7
7,5,559,6,4,4,6,363926,1391,9.5,5839374633,4039659957.0,3811.62,27.1,750.5
2,4,1918,8,1,3,3,9779,10,7.0,235615226,141959204.0,4614.38,39.0,7.0
3,1,1255,7,3,3,3,128739,318,7.8,1549425360,1152494708.0,2504.47,21.8,473.7
1,3,1682,8,1,4,6,486994,1963,8.9,14502389123,5063763923.0,782.97,47.7,3.3
5,6,1170,2,3,3,1,432261,1222,6.5,7605848425,2822463807.0,3882.61,16.4,217.3
1,8,1176,3,5,2,4,23425,25,4.5,370524937,251778026.0,3806.08,-2.6,62.5
8,4,1815,1,1,3,3,154987,264,6.7,2483883656,843925454.0,3395.4,40.1,5.0
1,5,2188,2,4,4,1,461348,1250,9.1,16024784375,9165932348.0,2937.16,22.8,508.5
1,1,663,4,3,3,3,6072,14,7.2,116509536,73550319.0,1636.44,19.4,659.3
2,6,21,4,3,3,1,215684,585,7.8,3310835673,1396918400.0,3753.2,25.8,513.3
2,4,2112,4,1,3,2,247176,252,6.6,5264403883,\N,4921.09,31.6,4.6
6,7,1242,6,7,4,7,78721,218,8.2,2208297236,523952009.0,2372.69,26.9,493.6
7,7,162,6,7,4,4,161014,410,8.5,3043808656,1352408500.0,855.86,22.2,896.0
5,4,130,7,1,3,6,349330,245,6.6,9051699228,5869520101.0,1163.56,34.3,7.2
1,4,1951,3,1,3,3,161996,239,6.7,3100911232,1607874315.0,1323.09,37.9,7.5
1,4,225,4,1,3,6,104226,251,7.5,2091815820,1304910854.0,3198.6,35.4,2.2
3,6,1782,6,3,3,8,353183,1030,6.8,8533042553,4548632984.0,3846.2,27.9,225.0
2,7,580,7,7,4,3,413188,763,9.0,11427540516,4679027522.0,1779.3,23.4,\N
5,3,1478,6,1,4,3,262605,295,9.5,7456800277,2734752692.0,3672.01,46.6,9.8
10,5,107,5,4,4,7,463428,1686,9.8,7271092634,3514574361.0,485.6,22.8,700.4
6,5,840,6,4,4,5,207531,188,8.9,7057485963,2591165922.0,4490.76,29.8,459.9
7,8,1165,4,5,2,5,302022,956,6.4,3117833510,1499590129.0,385.09,3.9,63.7
4,1,1158,2,3,3,7,106042,141,8.5,3011433737,1274368614.0,4021.65,22.2,444.9
7,2,667,4,1,3,6,23117,58,9.0,581508135,172796582.0,3565.8,40.6,\N
8,3,2127,7,1,4,2,320696,457,8.8,4786323660,2986302007.0,3244.55,48.4,\N
1,7,1972,7,7,4,3,326773,801,8.6,7635443272,2451891290.0,350.99,25.5,699.1
6,1,512,7,3,3,8,413763,1062,7.3,7134349903,5652789196.0,2620.62,29.0,659.5
8,8,250,5,5,2,4,494001,1275,5.3,6558604276,4974272947.0,657.23,8.9,35.6
5,1,889,4,3,3,8,116576,169,7.5,3140557440,2460093656.0,2225.12,20.2,287.8
4,4,1024,1,1,3,5,451262,1058,7.8,12731274301,6989656603.0,889.83,43.2,4.1
2,2,599,5,1,3,1,52954,82,7.7,932922390,250726154.0,815.37,42.8,0.2
6,7,753,3,7,4,1,29770,42,9.4,817686636,640611237.0,2882.71,21.3,772.7
6,2,600,4,1,3,1,180438,662,8.8,2812090142,\N,1454.87,38.0,6.3
1,3,2065,6,1,4,2,446969,391,8.7,7050086733,4212371198.0,3865.25,41.2,\N
9,2,1759,2,1,3,7,437080,816,8.8,12396637792,2511902959.0,1301.17,42.3,27.6
6,1,1318,4,3,3,3,372660,403,8.9,7150749144,4907399147.0,1712.21,19.7,604.1
3,2,1846,2,1,3,3,114900,90,7.4,2884932180,1489303595.0,2979.1,45.8,12.4
4,2,1243,7,1,3,6,3717,9,7.5,50653417,18356305.0,91.22,46.9,16.0
4,5,234,7,4,4,8,469546,1650,8.8,15751202297,4260974539.0,4215.82,26.2,580.9
3,7,1414,1,7,4,8,390710,1084,8.8,6402017776,4226454282.0,503.61,20.4,687.2
10,7,1926,3,7,4,5,399532,1250,8.1,9449730864,2070532248.0,183.3,24.7,776.3
3,1,2100,6,3,3,1,303750,993,7.8,7737970500,4598190720.0,3877.05,18.8,\N
3,6,2063,5,3,3,2,169021,352,7.2,2231888500,1690036673.0,4008.75,18.6,363.8
4,2,441,8,1,3,6,124359,258,7.3,2867805591,1339147327.0,3203.22,35.1,4.8
7,2,1136,8,1,3,4,327806,386,7.2,8425925424,2801944047.0,4166.17,43.1,\N
4,4,7,5,1,3,3,91347,211,6.3,1512952956,359850440.0,4590.47,42.0,1.6
9,7,1587,3,7,4,3,229083,421,9.9,4163904241,1484888363.0,1161.18,24.0,566.0
1,2,826,1,1,3,2,344007,952,7.8,6579340279,3400678201.0,2273.94,46.8,1.5
8,7,1269,1,7,4,6,484522,1908,9.5,10310628160,7579057705.0,2054.12,27.8,714.6
7,2,1311,7,1,3,6,46675,110,8.5,733964375,454554515.0,883.5,40.3,11.7
2,5,1628,4,4,4,5,139230,468,9.8,5068946610,3174329963.0,1363.42,25.8,328.8
8,1,1037,1,3,3,7,72088,116,8.5,1711405164,818252257.0,2074.78,29.4,525.2
1,7,1170,4,7,4,2,329033,1353,9.2,9332560398,6865990416.0,552.85,26.9,668.4
9,3,478,2,1,4,6,66283,200,8.6,1312787841,943374296.0,3795.93,45.4,2.3
9,1,715,3,3,3,5,387703,955,8.0,8824120280,3084570241.0,3063.82,18.2,284.7
2,4,1677,2,1,3,6,47104,112,7.7,1012297932,512790544.0,4617.85,32.7,3.6
7,1,2163,8,3,3,3,212537,627,8.8,2839154260,890990245.0,204.49,19.0,624.3
10,2,509,2,1,3,5,154448,420,7.8,4133306486,1979213115.0,3269.83,39.1,13.7
3,4,2105,2,1,3,6,168877,400,6.9,2488976776,1859877722.0,3936.83,32.2,0.9
7,1,382,2,3,3,7,338675,1062,8.4,10235842260,6205300661.0,2576.66,24.8,469.8
10,8,1181,5,5,2,7,436085,988,5.8,8187321441,2144863641.0,4830.77,2.1,69.1
9,4,1846,1,1,3,5,93164,137,7.7,1843622396,1148860007.0,239.73,33.4,8.8
4,8,1187,3,5,2,7,471215,1250,6.3,8986117171,6529904696.0,2645.36,0.6,15.1
1,3,275,8,1,4,5,129100,477,8.9,4193813500,\N,1598.92,40.6,8.6
2,1,1719,8,3,3,7,330643,368,7.7,9651700620,2133139434.0,4869.05,25.5,372.1
1,7,1101,3,7,4,6,146226,359,8.8,4012207478,859548415.0,4787.09,29.5,836.5
5,7,1861,8,7,4,5,381069,1162,8.6,5859621799,1201015641.0,529.68,29.7,431.1
5,6,2092,8,3,3,7,75213,65,7.1,1591890666,1072606433.0,1996.14,24.2,440.1
7,2,718,6,1,3,1,456153,1729,8.4,13372581348,8614537988.0,1142.25,45.0,29.3
9,8,318,2,5,2,7,55433,64,5.6,894954698,269124444.0,4158.2,1.5,54.6
9,4,534,8,1,3,1,465725,814,8.0,7224326200,4852123034.0,4563.23,39.5,6.7
3,6,1609,3,3,3,6,389578,1246,7.9,9559231217,3027695911.0,4433.0,21.5,505.7
3,6,1777,7,3,3,1,196215,535,7.1,2758390470,2062558860.0,1817.02,17.9,353.3
3,5,1245,4,4,4,1,499331,2029,8.3,8914706142,3829466378.0,1545.83,27.1,665.2
4,8,1334,3,5,2,2,22250,38,6.7,541440400,111355274.0,3397.59,9.2,30.2
8,4,1201,7,1,3,7,331314,679,7.1,7786210314,6133244302.0,4658.7,44.4,2.0
6,6,1795,2,3,3,4,442525,1253,6.8,10836021170,8622945807.0,355.6,24.9,213.7
8,5,2086,3,4,4,6,463252,1796,9.0,8805494016,7000686822.0,334.43,27.4,632.7
1,6,1455,1,3,3,5,452992,392,6.8,4851544320,1242113559.0,2047.59,24.5,344.1
8,2,1934,2,1,3,2,409889,460,7.2,8168923814,1973028825.0,2121.46,40.3,9.8
4,3,747,5,1,4,6,139242,372,8.9,3354660036,1578692830.0,2489.65,44.6,17.3
1,8,841,8,5,2,1,253663,554,6.3,5949640298,2203235310.0,2521.52,-2.8,24.6
8,5,1519,7,4,4,5,75648,294,8.1,1439959679,741789965.0,2347.85,25.3,329.5
4,3,2173,1,1,4,4,414996,852,8.5,11160902424,\N,3924.11,\N,18.0
6,4,1089,3,1,3,6,442990,976,6.7,6357526686,1502191922.0,3835.72,44.8,2.2
8,2,793,5,1,3,5,51969,142,7.6,1200691776,280147428.0,3765.94,41.1,3.2
4,5,1268,6,4,4,7,383483,734,9.0,10464484104,4076357207.0,1666.52,29.8,306.1
3,4,1551,8,1,3,7,23757,87,7.7,547689126,\N,141.15,39.9,3.0
9,6,293,1,3,3,3,252745,366,7.7,3761881854,\N,4121.11,18.6,564.8
3,7,1405,6,7,4,3,435361,371,8.1,5885601822,2755663659.0,4639.39,22.3,431.5
9,1,1649,4,3,3,6,67697,165,7.4,1201296804,292616102.0,2891.86,27.3,502.9
2,4,1242,1,1,3,2,452980,992,6.2,11211436192,3435043250.0,646.39,\N,3.8
2,3,1076,5,1,4,4,139054,415,8.8,3357764748,\N,831.85,46.9,19.0
2,2,1398,6,1,3,2,412975,619,7.5,4927824187,3220986520.0,4291.02,46.3,9.8
6,2,1694,4,1,3,5,192548,618,7.5,4215357090,2779015602.0,3331.48,39.3,6.3
3,4,1038,8,1,3,4,95043,94,6.8,2465605506,1414521859.0,1267.99,\N,8.6
9,6,1364,6,3,3,6,351455,306,7.5,4799996662,1632261293.0,973.16,22.7,263.9
4,1,1563,3,3,3,2,95568,150,7.8,1250832211,378109131.0,1495.85,19.1,\N
1,8,1113,2,5,2,5,209200,334,5.5,2020453600,1247274641.0,1574.54,-3.2,71.7
4,3,2089,8,1,4,1,326387,1199,8.3,5046889542,2355672870.0,4096.09,42.9,2.8
1,4,1292,6,1,3,5,428647,581,7.3,5285088915,2703075974.0,4491.0,41.0,8.8
5,4,1162,3,1,3,7,412938,1231,7.0,8665916868,2280897992.0,1295.75,35.4,2.6
4,7,1030,2,7,4,2,216952,588,8.0,4330361920,\N,1000.13,23.0,647.8
8,2,242,2,1,3,6,40520,130,8.0,1118352000,765122786.0,2787.24,46.5,17.7
8,3,162,5,1,4,6,106603,269,9.1,2124491186,1422880269.0,2859.13,44.8,15.3
7,1,979,7,3,3,4,190835,187,8.7,5608373480,4126533854.0,1173.06,25.7,608.7
3,2,518,4,1,3,8,256549,408,8.4,4702235311,3136574132.0,4099.54,42.2,17.5
1,4,898,7,1,3,4,472727,740,7.1,5514502273,3834746380.0,4604.3,37.1,9.0
1,2,783,8,1,3,8,386695,388,7.7,6377915313,2733517495.0,452.8,47.0,24.1
3,2,1180,4,1,3,8,361502,465,7.9,7979289045,4926353525.0,3809.18,43.6,21.5
6,5,85,1,4,4,1,274043,361,8.6,7876324671,2642379306.0,2532.45,31.2,420.4
7,2,1736,3,1,3,8,172265,213,7.8,2179427874,905473125.0,1018.32,43.4,14.5
6,6,1034,5,3,3,2,356045,815,6.5,7704279732,1888565448.0,2174.77,15.9,593.6
6,2,138,6,1,3,7,463260,948,8.0,13430833920,3908387555.0,2555.47,43.1,23.8
6,8,754,3,5,2,6,316397,736,5.9,7437101323,5663810438.0,2950.33,3.7,42.5
3,6,713,6,3,3,6,395532,1135,8.0,8239722624,3644155613.0,217.1,20.4,342.4
6,3,580,7,1,4,1,73575,93,8.3,1538894700,\N,3498.1,43.7,8.9
8,2,554,8,1,3,3,178909,425,8.5,2434683126,1184151718.0,2567.81,45.8,23.2
2,1,396,6,3,3,6,457978,859,7.0,7841499316,1935374197.0,3217.1,28.4,258.4
5,6,1938,7,3,3,5,343654,835,7.8,4446951490,2973758024.0,4256.87,27.7,276.8
1,6,1687,7,3,3,3,256329,688,6.1,2701912723,1650260615.0,2849.43,25.3,407.9
1,4,1620,6,1,3,3,311984,510,7.6,5029057286,1928117764.0,4482.86,33.1,0.7
5,3,1158,1,1,4,1,313236,894,9.1,10449740901,2690797710.0,3975.65,\N,19.7
3,2,1333,7,1,3,8,296632,596,8.0,9209830336,7331795777.0,3166.92,36.5,3.0
4,7,1890,1,7,4,1,117785,446,8.3,3213422148,2354242507.0,2928.16,25.8,477.5
3,1,810,5,3,3,5,482303,667,7.0,5685387764,3047607686.0,2189.27,29.0,630.0
1,4,170,1,1,3,8,407663,670,7.3,4621634664,3535498023.0,4404.5,41.2,5.3
1,3,740,5,1,4,1,456735,1180,8.9,12174499792,8627600223.0,2096.71,40.4,8.7
5,8,1842,1,5,2,1,109864,102,4.0,1000641312,451222918.0,152.83,-3.1,74.4
6,6,457,4,3,3,1,272897,665,6.0,4309589424,924505645.0,217.08,16.2,427.5
3,1,1326,5,3,3,6,423354,1549,8.3,11890828468,5997804659.0,4631.51,29.9,263.4
9,8,2094,4,5,2,1,363855,743,6.6,6371028279,2836635359.0,638.08,0.4,9.0
5,2,1602,7,1,3,1,383015,756,8.6,12688214508,3197657475.0,3945.29,42.1,20.1
8,7,1384,4,7,4,7,278248,862,8.6,8877780688,4717659523.0,4257.24,25.5,526.1
1,5,1285,8,4,4,3,297127,644,8.0,5830820248,2890872615.0,2778.86,32.7,693.1
5,5,1147,5,4,4,3,474913,1337,8.2,13879237442,6376555193.0,4207.77,\N,676.7
3,3,231,3,1,4,5,372675,1161,8.4,6379897860,4195847684.0,576.49,\N,9.3
1,7,112,7,7,4,4,145820,498,8.4,4169518752,1592988048.0,4995.24,26.4,549.8
4,1,593,7,3,3,5,303221,833,7.9,8209193099,5809918460.0,3006.31,23.4,520.7
5,4,1239,2,1,3,6,490404,1135,6.7,8769551449,2711393303.0,4272.21,43.7,9.0
7,1,1888,8,3,3,6,432594,1671,7.8,5277300724,1775721985.0,1402.51,20.5,655.1
1,7,2130,1,7,4,6,214103,401,9.0,5522572782,2054090347.0,1590.69,23.1,879.1
3,8,1100,6,5,2,2,469953,572,4.2,3231114856,1495859202.0,810.21,8.1,0.7
2,6,1527,1,3,3,5,28001,41,7.0,411810707,288668799.0,3597.32,\N,460.8
9,5,1970,6,4,4,7,492303,1975,8.9,10002956966,6003501661.0,166.85,28.2,465.2
10,3,952,3,1,4,5,265314,1007,8.5,7205264955,3372500587.0,585.29,48.3,15.2
6,2,1503,2,1,3,1,193010,169,7.3,5155432207,2840211335.0,906.15,44.3,20.5
10,1,372,3,3,3,1,277779,730,7.0,6898919244,2869028985.0,3470.55,28.4,277.1
3,5,110,2,4,4,1,354383,1405,8.4,10243227985,3631048499.0,3289.38,32.5,624.0
8,4,1224,5,1,3,4,51263,141,6.4,1142057619,718009594.0,3126.46,40.9,8.8
8,3,226,5,1,4,7,320704,1107,9.5,7970135808,2431830514.0,2091.78,43.3,16.4
2,2,31,6,1,3,7,177161,312,7.8,4714891989,1140904523.0,4675.92,42.9,11.7
6,1,614,4,3,3,6,435357,1006,8.0,13377649896,9279913775.0,4816.67,23.2,666.0
7,4,1795,4,1,3,1,208739,174,7.3,3838438849,2348510541.0,1879.82,\N,3.7
2,2,99,6,1,3,2,40432,70,8.9,1263415092,547981905.0,2654.94,42.2,19.6
10,6,1363,8,3,3,7,343696,1309,8.0,7828020096,3721932292.0,3487.26,25.5,225.1
2,5,811,5,4,4,3,163025,445,9.2,5409886810,1765871149.0,1376.25,25.2,621.7
10,6,1821,8,3,3,2,237506,268,6.9,3231696640,\N,3826.45,15.6,594.6
1,5,814,6,4,4,7,260443,813,8.7,8225050382,6365428347.0,3859.09,32.5,491.7
8,4,1822,4,1,3,7,440375,469,6.9,11814028200,8720791200.0,2529.33,40.0,\N
1,8,1020,6,5,2,4,37524,54,4.9,444959592,324469241.0,2107.59,2.1,34.5
9,6,2136,5,3,3,1,348833,1159,7.6,7253493868,5044070716.0,3222.47,25.3,520.9
6,5,1087,3,4,4,5,378854,1334,9.6,6739358035,2534132752.0,130.79,22.3,558.9
7,3,922,1,1,4,7,475161,1499,9.1,17148845586,9155118456.0,4286.34,40.1,4.8
10,4,1411,5,1,3,3,419651,1210,7.1,5962023722,3278056515.0,4329.67,35.7,7.9
7,5,1483,6,4,4,8,199181,696,8.3,3508095280,2682522925.0,2550.67,\N,\N
10,1,1660,5,3,3,6,248049,610,7.1,6465173940,2257320899.0,132.48,24.1,620.7
3,5,1918,5,4,4,8,159723,553,8.9,4423815986,2336733039.0,1888.53,22.2,623.9
2,6,797,4,3,3,4,298782,406,6.6,3470651712,1020312615.0,2302.87,18.9,258.8
9,3,1958,6,1,4,2,199592,699,9.2,2904941804,681663869.0,4210.71,42.6,1.1
8,2,1013,4,1,3,7,302314,362,8.2,5012487045,1576637789.0,219.61,46.1,21.8
10,8,346,6,5,2,1,171745,249,4.8,1549826880,423949287.0,2563.98,-0.5,42.2
7,2,724,4,1,3,4,232542,737,7.2,6513036336,1804989710.0,2324.69,37.0,2.8
9,5,1102,4,4,4,4,28481,70,8.9,640799715,419587510.0,1147.4,28.0,660.3
4,2,1389,3,1,3,5,266028,436,7.6,7351311340,3470374027.0,1254.92,42.7,17.0
4,5,1038,5,4,4,8,323060,1047,9.4,5311300236,3830360901.0,2925.52,34.0,667.9
1,3,136,8,1,4,6,476158,687,8.9,11344607197,3737794870.0,4845.07,45.1,3.8
8,2,1328,3,1,3,5,411793,575,7.2,5410960020,3380674149.0,3975.01,37.9,5.7
3,6,792,8,3,3,5,332363,501,7.5,6932261272,2656669221.0,2525.68,\N,469.7
7,6,79,4,3,3,6,355045,640,7.3,8775931301,5289364068.0,2891.72,27.2,398.1
2,1,1779,3,3,3,2,474596,1083,8.4,10704038184,5461428672.0,2892.04,29.3,552.4
2,5,705,7,4,4,5,386679,1571,9.5,10050560568,2901177826.0,3522.41,32.1,422.0
7,2,982,7,1,3,6,361545,671,8.8,10429271688,8006156277.0,1719.73,46.6,2.0
6,6,1442,5,3,3,4,358898,698,6.1,5162317052,1221315369.0,3396.55,18.9,544.0
3,7,1266,5,7,4,7,239713,463,9.5,5968733843,2879356470.0,1309.0,29.2,558.9
9,3,1075,4,1,4,4,270139,471,8.7,4759173832,2999766955.0,4024.61,40.9,16.2
10,8,744,5,5,2,6,92770,157,6.7,1579381419,1150517480.0,4704.76,8.4,41.2
6,3,375,3,1,4,4,65731,64,9.0,1106844309,883855223.0,2826.73,45.2,17.4
10,7,1754,2,7,4,7,215828,723,8.7,3214628563,1773393120.0,403.73,24.3,779.6
10,7,1992,5,7,4,3,262036,228,8.4,4567287480,3611002352.0,3573.51,27.4,622.0
6,1,1335,3,3,3,3,55869,102,7.7,1123659675,597556653.0,4640.93,29.7,372.9
1,3,592,7,1,4,6,256309,471,8.9,4899910414,2867440412.0,4723.94,45.3,16.0
4,3,1066,7,1,4,6,196844,935,9.6,6789700723,4104754139.0,4558.34,\N,13.7
10,2,533,3,1,3,2,162399,473,8.4,2510038944,1570933274.0,2838.79,45.5,16.1
6,5,1177,8,4,4,7,286711,337,8.3,9456932966,4388733398.0,4594.54,26.5,\N
6,4,1336,7,1,3,6,215206,751,7.3,2584301251,2042336601.0,1376.74,30.6,2.3
5,8,1318,3,5,2,5,94350,114,6.3,1616781600,701455784.0,762.1,8.6,63.4
1,3,598,8,1,4,4,406804,1390,8.1,7766579926,2555840511.0,2409.16,49.1,4.6
8,8,113,5,5,2,8,273620,791,5.8,5881407176,3534979715.0,202.89,1.3,30.1
5,8,1136,2,5,2,5,331356,1044,6.4,5848831027,2633434675.0,432.43,\N,59.9
5,8,1199,4,5,2,6,425841,1164,6.6,5845945247,1628046074.0,3026.8,3.7,\N
7,3,1846,4,1,4,4,358471,1612,9.0,6491192868,2017759661.0,3534.89,42.6,\N
4,4,1326,5,1,3,3,113216,139,7.1,2554583180,1806918005.0,736.56,38.4,1.6
6,3,1988,5,1,4,8,484030,1684,8.6,13287204336,6354078403.0,1739.64,48.3,8.7
4,2,1540,7,1,3,4,298310,771,7.5,6859638450,1400519894.0,4048.62,38.5,14.2
3,2,734,1,1,3,8,290792,843,7.3,3506835203,2661515190.0,1044.7,40.7,14.9
7,4,1986,6,1,3,2,345828,514,7.6,5968852948,2005309745.0,4458.41,42.8,7.2
8,6,996,8,3,3,1,204051,737,7.8,3827792709,2133938691.0,2829.79,26.2,403.8
4,3,253,2,1,4,8,400566,598,8.9,6466977843,4755817890.0,2987.02,46.0,19.2
2,6,124,3,3,3,7,114535,108,6.3,2467771110,1861439925.0,792.67,25.1,340.1
10,8,1237,6,5,2,4,48832,127,5.7,816099916,572154289.0,355.16,7.9,55.9
3,3,624,3,1,4,6,109455,352,8.1,3498466383,2505395799.0,1845.56,49.5,15.8
1,5,1540,6,4,4,2,222921,675,8.9,7680051999,4344421029.0,519.34,22.6,588.6
8,3,1656,4,1,4,3,162732,559,8.7,4452591618,3032493613.0,543.92,40.5,2.0
3,2,1267,6,1,3,8,133126,117,8.5,4249049105,2338841787.0,4747.11,40.6,21.7
10,1,1161,5,3,3,8,372882,1261,7.7,4886767762,1424195873.0,386.59,24.4,315.9
7,7,441,2,7,4,3,319175,329,8.6,4306755945,2790116754.0,2225.08,28.1,856.6
10,1,2093,4,3,3,1,188968,497,8.6,4446341452,2263043763.0,3792.41,18.7,374.4
5,1,1017,7,3,3,6,323570,305,8.4,10075581516,5477627692.0,1458.79,22.8,309.9
10,1,554,6,3,3,5,486987,1680,8.6,13171537389,10189621600.0,2514.19,28.0,534.7
5,7,809,2,7,4,5,328851,648,9.4,4754264677,1140028956.0,1832.12,\N,537.2
7,6,971,5,3,3,4,455164,961,7.6,9931496414,6470475655.0,3581.15,25.6,\N
9,7,1113,7,7,4,3,255142,1008,8.0,3161719664,2481437789.0,3068.53,27.1,676.9
5,6,1834,3,3,3,2,238150,611,6.4,2513339840,1117247920.0,1578.94,16.2,341.7
1,7,1315,7,7,4,1,95756,111,8.0,1761910400,\N,3176.74,21.8,551.2
10,7,1275,8,7,4,5,209620,938,9.3,7318295364,\N,65.28,21.1,612.5
10,3,99,8,1,4,4,380900,891,8.1,10761491520,5311190254.0,3371.53,44.7,19.6
1,6,1480,1,3,3,8,43937,141,7.4,928582132,460738031.0,3919.53,24.0,458.5
2,3,1615,2,1,4,4,165791,243,9.7,6324943229,1350044857.0,84.07,44.2,7.6
6,5,301,8,4,4,3,87733,105,8.3,2800595279,986489301.0,3320.3,24.0,452.3
9,3,1223,3,1,4,2,202345,407,9.8,3111297189,2150113668.0,2771.29,41.3,\N
8,1,1683,2,3,3,2,384310,344,8.0,7117421200,\N,1450.24,28.9,548.2
5,4,488,2,1,3,8,187762,453,7.0,2242253804,876747460.0,1029.96,38.7,6.5
1,4,1425,2,1,3,5,317839,420,7.7,7755684790,2783698365.0,4789.34,37.9,8.1
7,2,1005,5,1,3,8,420312,1468,7.3,11315807788,4011505452.0,2433.94,41.8,17.3
5,2,477,8,1,3,4,155094,611,7.9,4518694708,\N,2316.84,39.9,16.3
6,8,1146,4,5,2,3,436801,960,4.7,7647293507,5023540139.0,4240.7,6.5,17.3
7,3,1336,2,1,4,8,157323,275,8.5,2738678784,870690438.0,1944.43,49.3,2.3
3,7,1136,5,7,4,2,247339,554,8.2,6778176891,3992091228.0,4038.2,27.4,662.7
10,7,1706,1,7,4,4,93016,186,8.4,2099445532,1352227995.0,2859.3,26.5,510.4
3,4,518,8,1,3,2,272118,546,7.8,6053428180,3004905384.0,1093.41,34.3,3.8
5,1,1221,4,3,3,1,263178,1006,8.9,4272326380,1250839535.0,1786.24,24.1,326.8
6,6,230,5,3,3,2,244885,412,6.7,5931237142,2747447558.0,163.89,20.0,576.0
9,1,1192,7,3,3,2,274684,1127,8.9,4053292040,2804910364.0,2227.65,19.0,536.3
5,8,2056,1,5,2,4,303173,182,4.8,2868259118,1061485299.0,4686.37,5.5,3.3
1,1,1978,7,3,3,2,136238,291,8.1,3307272816,\N,3178.18,24.9,\N
4,3,1384,4,1,4,2,300085,281,9.1,6570241041,2044437767.0,2910.7,48.0,19.8
5,3,1888,5,1,4,1,240521,479,8.2,4356749289,1402676489.0,4354.82,46.8,3.1
10,5,1073,1,4,4,2,461414,993,9.5,13220433928,7857200933.0,654.89,\N,380.1
10,8,464,5,5,2,2,299410,706,6.0,2982123600,1900033329.0,3992.24,5.4,29.8
5,1,974,1,3,3,4,383949,928,8.3,10777678799,7852866537.0,3502.99,22.5,528.6
7,7,1182,2,7,4,3,155457,349,8.7,4223782235,2233684361.0,2670.85,27.1,663.2
4,7,66,2,7,4,8,299104,788,8.1,8494134854,3726313576.0,1956.44,26.2,640.7
1,8,1997,8,5,2,1,420131,195,4.2,6057700836,4449637482.0,225.53,2.3,29.3
5,1,571,4,3,3,8,499496,1762,8.6,7693537089,2053821133.0,3109.2,19.3,507.1
7,3,308,1,1,4,2,365007,820,9.7,5608259553,\N,2868.06,44.8,1.0
10,3,783,2,1,4,3,41790,126,10.0,692042400,184002072.0,1459.39,46.6,18.3
10,5,121,4,4,4,8,448531,2027,9.5,9012109117,3865734819.0,1409.05,33.0,755.2
6,5,766,3,4,4,4,322760,1499,9.9,8307842400,\N,1820.21,33.9,535.5
5,2,773,2,1,3,1,439754,1404,7.9,6968957539,3551394837.0,2195.29,37.8,\N
4,8,2144,2,5,2,6,362475,689,6.4,7771464000,4045563336.0,3703.6,-1.1,52.4
2,4,987,6,1,3,8,499071,1183,7.2,13198232037,5997796072.0,2585.98,33.3,0.7
4,1,2010,5,3,3,4,443441,588,8.4,14571826012,4112819199.0,793.7,25.9,511.1
10,8,540,3,5,2,3,432630,1064,5.5,7854613965,5812888937.0,4462.47,-4.1,54.8
10,7,2050,1,7,4,1,391417,540,8.4,5053506603,2480229549.0,2422.12,22.9,620.3
3,1,580,4,3,3,2,434034,1394,8.0,9323050320,4005765161.0,4491.52,18.3,338.5
10,5,1664,3,4,4,8,364643,1647,9.8,13822303415,8851708379.0,3084.37,27.7,778.9
1,5,1048,1,4,4,3,492543,600,9.9,12902360902,9901244485.0,2867.39,25.2,509.9
8,2,506,2,1,3,8,227368,728,7.5,5574494940,3048983457.0,1704.32,40.2,29.4
5,4,1911,7,1,3,4,435847,877,6.3,10642860723,7328287267.0,4857.7,39.0,7.6
4,2,733,6,1,3,1,44013,109,7.1,511237402,222674196.0,4917.23,47.7,20.6
8,7,1572,8,7,4,3,261241,816,9.9,4075986578,1690466455.0,1846.07,\N,552.2
7,4,514,7,1,3,7,307783,798,6.5,4101208475,955042305.0,3958.29,42.5,7.5
2,6,361,8,3,3,6,305025,1065,8.0,3865276800,2272524390.0,1386.18,26.0,417.1
1,1,527,4,3,3,8,141995,111,7.1,3183783491,1276796225.0,3088.29,21.3,646.7
4,2,279,4,1,3,3,264860,603,7.9,3868836506,2962465969.0,3370.8,45.7,17.2
8,5,1373,3,4,4,4,163876,161,8.7,4136017201,3218716769.0,4922.82,24.9,384.5
2,2,1947,8,1,3,4,240223,456,9.0,6451428888,1990859512.0,1476.73,37.1,\N
3,6,1445,5,3,3,2,72372,211,6.6,1174554136,857858369.0,3544.38,26.0,216.5
1,2,2112,1,1,3,2,107847,118,7.3,3115279226,1197617218.0,1265.12,37.1,5.4
1,1,290,8,3,3,3,278217,693,9.0,10005796188,6640866590.0,228.79,24.8,328.8
3,6,2066,6,3,3,4,218971,733,7.6,3409904000,2051313094.0,1460.84,17.5,547.9
5,8,64,8,5,2,7,286738,728,5.6,3021989129,1989916571.0,3942.76,9.4,75.2
3,8,330,8,5,2,8,337551,384,5.4,7174443974,2667072184.0,4687.73,9.9,72.6
1,8,1894,6,5,2,3,36863,83,5.5,555322663,420086457.0,179.34,2.1,58.3
1,5,763,7,4,4,7,283395,438,9.9,4971541806,2747791606.0,604.73,33.7,353.7
8,5,1964,3,4,4,8,317652,905,9.4,10429849298,2922510565.0,1880.62,34.8,796.0
10,8,141,8,5,2,5,261782,565,6.3,5353389543,1126283828.0,2289.95,-4.7,63.6
2,8,1332,5,5,2,6,130079,182,4.6,1092611568,540306324.0,4644.28,-2.6,22.7
3,8,444,5,5,2,4,403767,785,6.8,4302379645,2343302874.0,153.17,8.8,27.7
2,3,1499,5,1,4,7,54653,169,8.7,1129743093,623248466.0,4252.56,43.7,7.4
3,8,1269,4,5,2,5,1237,0,6.1,11386461,5532446.0,2596.58,7.6,16.7
7,6,450,1,3,3,7,109808,116,7.0,1200640672,680335621.0,1112.99,16.0,598.7
1,3,1826,1,1,4,5,339164,541,8.2,7581400724,3209441082.0,1020.75,41.2,9.1
10,3,351,7,1,4,4,412918,1357,8.2,6737995923,4184134441.0,297.42,46.8,9.8
8,1,599,8,3,3,2,144658,233,8.9,3827607282,2897929271.0,1268.5,25.3,380.6
10,2,711,3,1,3,3,243367,542,7.3,6560906616,4364329789.0,4874.18,43.5,12.2
10,5,870,2,4,4,1,104146,136,9.5,2393327153,1072642251.0,3999.95,31.1,536.4
10,5,1984,3,4,4,1,477799,1285,9.5,7221692985,3356612879.0,4813.86,30.4,611.2
2,2,1185,8,1,3,6,79284,265,8.9,1831809249,916383397.0,818.4,39.6,29.0
3,5,393,1,4,4,7,478712,1022,9.6,7651732608,1543026647.0,2768.32,31.3,359.8
9,2,842,8,1,3,8,89336,102,8.3,1170069326,616491558.0,4663.96,39.2,4.0
7,6,2098,7,3,3,4,422453,838,6.2,4484085123,2772208065.0,3317.73,25.1,543.8
4,1,1319,4,3,3,7,41986,60,7.4,749089020,161571756.0,149.13,20.5,655.8
10,8,1036,8,5,2,2,426932,443,4.4,3396329446,1029063781.0,394.89,3.9,14.9
5,1,1359,3,3,3,2,437896,1337,7.4,9847667985,3575388104.0,2138.18,20.9,352.7
2,7,991,7,7,4,2,277080,735,8.6,6946118520,4939571289.0,1952.5,21.0,435.7
8,1,1039,2,3,3,1,49594,64,8.7,1222348277,977311403.0,4453.98,21.9,601.0
4,2,28,6,1,3,5,286462,277,7.5,6118828320,\N,3912.28,37.0,23.8
9,7,388,3,7,4,6,203981,393,8.8,4921979937,1136646222.0,704.16,25.0,443.0
5,2,1316,8,1,3,7,334877,1378,8.9,9927730054,7861678915.0,493.02,35.7,0.2
9,8,833,7,5,2,8,266805,563,4.9,2353220100,1296255515.0,4341.27,7.0,17.0
4,4,250,5,1,3,1,390993,514,7.2,6311565403,1982000636.0,2276.3,31.9,1.5
10,7,2028,2,7,4,2,237872,251,8.1,3813064372,1950276959.0,888.05,25.8,681.9
5,8,1529,5,5,2,1,272687,664,7.0,3097997007,2006986836.0,4498.02,5.3,2.1
9,8,98,4,5,2,1,123265,365,6.4,2337498848,1433967482.0,3615.83,\N,74.0
8,5,1839,1,4,4,6,328299,1200,9.0,11097819396,5528491698.0,861.46,26.1,397.9
3,5,1361,3,4,4,3,408296,690,8.6,10284731262,5080030056.0,3051.06,32.3,562.9
1,4,1063,7,1,3,4,54136,125,6.8,1069402544,746240154.0,2372.96,33.9,4.8
3,4,1324,3,1,3,7,144146,153,7.3,3094713717,2371155629.0,1318.46,\N,0.1
4,1,892,5,3,3,5,425507,934,7.6,6561488142,3785463618.0,2975.8,23.7,610.2
2,8,1493,5,5,2,7,478483,939,5.4,10224129047,7053004726.0,2229.01,6.8,76.5
1,4,1306,1,1,3,3,392492,869,6.5,9993042566,5639427171.0,2830.18,35.5,8.6
7,2,1188,7,1,3,4,51442,153,7.9,797340711,206561685.0,1500.51,44.5,17.2
8,8,453,3,5,2,2,373653,626,5.6,5350412037,3463128321.0,3639.8,-2.1,1.1
7,3,97,7,1,4,6,312146,662,9.2,5160522530,2873814706.0,2161.83,40.6,2.1
5,2,262,1,1,3,6,10894,28,7.3,254404313,136770043.0,4074.95,38.1,20.7
1,7,1794,5,7,4,3,382789,725,8.5,9884760347,2188284808.0,3060.05,20.7,662.0
7,4,2171,8,1,3,7,487160,1376,6.6,6166861008,3719945481.0,1255.09,36.4,1.1
7,5,325,6,4,4,4,239620,692,8.0,3011544160,2399550157.0,1737.01,22.8,705.4
9,2,986,7,1,3,6,264894,552,7.2,5281138699,2511257467.0,1468.82,47.5,8.2
3,5,687,5,4,4,8,415160,1571,9.7,12214048715,5264304368.0,1828.55,33.1,634.2
9,2,1740,2,1,3,8,178536,454,7.2,4045340102,2517464157.0,898.91,\N,7.7
1,5,1861,5,4,4,3,154539,156,8.9,4109686534,2210981486.0,2404.23,29.1,623.7
1,6,836,5,3,3,6,282265,676,7.3,4749532022,1686551258.0,293.08,19.3,539.5
4,2,59,7,1,3,1,351086,416,7.3,9564846549,6077861025.0,1772.37,37.0,27.5
9,7,1522,6,7,4,1,110505,411,9.9,3193384540,2337655340.0,2163.2,28.9,421.0
6,5,1397,1,4,4,3,25123,60,8.2,488240381,258101793.0,3831.91,28.5,361.6
3,3,1677,2,1,4,7,92888,171,9.2,1482678256,1000561892.0,4319.03,44.2,8.5
1,7,236,2,7,4,3,454856,1958,9.2,9649861011,3314371483.0,3876.01,23.6,654.6
4,1,218,3,3,3,7,55499,122,8.8,824892736,316449402.0,455.6,28.3,681.5
9,2,1551,6,1,3,5,439761,1367,7.3,6924520682,1934005413.0,3326.32,36.1,9.0
3,3,1838,8,1,4,2,358851,1472,9.4,12197489030,4396674496.0,4269.05,\N,14.3
9,1,1430,4,3,3,8,178468,325,7.6,3788304542,958836492.0,2668.07,23.5,523.5
7,2,589,3,1,3,1,146588,131,7.2,4048643289,1653577999.0,4680.7,43.8,4.6
4,3,1672,3,1,4,6,212489,366,8.5,4748385438,2668073630.0,4424.0,43.7,15.7
3,3,917,8,1,4,3,373164,1378,9.1,10282459387,6261379990.0,4396.66,42.0,18.1
10,7,1493,3,7,4,4,16821,26,8.2,339589076,217967471.0,4822.06,22.0,493.5
5,6,918,2,3,3,6,497414,1413,7.6,14380437705,7874207318.0,3838.56,16.6,521.1
5,3,1134,1,1,4,2,274020,522,9.1,5398605030,4039066104.0,3445.22,49.5,5.9
3,6,1837,7,3,3,4,18776,42,7.0,522047904,164304672.0,3776.24,\N,240.9
9,4,2139,8,1,3,6,214389,675,7.6,6057947095,2254164695.0,1821.89,33.2,2.4
4,7,1906,5,7,4,2,428222,1652,8.1,13052335026,4768487340.0,91.31,23.0,789.7
5,8,702,2,5,2,4,79892,88,6.4,932627251,398145829.0,267.45,3.1,51.7
4,5,2121,5,4,4,8,288188,741,9.3,8705122003,4197508400.0,4270.77,31.9,430.0
5,7,1322,8,7,4,1,208302,592,8.4,5660398548,3804539960.0,2079.56,21.8,479.8
7,1,1529,5,3,3,3,61004,57,7.7,1276728314,338144636.0,1843.95,20.5,319.1
9,5,1222,4,4,4,7,46201,164,8.7,1263726712,355814340.0,3082.93,31.3,692.6
7,5,1056,7,4,4,6,119294,284,8.8,1980948446,1360885505.0,742.88,31.5,685.4
5,8,648,3,5,2,3,372238,644,6.1,6934570597,2257687311.0,2742.55,9.9,44.2
10,6,760,4,3,3,5,297915,1114,7.5,4703333062,1296622312.0,4186.57,16.3,425.7
10,8,1358,3,5,2,6,285088,278,4.2,3214937376,1541528319.0,2155.96,3.0,67.9
7,8,2191,2,5,2,3,87570,106,4.0,789180840,625084279.0,2614.04,8.3,61.6
10,5,1770,5,4,4,7,220238,961,8.8,6488740051,4850086870.0,864.17,23.1,352.8
5,3,949,4,1,4,6,10162,34,9.6,225937843,139659937.0,3697.77,41.4,0.8
3,6,2092,8,3,3,8,446367,860,7.2,8895915763,4612525615.0,2831.59,17.8,441.5
7,5,2080,8,4,4,1,372892,1186,9.9,9502257679,2197385173.0,2781.85,32.4,570.6
2,6,1767,6,3,3,2,208930,178,7.8,3567312606,1259331798.0,1166.85,21.9,469.4
9,4,28,2,1,3,2,406968,651,6.1,4624906442,2737265817.0,4590.66,40.8,7.3
10,6,160,2,3,3,3,27714,29,7.1,652093791,\N,1754.84,16.1,309.9
10,2,1231,8,1,3,4,166901,354,7.3,2809578053,2065140606.0,4807.94,46.5,2.6
1,3,18,6,1,4,3,365442,746,8.9,12599928541,4748107565.0,1741.46,45.3,2.8
6,1,1127,3,3,3,6,278994,881,8.5,6445598382,2039283514.0,4506.54,28.8,586.1
7,2,904,5,1,3,2,282631,1131,8.5,9004058398,3897087989.0,2814.67,40.4,20.2
8,2,755,3,1,3,7,181110,325,8.8,5270590776,2940363163.0,367.24,35.3,\N
10,8,1571,3,5,2,8,269405,644,5.1,5119395453,1041471331.0,4773.9,-3.2,67.3
9,8,837,2,5,2,6,24858,19,6.4,422228044,161876728.0,1696.27,-0.2,48.4
2,2,894,8,1,3,5,55101,93,8.7,1815886515,1011942276.0,4079.25,40.2,19.0
10,5,1432,3,4,4,8,127053,190,9.4,2129433690,1548818397.0,2850.24,32.2,438.1
2,6,17,1,3,3,2,90749,238,6.8,1011415754,315084912.0,1259.05,23.3,476.3
5,6,652,6,3,3,4,266395,584,7.5,5264631187,2781414366.0,744.3,15.3,336.4
5,7,1680,7,7,4,4,494720,607,8.5,6702961280,3876666124.0,1210.64,27.7,835.0
6,5,260,6,4,4,5,399560,1515,8.3,9889349736,5807396144.0,2747.59,30.5,400.6
3,3,1753,5,1,4,6,29653,42,8.1,606718171,276588219.0,2565.08,47.0,3.5
8,5,1628,6,4,4,8,402207,666,9.1,12835913535,5304426768.0,1386.24,29.9,317.1
1,5,2048,8,4,4,6,410131,1783,9.3,10138192241,2914167600.0,827.79,32.5,322.1
6,5,1867,3,4,4,6,9233,26,9.7,176612517,60141910.0,1785.79,22.9,611.4
4,3,205,3,1,4,8,380788,1419,9.6,13291633612,4616312027.0,836.91,44.3,7.6
1,7,1177,4,7,4,7,293160,884,9.3,6717820032,4153005850.0,2555.61,26.3,625.0
7,3,792,5,1,4,4,126783,470,8.0,3547895472,1594670278.0,2195.86,43.0,18.2
9,4,1141,5,1,3,3,125471,399,6.4,1413305344,1117633630.0,2271.73,34.0,8.4
4,7,1106,6,7,4,3,312342,385,9.4,11142176166,7144119090.0,1343.11,22.3,680.8
4,4,1858,3,1,3,7,116171,175,7.1,2643529190,1837624931.0,512.11,30.6,8.3
6,4,1091,1,1,3,7,277403,547,6.3,4339387388,2487765146.0,2951.95,30.7,5.4
3,4,1608,8,1,3,8,217632,635,7.4,4053570105,1848297373.0,4871.28,32.1,5.6
6,6,1840,8,3,3,7,113071,230,6.8,1849163133,1248551847.0,3360.77,18.7,563.6
7,2,979,4,1,3,2,287599,351,8.6,7919671182,5311798274.0,4445.49,39.8,17.3
10,2,67,1,1,3,8,246756,844,8.0,7576396224,5474812192.0,527.04,36.0,25.4
10,4,684,8,1,3,1,261479,288,7.1,6076327445,2205310080.0,350.84,37.8,8.3
3,4,1279,3,1,3,3,84335,195,7.9,1929449864,678977440.0,3842.07,36.7,\N
7,1,63,5,3,3,8,316850,762,8.6,7520751600,5946973584.0,2300.68,\N,661.7
3,8,814,5,5,2,3,420477,855,6.8,5332489314,\N,4143.21,6.9,17.7
2,2,403,7,1,3,6,417826,454,7.0,11430048056,7637465870.0,2429.88,36.5,15.9
10,8,2003,8,5,2,7,13195,8,4.1,184803891,136957554.0,419.52,0.5,54.9
4,8,1353,1,5,2,8,90796,144,4.2,962128893,759221859.0,2296.15,-3.9,42.7
8,1,71,7,3,3,6,246748,384,7.6,5413947217,3157965567.0,3347.08,21.7,592.5
9,8,1087,7,5,2,7,76293,67,4.4,528710490,407045538.0,2606.92,0.9,61.6
7,7,245,2,7,4,5,313516,698,8.5,5518978906,4039540342.0,1124.79,28.4,404.9
1,1,393,8,3,3,3,367726,677,8.7,9796000004,6786571746.0,4624.43,\N,346.6
3,8,772,8,5,2,7,459169,986,4.4,4475061074,1401577898.0,3343.73,8.9,23.2
9,8,1670,3,5,2,2,295582,645,5.8,4219078351,3273644796.0,2656.12,7.1,79.5
1,5,1618,5,4,4,7,425536,1604,9.5,9164556064,6277208919.0,2400.82,34.8,311.3
9,8,1557,6,5,2,8,402307,1082,5.8,8185499144,5897732816.0,3082.02,2.5,31.7
8,6,1152,2,3,3,8,48513,47,7.0,821810220,341891372.0,2349.69,18.1,389.7
1,7,1219,5,7,4,6,274428,676,9.1,8438359129,3978105313.0,1576.75,\N,680.4
6,3,1218,6,1,4,8,65212,198,8.9,1888578647,607195547.0,1973.5,40.4,16.9
5,2,247,5,1,3,5,243942,817,8.2,7543223312,5846720961.0,1002.23,46.4,25.4
6,4,2043,2,1,3,3,159800,504,6.5,2392126100,575442336.0,3818.71,30.2,4.3
10,8,706,1,5,2,2,385762,740,5.1,7845936165,4591326900.0,4040.6,-2.4,42.8
5,7,2114,3,7,4,8,476976,2028,9.1,9436206998,2124150255.0,3685.64,27.4,523.1
6,4,254,7,1,3,5,456702,1732,7.7,12462849537,7489320354.0,2342.92,37.6,4.1
5,3,283,2,1,4,1,24966,89,9.6,733401215,545535752.0,1113.53,46.1,15.4
5,7,2166,2,7,4,6,234291,741,8.2,3310203822,1364952898.0,4814.93,21.5,436.8
4,2,423,7,1,3,2,405529,1774,8.9,9932540691,3781442967.0,3865.28,40.9,11.6
3,7,2022,8,7,4,8,257021,878,8.3,6596084135,2360967304.0,3890.83,24.3,473.2
3,4,36,5,1,3,3,355331,1113,7.4,8753437052,\N,3141.09,35.1,8.5
4,4,531,8,1,3,5,269264,254,7.0,3044029520,1842527098.0,1446.7,41.5,3.1
9,5,91,6,4,4,1,26424,122,9.4,586190016,458014059.0,955.8,33.7,637.9
2,8,1941,7,5,2,2,243653,440,5.9,2600532834,1032395724.0,604.01,-2.8,51.4
9,1,1943,2,3,3,1,467174,1745,8.4,15457666442,10478575644.0,3135.45,27.2,550.2
1,7,1241,8,7,4,2,447722,1830,9.4,9035835859,2724475939.0,936.88,28.1,777.7
1,4,1759,3,1,3,3,35357,87,6.6,789677380,482257385.0,1906.58,36.3,1.2
5,6,98,7,3,3,2,230109,526,6.4,2920359340,947113929.0,4107.4,24.1,594.0
6,2,1480,7,1,3,3,148511,623,8.6,3083147764,1520043126.0,1484.97,37.0,\N
6,6,531,1,3,3,8,224168,146,6.4,3362878668,1091194520.0,1365.16,15.8,543.2
3,3,1833,6,1,4,2,76182,207,8.7,1500541617,940032064.0,3600.81,45.4,11.8
7,7,1052,8,7,4,8,364681,1364,9.8,10778803380,8548536601.0,2627.49,25.2,596.3
9,5,1348,1,4,4,7,325387,349,8.2,10670025426,6153064425.0,2833.66,22.3,\N
10,2,80,8,1,3,5,462527,868,7.4,7796910144,3733948567.0,688.05,42.1,29.9
8,5,1482,1,4,4,8,146650,526,9.3,4354757085,2869284446.0,1464.45,27.5,525.2
6,1,614,3,3,3,2,189718,152,7.4,3237423839,\N,1878.61,21.8,621.1
8,4,1773,5,1,3,2,368421,1047,6.1,5110515059,2581743207.0,4851.36,44.9,8.4
5,8,1481,6,5,2,4,169286,310,6.4,2514641958,618212549.0,255.23,5.5,\N
8,2,423,6,1,3,4,116184,145,7.2,1586887545,1149664343.0,4283.56,39.9,7.7
10,3,1124,8,1,4,8,263489,787,10.0,4458233880,2733574397.0,669.82,42.7,1.1
4,8,2035,7,5,2,2,293322,184,5.1,5045813040,3306124213.0,4939.31,-1.1,24.1
10,7,1404,3,7,4,4,400369,804,9.2,6438574110,3987406280.0,1005.08,24.2,566.4
8,1,332,8,3,3,8,67355,271,8.1,2067185569,1187838137.0,1481.07,25.3,270.4
10,1,653,6,3,3,3,86537,208,7.7,1887726771,407554265.0,4155.76,28.5,320.5
2,5,740,2,4,4,8,43170,46,8.1,815097087,541181867.0,1822.15,29.9,612.5
5,1,1113,4,3,3,4,21987,81,8.9,733620440,528458685.0,3258.93,23.1,267.0
9,2,1628,7,1,3,2,342512,369,8.3,8838419406,5400297346.0,2941.22,43.8,3.0
4,5,511,4,4,4,6,418533,972,8.4,5414142888,1200179559.0,3447.13,23.3,\N
6,8,42,4,5,2,1,331070,770,5.0,5702680750,2452073912.0,4125.72,\N,46.3
1,1,885,1,3,3,6,429109,420,8.8,9134529104,4645883215.0,1531.81,18.8,257.0
9,7,1950,8,7,4,6,268157,1169,9.1,6859482875,4800286486.0,4375.42,\N,445.6
1,8,2129,6,5,2,6,61342,99,6.7,782938617,337477268.0,4876.57,\N,32.4
5,3,402,8,1,4,6,140216,137,8.3,2718619980,\N,3379.97,49.3,19.0
4,7,2155,7,7,4,8,490478,1251,8.2,10384596407,5589230628.0,2852.22,21.8,825.5
3,6,1135,3,3,3,1,165969,459,6.9,2769059989,1073584890.0,4918.05,15.2,479.6
6,2,1238,6,1,3,2,109256,181,7.9,2434005168,868706491.0,503.6,45.4,4.7
2,3,1767,3,1,4,8,118500,274,8.9,2680920300,\N,1953.83,48.2,5.2
3,3,1842,8,1,4,2,155092,664,9.0,2914488864,2170292313.0,1218.45,46.2,14.4
5,5,506,6,4,4,1,441228,1653,9.7,15240765207,7978929880.0,454.56,31.4,676.5
9,4,1145,7,1,3,7,185441,658,7.8,5424149250,1823344289.0,4330.21,43.6,7.0
2,5,1842,8,4,4,7,164898,708,8.8,2613435422,752612390.0,1747.88,22.8,365.0
10,2,720,7,1,3,5,172410,160,8.8,4088875560,836650816.0,733.35,37.2,10.1
8,2,1395,1,1,3,8,193883,441,7.5,3161262315,1543225850.0,1945.66,36.6,19.1
2,5,257,7,4,4,4,44175,52,9.7,1211362432,464161767.0,1930.05,28.4,498.0
5,4,1721,2,1,3,5,195651,499,6.8,3753134002,1478581941.0,674.5,38.1,8.2
7,7,1822,4,7,4,3,67104,69,8.3,1815700032,448477538.0,2684.6,26.6,854.6
8,5,954,4,4,4,6,254296,346,9.2,4786664467,3749316939.0,555.64,29.3,616.0
1,2,1072,6,1,3,7,437430,1094,7.1,6860608377,4053168833.0,1052.37,42.2,\N
6,4,1623,1,1,3,6,173792,162,7.8,5317930924,2233963557.0,3629.37,39.9,8.9
1,2,897,4,1,3,1,273606,921,7.6,6610430402,2704782509.0,1553.27,37.3,18.1
2,4,2067,6,1,3,1,196678,161,6.2,4649585926,2179990509.0,3243.41,40.8,0.8
1,4,1070,7,1,3,5,474724,1406,7.8,11626940208,6116639032.0,1092.83,40.1,5.5
5,8,451,5,5,2,3,497918,1451,6.1,11620709034,6163799711.0,2669.35,-4.6,56.1
10,5,898,6,4,4,5,218094,858,9.0,7311601350,3735148051.0,560.0,32.8,685.3
9,5,1080,3,4,4,3,204918,593,9.0,4132991142,2664019361.0,263.89,25.7,497.1
6,5,741,4,4,4,8,74032,302,9.1,1581153246,781958914.0,2773.0,22.1,345.2
1,4,82,4,1,3,2,279477,1016,7.6,8232721675,\N,3902.58,44.9,3.8
1,4,737,5,1,3,6,462891,867,7.7,9434598072,2280213954.0,3532.96,35.7,1.2
2,2,79,7,1,3,2,264557,949,7.9,5477890786,3077234631.0,3876.09,43.5,4.0
9,3,1686,2,1,4,1,175329,476,8.9,6093471730,3927665601.0,2449.17,42.3,13.3
3,5,1335,8,4,4,2,234509,1114,9.8,8034465947,1968697147.0,3497.8,25.9,578.3
1,8,997,6,5,2,5,121161,297,6.1,1980000945,860607584.0,453.9,1.2,77.3
5,6,1340,2,3,3,3,57576,111,7.6,1019118230,611882583.0,4183.76,22.8,\N
7,2,2003,6,1,3,1,202436,530,7.0,4263909468,\N,1727.74,43.7,3.8
6,2,1692,5,1,3,2,431893,874,7.8,8169256095,5903101740.0,4375.82,47.2,6.0
1,1,1180,2,3,3,1,52197,188,8.6,1203485350,468014441.0,2910.7,23.0,288.7
5,5,1738,1,4,4,1,224938,1079,9.7,7545005358,4026419677.0,545.08,29.8,567.5
5,7,853,5,7,4,3,254146,794,9.4,3700518247,818219770.0,2123.22,29.1,464.3
6,2,462,7,1,3,5,103615,74,7.2,1971752004,\N,4032.54,38.5,23.4
3,1,117,8,3,3,6,455555,960,8.2,13739356577,5913815572.0,1250.74,20.3,345.8
5,6,1690,6,3,3,5,71363,124,6.1,713044823,268498595.0,952.02,23.7,567.4
7,8,1655,3,5,2,4,30618,75,5.5,483978726,330315602.0,135.63,5.3,1.0
5,6,1735,7,3,3,5,36729,95,6.4,378690681,249264718.0,3457.71,21.0,\N
5,7,1937,7,7,4,8,139105,183,9.0,3143633895,778151197.0,1908.46,28.0,552.0
5,5,466,3,4,4,2,195643,395,9.9,3598696470,1367798017.0,916.68,27.1,392.8
10,4,1799,3,1,3,8,198567,280,6.7,2201810179,1414235841.0,3024.34,\N,4.6
10,1,660,6,3,3,4,386444,850,8.4,8904133492,\N,761.61,26.0,541.1
3,4,2123,7,1,3,4,196395,512,7.0,2550189075,811827959.0,3636.98,37.5,1.1
1,6,1715,4,3,3,4,219974,693,7.8,6055048318,3245525184.0,2937.02,26.4,331.5
5,6,795,5,3,3,4,44678,85,7.0,1232219240,606724991.0,1273.61,24.1,579.4
9,3,1587,5,1,4,5,244207,941,8.0,5931299616,2037989009.0,4378.21,\N,1.5
1,3,587,8,1,4,7,30911,85,8.2,848111289,222583331.0,2817.25,49.0,\N
3,8,635,2,5,2,4,410556,759,6.8,4695775305,1053438050.0,688.14,0.3,46.8
4,7,1275,5,7,4,2,401884,556,8.1,10162922968,6836133676.0,3607.91,27.4,609.4
1,3,1154,8,1,4,2,59728,220,8.1,958885257,387218583.0,1606.82,46.4,7.3
1,3,358,8,1,4,1,169870,663,9.1,2771649881,1948208297.0,3885.53,48.3,18.7
8,7,1432,7,7,4,7,328824,369,8.2,8035143263,3914307623.0,2037.37,21.2,601.2
2,2,1885,5,1,3,7,76557,182,7.8,1208620670,867193283.0,423.93,45.4,16.2
8,3,1519,7,1,4,8,406417,1455,9.6,15559593561,8333484269.0,3169.42,47.3,16.7
7,2,622,2,1,3,2,251969,927,7.9,3815894126,2693704907.0,1586.11,45.7,26.0
10,2,482,5,1,3,6,73300,75,7.3,1898499320,458958809.0,4712.41,43.6,17.7
10,5,980,5,4,4,1,158358,720,9.3,5809917483,3010143575.0,4158.08,25.1,385.9
2,2,1874,8,1,3,8,415038,1312,7.8,12606032181,6809311762.0,1801.63,46.2,22.8
6,2,978,1,1,3,2,178088,380,7.5,3550184280,2671003687.0,178.49,43.6,12.3
6,3,1538,6,1,4,4,57015,141,9.3,1952872078,1274365908.0,2711.25,48.9,4.1
3,2,1321,2,1,3,3,464999,646,7.2,7144616635,4593463164.0,3246.69,44.8,18.6
2,4,1705,1,1,3,8,348820,510,7.5,8520800550,1987621773.0,3429.74,34.0,0.1
1,7,1995,4,7,4,4,479986,1183,8.3,12772331462,8020999506.0,1779.1,21.9,828.1
6,3,2071,2,1,4,5,353849,1125,9.1,11733774379,3814523775.0,750.68,43.7,2.8
5,7,806,7,7,4,1,68797,113,8.8,2241846560,1715007580.0,2819.08,25.9,\N
9,1,835,6,3,3,3,453102,1039,8.6,12773307861,7381812783.0,2462.95,19.4,604.5
1,3,908,5,1,4,7,57879,127,9.2,1429194571,1141568400.0,4970.88,42.6,5.3
7,2,855,7,1,3,8,327460,966,7.2,3595510800,2619853214.0,2894.56,42.9,22.0
5,4,916,5,1,3,2,482509,1054,6.6,9786151036,6797091001.0,949.24,40.1,\N
5,7,843,1,7,4,4,145873,161,8.2,4121962535,3216478757.0,1839.47,22.6,732.3
2,3,132,1,1,4,7,115657,357,9.3,1834990830,769523768.0,2679.73,45.4,10.0
3,4,1117,4,1,3,1,205608,619,6.1,4856296473,3364743989.0,4196.17,39.1,8.1
7,7,861,4,7,4,1,203125,323,9.6,7659600000,2156697560.0,2430.69,26.5,758.8
6,1,294,6,3,3,7,393027,816,8.3,13015875159,8863198314.0,4012.27,22.4,381.6
2,6,1000,5,3,3,8,350522,497,7.5,6125371950,3838288536.0,820.83,21.7,350.5
6,8,1261,7,5,2,2,72883,46,5.1,885768963,187307437.0,1940.93,2.2,36.6
2,8,287,3,5,2,1,337160,325,5.0,3929599800,1006493054.0,2619.51,-4.3,66.7
2,1,450,7,3,3,8,17174,52,8.2,335026957,112121060.0,167.06,23.2,303.1
2,6,1208,8,3,3,2,361377,508,6.7,3704475627,2013847482.0,3808.34,22.7,321.7
3,5,1779,4,4,4,7,394313,1302,8.5,12082736102,2927962985.0,4169.6,31.7,567.2
2,6,1970,5,3,3,8,237926,529,8.0,2895083568,2307460748.0,1654.45,22.3,550.0
4,5,476,7,4,4,2,168867,274,8.9,2532413965,1687075040.0,4792.79,23.2,523.9
9,3,253,7,1,4,4,428041,1586,8.9,8857238392,4895193524.0,3666.83,49.4,18.4
6,5,1420,4,4,4,1,89209,244,8.2,1130920334,525869426.0,4156.02,25.5,622.4
1,8,1236,8,5,2,7,185324,340,6.5,3902923440,1883223200.0,3291.46,-1.9,\N
8,8,1000,7,5,2,5,352619,413,4.5,6340794858,2250657668.0,4105.56,\N,59.6
7,4,21,7,1,3,5,165012,170,6.6,2902396068,1546182741.0,4915.96,34.4,4.6
10,5,316,2,4,4,4,494874,586,9.9,9886691746,5602340619.0,4255.21,28.9,347.4
3,4,1462,8,1,3,7,149534,400,6.1,3279205852,2615807148.0,2394.6,44.7,0.7
1,8,1447,1,5,2,4,214924,226,4.4,1593446536,596343164.0,3199.28,2.3,11.5
5,7,1257,5,7,4,2,366469,1079,9.9,7930902216,3919406913.0,2919.4,23.7,879.2
4,7,2171,7,7,4,7,270876,733,8.2,5197568687,3693016515.0,2566.63,29.3,484.1
10,6,960,4,3,3,5,267123,327,6.7,5515929676,3688907314.0,3860.53,16.4,436.0
8,6,1946,1,3,3,1,85353,149,8.0,1526111640,392041126.0,2221.61,26.4,463.5
1,6,839,8,3,3,5,476950,1099,7.7,12960305435,3768271088.0,1583.04,26.8,428.3
10,5,968,7,4,4,8,182539,334,9.4,6419056950,1779649450.0,258.99,24.1,730.1
1,6,1854,7,3,3,4,168618,523,7.3,3972151087,1472768841.0,485.37,20.0,522.8
4,5,600,3,4,4,4,89327,241,8.5,2050054650,851331812.0,1146.92,23.1,\N
8,5,792,4,4,4,7,493915,1039,8.6,14008812362,4394479708.0,811.86,29.1,734.6
5,2,40,5,1,3,7,181787,344,7.7,3139661455,1574098592.0,191.68,38.0,16.7
2,2,648,2,1,3,7,309322,859,9.0,9690748938,3042397754.0,3495.7,44.0,9.7
6,5,182,1,4,4,7,405204,1025,8.5,5665764930,2839259289.0,3813.88,25.7,618.7
5,7,265,8,7,4,2,399120,808,8.8,6483624576,2604048434.0,1804.2,24.6,545.6
2,4,863,1,1,3,1,238402,352,6.5,4204100069,2400073618.0,4931.94,39.5,7.1
3,8,432,2,5,2,4,406141,414,4.2,4116076578,2012393628.0,2960.56,8.5,25.8
9,8,1220,5,5,2,8,464845,861,7.0,10611016815,7185244046.0,545.08,\N,21.8
7,3,509,6,1,4,6,439259,974,8.2,13730533525,5249034680.0,1856.12,45.5,17.0
7,1,447,8,3,3,1,193587,289,7.8,3140755487,1165683232.0,2933.35,\N,258.4
6,2,528,3,1,3,5,461928,1455,8.4,8101847577,5374305861.0,4780.12,35.5,13.9
8,5,1754,6,4,4,2,90512,396,9.5,1636321192,475336188.0,3429.35,33.4,632.5
4,1,1629,8,3,3,7,452693,1176,8.9,15813698222,10209046838.0,93.76,20.6,381.8
8,2,1163,7,1,3,5,398981,1404,8.7,6449368272,4920842812.0,3363.88,37.1,29.7
4,3,669,2,1,4,7,357749,841,8.7,5238196632,1306635571.0,3292.39,48.0,16.2
8,8,847,3,5,2,6,441228,550,5.1,7758906134,5077478036.0,4315.83,6.9,28.3
9,4,2118,5,1,3,4,370673,660,7.6,6045528360,3147737952.0,701.53,41.9,3.9
3,5,1771,4,4,4,8,83528,329,9.9,2329453922,714838164.0,4045.5,22.1,385.8
3,3,1826,4,1,4,4,116774,254,9.2,1761886111,1013661072.0,4384.42,46.3,9.4
2,8,446,8,5,2,8,450642,454,6.7,6189567870,1994347739.0,4020.06,1.0,10.6
10,7,1026,8,7,4,1,430345,1322,9.7,14735443144,9394841829.0,2081.62,27.5,749.0
3,2,1772,6,1,3,7,480764,1742,7.3,7366602542,4898441401.0,3470.79,44.7,15.5
3,5,1360,5,4,4,8,464206,1493,9.0,12805122510,5459561943.0,4096.44,23.4,315.7
5,1,19,3,3,3,4,329292,1205,8.8,7728351523,4576061923.0,4736.01,19.9,372.8
5,7,2018,8,7,4,8,67148,233,9.9,1385370676,874864695.0,1703.62,26.1,892.7
2,8,561,8,5,2,6,109262,261,6.8,2006050320,1068875568.0,1076.18,1.6,52.6
10,7,472,6,7,4,1,148305,532,9.2,5175191958,3109320773.0,3795.29,27.8,727.9
6,6,28,2,3,3,6,168302,212,6.2,3746065916,2957908340.0,531.86,22.1,255.5
5,4,560,6,1,3,3,215415,547,7.9,5207442210,2766346322.0,2835.69,33.6,5.7
6,8,458,5,5,2,4,242568,367,4.1,3320731663,2014380066.0,4309.16,0.9,\N
1,7,945,7,7,4,5,90479,417,9.8,2675156401,2033961823.0,1153.23,27.4,444.8
5,2,1200,5,1,3,5,254225,273,8.8,5765212860,4055311747.0,1970.76,41.3,15.2
9,4,984,4,1,3,1,417428,928,7.4,10987456330,4780783259.0,4129.84,36.6,9.0
10,5,868,2,4,4,6,197150,315,9.8,4362614060,2844739683.0,2535.89,25.7,330.4
2,6,2077,4,3,3,6,241613,269,7.8,7055872761,3641384239.0,930.18,19.2,209.8
1,8,1980,3,5,2,6,202985,626,6.9,3107923633,975892795.0,465.46,3.0,55.8
10,3,826,3,1,4,6,158453,167,8.3,4074365370,1519418475.0,2808.32,42.0,12.6
9,4,816,1,1,3,3,334154,562,6.4,5759211020,1315316734.0,157.64,33.9,5.4
10,1,1003,5,3,3,8,278162,336,8.3,5658733014,2296439146.0,1732.63,\N,257.2
9,2,1543,2,1,3,4,409207,480,7.1,7478421607,5146110727.0,3079.68,\N,7.0
9,8,109,2,5,2,6,180258,467,7.0,3135587910,\N,77.04,-4.0,50.5
6,1,1230,4,3,3,2,247111,660,8.9,3890540295,2799336392.0,4347.1,26.2,254.2
8,4,1962,6,1,3,2,32844,67,7.6,916584076,214877563.0,4786.95,42.9,5.2
1,8,1964,6,5,2,7,341536,579,4.5,2497482000,1568154800.0,2083.03,-0.6,\N
10,6,922,4,3,3,7,46569,55,6.8,808139798,284220635.0,251.35,18.1,308.7
4,3,1431,7,1,4,5,46773,91,8.4,1210896842,588687481.0,1435.92,46.9,2.6
1,3,1533,6,1,4,4,489465,2268,9.4,15808936356,9965600318.0,3332.03,41.1,9.7
8,1,1893,2,3,3,2,182010,196,8.1,5643547668,1536055620.0,261.51,23.3,584.9
1,5,1422,8,4,4,1,322470,1328,9.7,4998478482,2285930134.0,4278.1,26.1,572.5
3,5,1223,8,4,4,4,340997,1430,9.3,7322467278,4086865298.0,4026.4,24.2,\N
4,6,391,8,3,3,5,317802,890,6.1,5703338252,3686201014.0,2340.42,26.8,441.5
8,3,1673,4,1,4,7,143132,262,8.9,4266206705,2136708844.0,3863.66,45.7,\N
6,1,1870,8,3,3,3,81896,265,7.1,1534477162,714181725.0,891.78,24.8,546.4
10,1,1522,6,3,3,1,249950,464,8.4,6296640420,1711336633.0,4785.3,28.2,674.7
7,8,1196,1,5,2,1,453176,598,6.1,9111375385,5135671574.0,2514.21,4.1,49.5
8,8,2134,5,5,2,8,50700,81,4.1,329889689,\N,4926.44,8.2,\N
2,1,858,1,3,3,6,183339,503,7.8,2223718731,575847856.0,2655.96,18.9,375.2
10,8,1210,6,5,2,4,410612,468,4.2,2914523976,1432738979.0,3562.32,2.0,18.0
8,4,1517,3,1,3,8,285141,613,7.2,3919206016,3019271897.0,4008.54,33.7,7.7
3,8,1651,2,5,2,7,475818,676,4.8,8208431481,1996180924.0,3966.04,6.1,\N
7,6,1154,1,3,3,3,344438,673,7.8,9088823281,5180372444.0,3696.82,27.5,539.2
3,5,843,1,4,4,1,35369,94,9.1,1082408117,277275682.0,726.68,24.8,648.8
7,5,1105,4,4,4,3,213651,385,8.0,4703740416,3548898613.0,2073.67,24.8,\N
2,4,1826,4,1,3,8,489931,669,7.2,8466007680,5610329525.0,2731.79,32.6,1.7
10,2,1683,4,1,3,5,307061,1153,8.7,4469303561,2357597722.0,3556.2,41.6,27.9
6,4,295,6,1,3,1,268212,830,6.6,3437726846,2444615361.0,2009.72,35.0,5.3
3,6,2002,7,3,3,7,369877,1028,7.7,6550521670,3496069576.0,2807.78,17.6,444.3
3,1,645,7,3,3,2,305915,970,7.1,7871315316,5956571852.0,2147.9,18.4,272.1
9,4,2136,8,1,3,7,281696,458,7.4,5745020902,1469653712.0,3581.94,\N,3.5
7,1,925,3,3,3,5,129453,164,8.3,3902438356,1999118406.0,442.22,\N,254.7
5,6,1648,1,3,3,5,44513,63,6.9,977932804,337957642.0,3585.3,17.5,422.5
10,7,111,5,7,4,6,233256,400,8.9,5711016578,3748446145.0,4201.52,28.9,418.9
7,6,584,8,3,3,8,282143,441,7.8,8096431956,4180625166.0,112.72,25.9,472.1
9,3,1487,8,1,4,1,221884,299,8.7,5567247067,\N,2696.04,\N,11.1
1,1,769,4,3,3,2,1807,5,8.6,60466918,35609499.0,1290.38,19.0,532.7
7,5,1180,3,4,4,8,338566,1487,9.8,11241203758,5396059424.0,2190.71,28.5,402.5
6,4,1649,6,1,3,3,284587,788,7.3,5156318018,\N,3740.68,43.4,3.8
10,7,106,8,7,4,2,339847,1084,9.7,11887236335,3296124753.0,3888.15,27.7,450.9
9,6,1723,3,3,3,8,349370,460,7.8,8684849082,5802413936.0,2038.01,24.5,408.7
1,1,1695,4,3,3,5,258541,636,8.8,3749464998,2824117762.0,503.14,27.4,471.7
4,7,1734,2,7,4,1,75997,187,9.8,1635516237,729484871.0,3066.96,28.8,710.1
9,2,382,8,1,3,2,216747,343,8.8,6530847206,4389903519.0,1431.58,44.5,2.9
4,3,261,1,1,4,7,35862,57,8.3,476247360,118966770.0,625.23,47.5,6.6
10,2,1823,4,1,3,2,256390,595,8.2,3536233436,2771914664.0,1608.46,36.0,28.9
3,6,1317,5,3,3,5,149188,327,6.2,1961852037,466795858.0,2922.75,15.8,209.9
9,2,1359,1,1,3,8,5467,6,8.0,159986288,100646425.0,4546.94,43.9,6.3
2,2,820,3,1,3,3,42034,80,7.8,1076709316,787466943.0,1116.77,45.8,23.0
4,3,709,7,1,4,8,16965,44,8.5,228416760,103586238.0,3831.49,48.4,6.2
6,3,907,5,1,4,2,451322,1421,9.9,14431923594,4170096498.0,4318.28,47.5,9.9
2,8,663,1,5,2,6,389362,385,4.6,3008989536,1438123446.0,782.44,-0.9,42.4
8,3,1320,8,1,4,8,388494,1102,8.1,7149532780,5400466353.0,77.52,40.8,3.8
8,7,463,8,7,4,8,376346,688,8.3,9930152652,5461910816.0,4729.49,22.0,411.4
1,8,585,5,5,2,8,369425,199,5.0,4697238875,1676590906.0,536.5,1.5,22.3
3,3,943,3,1,4,2,123402,487,9.8,1961548831,561177531.0,848.7,41.7,18.6
10,2,158,8,1,3,4,389191,825,7.9,11366829103,2441141885.0,2068.64,39.3,27.5
9,5,1851,8,4,4,5,78218,341,8.9,1172300096,617197386.0,1510.43,25.8,794.8
5,5,1327,4,4,4,4,20429,26,8.4,264441147,192668944.0,4907.88,23.1,591.7
6,8,2107,7,5,2,5,113123,128,4.3,1420372388,1104086375.0,4136.98,4.2,3.8
4,3,1382,5,1,4,5,285474,883,9.3,5609821026,1399816356.0,3262.5,43.1,12.3
10,7,704,4,7,4,4,217793,586,8.7,4547517840,1370351809.0,180.89,26.5,655.1
2,4,648,7,1,3,7,444323,675,7.6,10167709802,\N,1248.36,43.1,4.5
8,1,146,3,3,3,3,16978,56,7.1,451798162,304075006.0,1006.33,23.7,636.0
6,6,1376,7,3,3,3,117710,266,7.4,1913705638,784374637.0,1341.19,18.5,512.0
5,7,1824,3,7,4,5,65586,284,9.9,2121267673,825517428.0,4749.22,29.1,\N
9,4,245,8,1,3,7,358251,1029,7.2,5777872128,2596739268.0,2062.89,43.7,9.3
1,6,1584,5,3,3,7,492156,1023,7.9,6866265218,2667816399.0,4376.23,26.6,\N
5,4,868,5,1,3,4,129674,334,7.0,2433591958,1515594916.0,2391.61,32.5,\N
6,4,2148,3,1,3,2,444905,400,6.1,4391123369,2203810481.0,3335.07,44.4,5.8
5,8,480,5,5,2,5,278632,711,5.3,3192732635,1834912999.0,4710.1,4.3,76.3
6,5,1936,8,4,4,6,359602,1175,9.4,6976854163,2976543897.0,2932.26,25.9,599.5
6,1,1966,5,3,3,5,273085,305,7.7,8045138717,2925692950.0,1815.38,22.8,284.4
7,4,1662,5,1,3,1,226722,722,7.4,3912496209,858921127.0,2390.28,37.3,5.2
4,3,88,6,1,4,3,16109,61,9.2,262911767,92523333.0,2370.24,40.2,\N
8,6,1241,5,3,3,4,135242,217,6.2,2477768682,689826006.0,4010.11,21.9,264.5
7,7,573,1,7,4,2,75573,112,9.5,1969319020,932846160.0,1711.86,25.6,758.6
9,5,814,3,4,4,6,21528,45,8.3,652548124,324022808.0,262.6,29.4,477.4
7,6,179,3,3,3,7,445552,1166,7.6,8692363078,1906690180.0,3381.96,22.4,333.1
3,8,1726,2,5,2,2,337371,978,6.5,7690540630,5860649907.0,4282.68,2.6,18.0
3,3,163,4,1,4,6,245209,453,9.1,4996108854,3538999159.0,2531.35,49.1,3.7
8,3,1006,2,1,4,5,224921,529,9.2,6044347017,3466616051.0,742.84,48.5,17.3
5,4,203,5,1,3,8,402932,1457,7.5,11897574630,8895905019.0,767.61,38.0,0.5
4,3,47,5,1,4,8,407971,1634,9.6,15619088140,10016278433.0,4465.89,41.8,17.7
8,1,463,8,3,3,2,153413,373,7.9,2228799405,568263147.0,412.18,29.9,495.7
6,8,408,8,5,2,2,144150,223,5.9,1558088520,491243529.0,2539.35,-0.4,3.2
2,3,1218,7,1,4,5,414266,1322,8.6,12031196025,3618557331.0,1686.86,49.5,9.5
4,4,930,1,1,3,3,70239,225,7.4,1776569074,425431665.0,1412.25,40.2,7.1
4,6,317,1,3,3,1,49117,54,7.6,577105103,152992340.0,902.4,27.5,248.8
6,8,1503,1,5,2,3,379977,1128,6.3,8474247054,6178239348.0,1533.67,-3.8,56.2
6,3,421,1,1,4,3,194216,283,8.4,5767049904,3627514574.0,3592.93,44.0,14.4
1,5,1293,1,4,4,1,249356,795,8.3,7241722145,5689866526.0,3008.18,22.4,389.0
8,8,1735,1,5,2,8,428317,413,6.2,5098685568,2878614020.0,459.09,\N,21.7
6,8,1760,1,5,2,5,261770,243,6.5,5427800950,2139238789.0,3781.55,7.5,76.4
3,7,263,1,7,4,3,268028,395,8.6,4640047130,1813878383.0,1804.78,28.4,571.9
9,5,1450,7,4,4,4,232126,228,8.6,7951197578,4876211313.0,1125.27,27.5,638.6
2,5,1716,6,4,4,4,348198,1331,8.1,5705676887,1672515922.0,4096.38,22.4,572.6
8,6,428,1,3,3,1,223182,256,7.8,3211812161,1292404328.0,3197.79,25.2,248.6
10,2,397,3,1,3,4,334299,1071,7.7,7089077734,\N,3625.84,42.1,19.2
3,7,1240,1,7,4,8,456399,1727,9.6,11974449283,9212875689.0,1563.22,26.5,526.9
5,5,796,4,4,4,5,476204,1660,9.4,13424476482,\N,3757.04,26.2,618.4
6,5,107,1,4,4,2,366149,1504,8.7,10579033212,4931115888.0,1413.28,26.1,619.6
10,2,98,6,1,3,8,160407,668,8.5,3640436865,1154693591.0,3416.27,42.1,23.6
6,6,1904,7,3,3,5,284053,266,7.6,6951345015,5481564274.0,1129.56,18.1,481.8
4,7,1281,8,7,4,1,18176,74,8.9,618109414,242131656.0,3187.64,21.4,421.1
3,5,43,8,4,4,2,161450,160,9.8,2563180200,1373109807.0,2309.64,25.2,349.4
4,4,1578,5,1,3,4,194977,554,7.5,5045029875,2086869557.0,824.32,30.5,3.3
1,6,95,6,3,3,3,135847,259,7.2,3900656419,1150143601.0,2989.42,15.5,288.4
4,7,1970,6,7,4,7,491985,502,8.8,12875837832,7641741483.0,106.79,24.7,443.9
1,5,1790,5,4,4,8,139535,379,9.1,2647467322,2006019976.0,3465.88,26.0,649.6
1,5,188,1,4,4,4,199753,429,8.4,5980125412,2079608735.0,4728.13,28.9,680.1
10,2,385,7,1,3,5,107467,186,8.0,2505270704,1220408615.0,4485.61,43.1,5.7
6,7,819,7,7,4,5,204945,351,8.9,6214403773,4201222053.0,4877.67,27.2,750.6
5,4,1149,1,1,3,7,343584,923,6.8,4399386969,1145279639.0,2219.21,33.9,0.2
4,6,1697,5,3,3,8,61465,92,7.6,1534068056,1007966748.0,4156.03,22.7,316.8
3,3,2135,4,1,4,1,222215,476,8.9,3031834795,1971763609.0,751.21,48.4,8.4
1,1,226,2,3,3,3,108985,334,7.5,1924130175,1191588487.0,134.26,20.1,320.7
6,4,1681,3,1,3,3,443476,1001,7.2,10533796732,6250934192.0,835.38,36.2,9.7
2,3,1898,5,1,4,2,490402,2091,9.6,7155945984,1465926661.0,2245.13,44.2,4.4
8,4,518,1,1,3,8,73561,222,7.2,1499938214,1038976657.0,855.47,39.6,4.1
10,7,1733,3,7,4,2,435758,444,8.1,6794556615,3273179591.0,2298.22,25.8,690.2
5,3,296,8,1,4,5,58818,165,8.2,1902703482,1282678706.0,1216.93,49.0,17.0
7,7,414,8,7,4,1,157122,267,9.5,2658425679,653253156.0,1120.01,26.4,648.4
10,3,1861,1,1,4,7,37587,60,9.9,1118566567,371501139.0,4601.49,44.0,19.6
2,4,1996,2,1,3,5,127361,232,6.4,1499803136,768690659.0,2624.87,31.4,\N
8,2,2183,2,1,3,6,7453,21,7.2,170053610,58950690.0,3389.12,39.1,14.3
2,4,2029,5,1,3,8,94766,273,6.3,1270470902,632815542.0,2023.93,40.7,5.7
4,7,4,3,7,4,3,366075,1554,9.8,11325847995,4937606574.0,867.31,26.8,722.0
1,4,178,6,1,3,3,247767,952,7.8,4875905899,1356793165.0,3585.36,33.2,\N
5,8,746,7,5,2,5,415020,303,4.8,4362690240,1028635432.0,2245.6,-1.1,\N
9,8,259,7,5,2,7,357257,345,4.1,4019284152,1800842260.0,4214.95,6.4,64.7
1,3,652,3,1,4,3,39239,54,8.3,909960257,370629042.0,454.38,43.1,2.5
9,8,1819,8,5,2,8,487371,668,5.2,5177634555,2514510707.0,1948.65,7.2,\N
8,1,1387,6,3,3,7,128520,375,8.4,3408196176,1315004684.0,848.24,29.6,420.0
6,3,1297,8,1,4,8,107379,470,9.2,1707068390,1025857670.0,3485.85,43.6,6.4
7,8,290,2,5,2,2,25487,15,5.7,338783398,244387543.0,1720.04,8.0,47.5
3,5,803,1,4,4,3,118564,515,9.6,4126027199,2487931610.0,2110.58,28.6,774.3
1,4,2022,7,1,3,2,268682,740,6.2,3359975882,2557650497.0,1780.04,36.1,8.2
5,6,234,6,3,3,4,3275,8,8.0,104171200,\N,4211.65,20.7,244.7
2,4,408,6,1,3,7,401193,703,7.9,5020368724,1335740870.0,2839.8,30.7,9.1
5,8,694,5,5,2,1,334554,395,5.5,5389497663,1786365288.0,3557.23,-0.6,76.0
8,2,1170,4,1,3,1,68319,237,7.9,1224624906,859945880.0,3717.76,47.2,14.6
9,7,562,2,7,4,3,17546,46,9.8,402364872,175976228.0,3550.94,27.5,516.8
2,6,432,6,3,3,8,473143,1069,6.1,5596288089,2078824203.0,4725.51,26.0,254.0
3,3,1569,8,1,4,1,414241,1674,8.2,12782068840,3989353910.0,3279.0,47.1,7.0
3,2,983,8,1,3,6,381367,1081,7.6,8744440216,4433435992.0,3262.05,46.6,29.8
1,4,1435,2,1,3,4,41681,68,7.1,591574264,430596583.0,4056.65,32.8,8.6
8,8,897,8,5,2,8,132323,339,5.7,1428532643,961187447.0,131.02,9.8,51.0
6,3,778,5,1,4,3,408207,1650,8.8,12141709008,2453279333.0,338.44,49.3,16.0
8,3,223,1,1,4,2,421458,1656,9.7,13683013282,6952250217.0,1279.45,40.1,15.0
9,5,1772,3,4,4,4,49236,230,9.7,1268954504,704111513.0,948.72,23.7,747.6
5,5,1689,2,4,4,7,193829,727,8.8,5650968197,2920884993.0,808.42,22.2,664.3
3,8,468,5,5,2,6,364102,408,5.8,5777861817,4187216700.0,2785.21,-4.2,26.5
5,8,1346,5,5,2,4,313064,778,5.5,3020128408,1880005645.0,1020.32,-0.4,63.0
5,1,412,5,3,3,1,498738,839,7.9,8203142876,6226221279.0,4834.3,18.4,502.3
5,5,626,7,4,4,6,315901,1469,9.6,7621048444,4551714589.0,960.13,23.2,520.9
3,7,1276,8,7,4,8,43596,143,10.0,953444520,674031568.0,874.3,21.1,523.3
10,6,1012,7,3,3,2,352408,1003,7.0,9438191056,3099580915.0,2886.64,20.4,532.0
4,3,1678,7,1,4,5,425344,1774,9.5,12178874752,2662872556.0,946.83,42.3,1.7
9,5,802,3,4,4,4,215865,1013,9.8,8074775709,5448695795.0,3343.04,28.3,789.7
10,8,1893,7,5,2,1,76561,36,4.5,854420760,381935490.0,4299.26,-2.7,52.6
9,1,1561,2,3,3,7,25290,36,8.0,689506560,259979858.0,2207.11,22.4,399.8
2,8,1392,6,5,2,7,116183,122,6.0,1800604134,393778099.0,1781.86,7.5,70.8
8,8,255,5,5,2,4,469315,326,4.3,5204562555,3265633752.0,3463.42,4.5,73.8
8,8,1487,3,5,2,8,161339,331,4.4,2382396209,1233255666.0,4038.02,0.9,\N
7,4,2174,7,1,3,2,267971,557,7.9,6738318374,3948145426.0,1549.14,40.1,1.9
8,6,1417,1,3,3,8,380542,540,6.7,8752884596,2349157113.0,4066.9,21.9,388.6
3,5,762,4,4,4,7,229609,232,9.2,4636724146,3620021656.0,3845.24,25.6,\N
6,3,1358,2,1,4,8,231540,555,8.5,5185917150,3130154720.0,2440.3,42.4,13.7
1,4,565,3,1,3,2,189897,462,6.9,5052475540,2369719927.0,2317.16,41.6,5.5
7,8,1392,4,5,2,3,181125,341,5.2,1723585500,917269329.0,568.03,4.8,69.7
1,7,1579,4,7,4,8,369751,866,8.7,6671713093,2784786491.0,484.01,26.9,581.6
9,3,1091,7,1,4,5,383998,1513,8.8,6650230963,1694201025.0,3752.02,48.4,11.0
1,4,1619,3,1,3,5,326471,894,7.3,6429976933,\N,2945.93,33.0,\N
1,7,400,8,7,4,1,57725,56,8.6,932801365,324142219.0,2471.29,27.2,618.0
7,7,287,6,7,4,5,189821,479,9.3,4137945943,2796621870.0,277.78,27.2,443.2
2,6,1540,6,3,3,2,275288,817,7.5,7242827280,4684474996.0,326.61,27.7,525.8
5,3,237,3,1,4,5,424813,2096,10.0,10017090540,6292740412.0,4608.03,44.4,0.3
8,5,815,3,4,4,1,79663,88,9.4,1762750998,364093697.0,3321.26,34.0,549.1
8,5,928,5,4,4,4,354661,524,8.1,8882555677,5169497247.0,1960.54,29.3,645.0
3,1,414,1,3,3,5,499849,489,7.5,14062001992,6065868422.0,3515.25,30.0,601.2
7,4,1956,6,1,3,5,490046,780,6.7,5860705137,4510386028.0,1326.86,38.1,4.7
3,1,2057,5,3,3,8,489046,1814,8.0,12147902640,9470988068.0,2075.88,23.3,506.1
6,2,420,8,1,3,7,389884,843,7.1,5990333729,3300629414.0,2335.76,45.9,3.6
6,5,29,4,4,4,2,425346,1867,9.3,11617943178,7479207473.0,202.38,28.6,533.7
3,4,661,4,1,3,2,253417,335,7.6,4811071061,3434428034.0,4964.12,34.4,0.9
7,6,450,4,3,3,7,71910,255,7.9,2013875505,996802273.0,1939.22,20.7,254.4
3,1,380,3,3,3,4,258547,314,8.6,4071236190,2063843830.0,4837.51,29.3,323.2
8,6,1251,8,3,3,7,263750,606,6.8,3721512500,2433561046.0,3256.89,\N,319.4
10,6,356,2,3,3,6,375064,544,6.4,3763842252,2797284051.0,4649.4,27.5,333.6
4,8,1697,5,5,2,6,211001,454,4.9,2614745492,1955773142.0,318.8,2.0,49.2
1,8,727,2,5,2,3,139991,202,6.8,2834873746,2032390892.0,4805.9,6.6,48.5
4,6,1468,7,3,3,5,229535,784,7.8,4749859569,1414726241.0,2064.91,19.2,465.6
7,1,810,1,3,3,2,117176,216,8.1,3424445164,2065809809.0,726.83,18.1,472.6
4,8,1904,1,5,2,3,318973,195,4.3,2983194982,2360087307.0,3372.28,\N,23.3
6,2,416,5,1,3,5,41408,132,7.1,644146988,366955714.0,3824.94,46.2,15.3
9,7,600,4,7,4,5,301431,367,8.6,7017373966,3771659107.0,3265.69,24.1,491.6
1,7,1340,7,7,4,8,448555,1342,8.5,5902086690,4585616050.0,2723.35,28.2,\N
5,8,79,6,5,2,3,389531,592,5.0,5973457885,4635149220.0,4091.13,7.2,15.4
7,1,1568,8,3,3,2,414740,1320,7.8,11904696960,2880857507.0,3446.21,18.4,680.7
1,7,1095,1,7,4,4,352999,1091,8.2,4391095760,2732667119.0,3111.78,21.7,655.9
4,3,1221,2,1,4,6,370389,1243,9.2,8113445122,4485963007.0,1618.41,49.0,1.2
6,7,58,2,7,4,5,23255,50,8.2,388056184,293758037.0,4393.08,28.9,523.8
2,5,1448,6,4,4,7,449256,1401,8.6,13074427814,8701805092.0,3474.6,28.0,595.4
10,1,1493,3,3,3,1,246703,561,9.0,7740059922,4390080775.0,4502.46,21.9,537.1
5,8,2096,4,5,2,1,491912,915,6.6,9337276819,4899904930.0,3050.35,1.4,35.5
10,8,1459,3,5,2,1,173146,148,5.4,2744190954,1857217483.0,4009.28,\N,26.3
1,7,1209,5,7,4,7,28856,39,8.2,454072244,180905208.0,4427.96,\N,855.3
6,1,839,1,3,3,4,114026,489,8.8,2703237187,1600812610.0,2731.1,28.8,\N
6,2,1751,6,1,3,6,497952,1665,7.7,6192282096,4503741360.0,3589.53,36.1,16.4
4,3,1355,6,1,4,5,247084,854,8.1,7579227574,3055135692.0,2903.65,41.7,10.8
8,8,1145,6,5,2,2,77760,66,6.9,1642361184,766397743.0,3617.04,-0.4,41.8
4,1,213,3,3,3,2,271771,525,8.1,5895202177,1704986653.0,2638.16,24.2,390.1
8,8,507,8,5,2,8,436420,469,6.7,7812965408,5055670655.0,4010.18,-4.3,65.3
8,8,1570,3,5,2,7,340849,389,4.1,3261720420,1294013469.0,4046.22,-4.4,16.5
5,5,1733,5,4,4,6,491187,1523,8.0,14747398488,6517976204.0,280.24,33.7,309.1
4,7,1245,2,7,4,4,142450,392,9.9,2891022750,1952303784.0,1058.02,25.7,493.3
2,5,1016,2,4,4,6,435197,1729,8.9,6034528641,2197210828.0,1007.89,32.6,407.1
3,7,1144,7,7,4,5,234813,688,8.9,6798235532,5050121073.0,1645.96,28.4,408.7
3,8,1271,5,5,2,8,63541,80,5.0,780283480,537770141.0,2408.0,1.9,74.9
4,1,1933,8,3,3,3,459097,751,7.6,10355759209,2148530474.0,3688.4,20.5,\N
4,6,773,6,3,3,3,362824,770,6.9,6463999819,3474957050.0,1537.71,25.6,473.8
10,7,1530,2,7,4,5,496052,1780,8.2,6491931734,4565609028.0,3273.54,28.6,695.9
5,6,1082,5,3,3,5,264849,887,7.4,5454353275,2028332665.0,4312.99,23.8,305.5
4,3,1152,2,1,4,2,327411,363,9.0,11153255715,4797378284.0,2265.15,45.2,15.0
10,5,1723,8,4,4,4,24901,50,8.6,434079212,245860767.0,3303.69,33.5,482.2
8,6,717,7,3,3,8,33814,71,6.6,353951426,161663727.0,4245.96,17.9,416.5
6,5,2134,5,4,4,4,437229,1593,9.0,8861757372,\N,3638.27,31.4,421.7
6,7,104,2,7,4,8,126248,185,8.1,1952160199,1231061024.0,561.96,26.2,640.4
8,7,2191,6,7,4,6,221850,701,9.4,5365708470,3541560994.0,800.96,\N,821.5
7,3,205,8,1,4,8,68105,170,9.9,1366009227,651011051.0,456.85,49.9,5.8
10,7,1387,3,7,4,8,55862,109,8.7,920968862,450493587.0,1447.17,24.3,436.8
10,8,1645,8,5,2,7,56505,99,5.0,513065400,376077493.0,69.67,-2.0,22.8
8,3,1333,3,1,4,7,97367,116,8.6,1398384854,985572713.0,3067.83,43.1,0.7
2,6,2049,8,3,3,2,161091,164,6.0,3798525780,\N,181.33,22.7,510.6
9,7,2059,7,7,4,1,475223,850,8.2,14862504280,11606851784.0,2271.45,21.0,711.6
1,1,1850,6,3,3,3,351294,708,8.4,9369010980,2335116738.0,2493.69,18.2,391.9
8,4,747,2,1,3,5,183659,301,7.0,4876330109,1001959463.0,3245.03,42.8,\N
4,2,1664,6,1,3,6,295428,1171,8.6,4275965786,2372222214.0,1234.78,41.8,13.4
4,8,1238,5,5,2,3,486534,1056,6.8,8836819735,6375650746.0,4345.53,4.3,11.6
5,4,2019,3,1,3,3,265453,653,6.7,3823850465,1821753050.0,2545.93,32.8,1.7
8,4,956,1,1,3,6,242418,736,6.2,4358675640,3439892382.0,3466.21,35.6,0.8
5,5,518,7,4,4,4,356015,1433,9.9,9604394662,4209501979.0,1763.3,34.6,359.5
8,8,1439,2,5,2,2,271163,345,5.2,2553596203,1482058404.0,1371.6,5.4,17.4
10,8,1032,1,5,2,1,249711,382,5.9,5215463946,2047215789.0,2940.92,-1.5,18.7
1,3,2053,1,1,4,1,436673,1018,9.1,8984590642,6151040253.0,4481.46,43.4,17.0
10,5,2160,8,4,4,8,418637,948,9.2,14643252440,8600735388.0,3600.38,25.4,317.3
9,6,273,7,3,3,6,457443,959,7.1,11617542638,4451052199.0,3509.08,27.2,402.5
6,2,422,4,1,3,6,235468,259,8.0,6005375872,4791479555.0,2494.85,38.5,19.7
3,6,1482,1,3,3,8,461606,578,6.5,11788724831,5812592422.0,84.28,24.3,248.3
8,1,782,1,3,3,2,144035,346,8.6,2585168987,2009340705.0,4399.43,27.9,685.1
9,2,1245,6,1,3,3,146220,485,8.8,4968087696,2236405670.0,1243.61,40.8,2.2
6,5,2073,4,4,4,2,343421,553,8.8,5672490709,3701460434.0,2396.74,32.5,780.2
7,7,976,4,7,4,7,369683,702,9.8,9310836038,6463320531.0,1004.75,26.9,479.4
1,7,1744,4,7,4,2,191298,450,9.3,3348212374,1634368966.0,4079.1,27.0,761.0
5,5,417,7,4,4,7,85870,258,9.4,1693459444,1327074531.0,216.67,31.4,\N
5,6,215,5,3,3,5,413805,1102,6.5,7805603715,\N,3299.02,20.1,334.1
10,5,1136,4,4,4,8,310583,928,8.6,7492193708,3870275274.0,290.58,33.2,\N
4,5,914,6,4,4,5,434191,496,9.2,12782583040,8481085040.0,4595.24,23.4,512.7
6,4,1583,5,1,3,3,236919,205,6.2,3222761773,2207773540.0,322.01,30.2,5.2
7,1,2025,2,3,3,4,134320,221,7.8,1693076736,898292371.0,4454.45,27.8,551.9
9,8,428,5,5,2,1,436032,767,6.7,8863571289,3601042889.0,1297.83,-1.7,30.7
1,7,733,2,7,4,5,218751,563,8.1,5843670463,2220142402.0,3283.22,\N,859.4
6,4,413,4,1,3,3,248066,460,6.3,5866810513,3087862291.0,3202.8,30.6,2.0
7,5,1626,4,4,4,6,96016,140,9.6,2370750259,605540128.0,4265.95,34.1,422.3
3,3,232,2,1,4,2,173898,324,8.8,4408801214,1631664337.0,2044.04,43.2,3.0
8,4,835,3,1,3,7,203520,579,6.3,4536338688,3352955850.0,2669.51,31.5,6.0
5,5,258,6,4,4,5,93465,311,9.8,3317596254,2436672474.0,1957.44,29.3,418.0
9,7,1280,5,7,4,2,74413,265,8.0,1815677200,861739615.0,3294.51,22.2,633.8
5,8,403,6,5,2,2,381537,647,6.5,4764061750,2792209540.0,1587.74,-3.2,12.9
9,5,770,6,4,4,5,156914,446,8.4,3933143558,1022295120.0,3218.93,30.1,320.0
10,1,65,1,3,3,7,320022,278,7.4,4040085736,1722604909.0,3778.9,28.4,388.0
4,6,950,4,3,3,3,303515,592,7.0,4780361250,3039145856.0,693.17,25.4,358.6
9,2,173,5,1,3,6,495935,1885,8.4,8981581224,6915721327.0,1929.6,44.2,27.2
5,4,1251,6,1,3,7,464593,587,7.1,6699477519,4349979624.0,223.4,35.9,9.6
10,4,1412,5,1,3,1,59489,72,7.0,962353553,216360502.0,500.1,43.5,8.9
9,4,638,6,1,3,3,41208,113,6.4,727370649,338341970.0,286.88,33.1,3.7
3,5,949,4,4,4,4,290805,706,8.3,5604568443,3042369332.0,3542.09,24.1,747.5
4,8,2101,6,5,2,7,104669,77,5.4,1522117531,654816233.0,4900.4,9.6,22.2
9,1,1695,2,3,3,7,148753,492,8.2,3245820210,937177074.0,3077.21,20.2,418.0
10,8,752,4,5,2,7,155222,186,4.2,2423884663,1041719543.0,1730.01,8.7,75.4
6,5,662,5,4,4,4,253034,871,8.3,8173909122,4169863219.0,3873.18,28.9,368.0
2,5,2187,7,4,4,1,193021,463,10.0,3899024200,832917381.0,2565.02,32.7,463.1
7,6,143,3,3,3,7,479292,1360,6.1,9425948188,3409813931.0,735.61,25.4,418.8
2,3,1906,6,1,4,6,285380,1117,9.7,5170971448,3933519874.0,4486.55,40.7,12.1
2,1,486,2,3,3,7,75887,171,7.8,1715380102,1122750440.0,673.67,24.2,642.6
1,4,992,4,1,3,8,295449,1054,7.3,6748557423,4176666437.0,4883.83,43.8,8.9
3,2,1461,1,1,3,4,231854,474,7.2,2901328214,1857682426.0,1841.71,46.7,16.1
6,4,293,7,1,3,2,14929,48,7.4,383678285,221275400.0,3648.64,41.1,6.4
8,8,1644,7,5,2,4,147164,219,7.0,2144768136,841532303.0,4798.86,-4.4,8.1
9,5,838,4,4,4,8,320874,1281,9.3,5947367502,2269831692.0,2987.65,32.0,534.0
7,1,1038,8,3,3,8,325270,973,8.7,7153858272,4669820894.0,4880.32,28.0,659.3
4,7,1751,7,7,4,5,490810,1655,9.6,13329614304,6476293076.0,937.33,\N,855.3
6,1,272,5,3,3,8,64639,129,8.5,1596647939,991073160.0,332.3,18.9,296.3
5,1,1049,5,3,3,7,490213,1247,8.5,14429664761,4105012537.0,3240.43,28.2,449.3
8,3,1959,1,1,4,2,175261,354,8.8,5125052266,2727475679.0,566.26,47.5,9.5
1,4,806,2,1,3,7,236117,444,6.4,4006055468,2861924168.0,2552.05,31.1,9.8
1,3,1705,5,1,4,3,426404,1067,9.0,10139034312,3282624894.0,3896.95,41.5,1.6
6,7,1890,2,7,4,6,200562,821,8.4,6075103204,1262220699.0,4137.3,20.7,838.8
10,7,883,2,7,4,1,234550,251,8.1,5912348760,4309916283.0,2838.49,29.2,828.9
2,6,832,4,3,3,5,102164,286,6.3,1889063441,801202209.0,2352.26,22.5,272.9
5,8,1113,2,5,2,8,322651,240,5.4,3273810636,2097741785.0,504.35,2.7,\N
1,2,2192,6,1,3,5,479872,977,7.3,7107720102,3178818447.0,3415.86,35.7,14.1
7,6,2041,8,3,3,1,103102,131,7.3,2808117002,1156769517.0,3740.3,16.5,\N
1,5,1106,5,4,4,4,47067,144,8.2,1322262644,996813207.0,1981.69,\N,591.1
4,3,1595,5,1,4,1,3975,11,8.3,112966320,75483395.0,2713.7,44.9,4.6
9,3,1627,3,1,4,1,391634,662,8.6,6894403262,2713814054.0,1305.51,49.6,7.0
1,6,1890,7,3,3,4,367508,738,7.2,6040949500,1638580184.0,1970.68,27.6,501.7
4,5,1805,2,4,4,7,53029,128,9.6,882232867,300316491.0,2992.29,24.6,612.3
6,1,1221,3,3,3,3,284069,524,7.2,4356482184,1469445323.0,3805.3,28.4,639.6
6,5,274,4,4,4,6,477820,562,8.9,14344013054,7467490096.0,345.83,25.6,540.5
8,4,590,3,1,3,1,439546,564,6.8,4573036584,1674584258.0,2494.21,37.3,9.4
1,6,583,7,3,3,4,316796,481,6.9,3702901725,2547864670.0,402.45,25.6,390.6
7,8,968,2,5,2,8,177245,204,4.9,1967153632,1008690702.0,4510.05,9.2,23.9
1,5,1991,8,4,4,5,357773,754,9.2,12797397100,5757909779.0,3222.27,33.0,523.2
7,1,1259,7,3,3,1,237173,896,8.1,7184918861,3075506496.0,2426.05,18.8,485.7
3,5,1311,5,4,4,8,243960,240,9.7,7077938292,\N,257.3,30.1,342.5
8,3,572,8,1,4,8,420964,807,9.2,9469164216,5212068577.0,2664.46,44.2,5.9
3,2,545,4,1,3,8,15669,32,7.6,445971078,280532424.0,3164.12,42.1,5.6
1,3,1461,2,1,4,6,247399,737,8.9,7702075147,5669313014.0,2133.89,46.9,4.2
8,8,127,8,5,2,7,70269,227,6.5,1314522183,447095974.0,1485.52,\N,2.0
3,7,733,8,7,4,8,2962,7,9.2,59433122,42335599.0,4793.57,28.7,760.2
2,2,417,8,1,3,7,282260,315,8.6,7821198792,3792921637.0,1073.17,41.0,20.0
1,7,638,8,7,4,1,44127,94,8.6,1384387545,953756853.0,4852.63,22.3,854.9
3,5,41,8,4,4,7,221931,889,9.8,7188123159,2508575215.0,113.19,22.2,644.6
2,4,787,8,1,3,3,24930,81,7.9,778728438,314189232.0,2622.65,43.0,1.9
2,8,297,4,5,2,3,294521,612,4.8,3257166643,654420399.0,1777.02,\N,52.2
6,5,1621,1,4,4,5,115713,324,9.1,2319733224,761507932.0,1426.32,27.4,567.7
1,1,42,8,3,3,3,96321,232,7.4,1665043334,887606241.0,1795.89,25.0,365.2
2,5,33,2,4,4,7,294658,534,8.6,4723485603,2993795585.0,3098.01,34.7,361.4
6,2,1300,1,1,3,6,185044,370,8.1,4567015450,1238521753.0,2087.57,47.6,21.7
3,3,616,8,1,4,5,124524,299,9.5,3236627808,1943015386.0,936.88,40.1,17.4
4,4,948,3,1,3,7,87250,179,6.5,1276598375,709398255.0,3148.98,31.5,8.1
1,7,1548,2,7,4,1,29892,116,8.9,707397169,446497582.0,4747.26,28.1,821.4
8,5,160,1,4,4,4,237982,263,9.1,6979845472,3985219410.0,4898.07,23.0,580.0
7,5,1953,6,4,4,3,99266,438,9.4,3494460998,2600626296.0,4116.33,32.5,346.3
7,3,1732,5,1,4,5,413063,1599,8.6,6031876376,4659701271.0,942.42,48.4,10.6
3,4,1843,3,1,3,3,121571,296,7.8,1628151774,\N,1045.28,33.7,3.1
10,6,1798,2,3,3,3,373256,840,6.1,6980857665,4470585233.0,103.88,24.1,465.9
10,7,1733,2,7,4,8,326579,1166,8.4,10630146450,6310609155.0,4015.8,26.1,829.8
3,5,581,5,4,4,2,203024,773,9.1,7026112475,3838703458.0,889.88,25.4,787.6
2,5,220,5,4,4,1,338350,991,8.5,7431519400,2404942110.0,4761.48,31.2,468.9
1,6,379,7,3,3,3,78771,277,7.3,1009174666,298620735.0,2285.36,15.7,282.8
7,7,1750,8,7,4,8,294992,1065,8.2,9612845305,4836876784.0,276.75,23.1,476.2
7,2,1471,1,1,3,4,289183,250,7.8,3715018327,1322065216.0,3234.16,46.2,14.5
2,2,964,1,1,3,6,275186,785,8.8,6296255680,3391157503.0,596.6,37.5,\N
7,8,1170,1,5,2,2,255637,183,6.3,4275912280,1816991629.0,3301.77,0.9,5.5
8,8,233,7,5,2,8,361250,585,6.2,5274611250,1700416505.0,3426.46,-1.5,56.9
1,1,1395,8,3,3,8,153839,141,7.3,4060857315,1218323409.0,297.22,\N,347.8
9,3,922,4,1,4,5,132348,358,9.9,2337477436,672339008.0,4395.35,43.2,13.7
7,4,367,3,1,3,5,437935,704,7.2,11433256632,2491999228.0,1963.62,40.1,9.8
3,5,481,8,4,4,4,394339,1577,8.7,10679922570,8250117237.0,1644.69,34.5,662.0
8,7,1597,2,7,4,4,194065,766,8.8,5937923244,4535246674.0,3297.68,26.8,487.7
7,5,1119,3,4,4,6,258308,549,9.7,8408751985,1774770025.0,4682.08,26.5,698.4
8,8,1866,5,5,2,1,493479,709,4.2,6945322141,3542236886.0,4853.17,6.4,67.2
6,1,2035,8,3,3,4,282414,496,8.5,7513624470,\N,4166.67,28.0,348.2
9,7,216,6,7,4,5,105834,229,9.6,3573294508,2730288112.0,3857.85,24.8,523.4
5,7,725,3,7,4,1,277367,327,9.0,8267755536,6359095735.0,2746.26,\N,895.1
3,5,1840,3,4,4,4,169115,707,9.8,4633886292,1353823807.0,2720.56,27.5,581.0
3,3,712,1,1,4,4,484307,523,9.5,8419677195,5977358259.0,3072.69,\N,5.0
1,1,1888,5,3,3,7,31827,55,8.0,800258088,452462661.0,4916.93,23.2,473.5
8,3,1826,3,1,4,5,193146,347,8.6,3006510635,1319302976.0,216.86,48.0,4.4
2,1,985,2,3,3,1,427545,999,7.5,7022426625,4211153163.0,2382.95,23.6,299.0
3,5,1159,1,4,4,2,295699,540,9.2,4475108666,3529017333.0,1095.96,32.3,566.5
8,1,1107,7,3,3,2,30264,57,7.7,407807400,267604544.0,3053.91,22.0,520.4
8,2,391,3,1,3,6,376029,724,8.9,11040625071,4371637033.0,2940.65,38.6,10.7
4,7,1071,5,7,4,1,482870,715,9.6,8422797984,5922689820.0,4679.99,25.8,617.3
4,4,392,8,1,3,4,315435,470,6.6,6741098298,4895761750.0,1770.49,31.6,5.6
5,5,385,6,4,4,8,41223,155,9.4,978427905,439122184.0,3898.75,26.6,\N
6,6,1283,8,3,3,4,416435,1245,6.6,4581701157,3363766967.0,3638.18,26.1,599.2
5,4,934,8,1,3,1,362091,553,6.8,5983191684,1588398841.0,2225.72,34.9,9.9
7,5,1971,2,4,4,8,498564,814,9.6,17340454771,5408190832.0,2658.77,29.1,648.4
2,4,399,6,1,3,2,206723,636,6.2,4733253841,1469762611.0,2334.66,38.2,2.5
7,2,2148,5,1,3,8,278526,774,7.4,7955816664,3273643918.0,4679.22,45.1,2.6
10,4,383,5,1,3,8,341376,1070,7.7,7746470054,6167682795.0,605.3,33.1,0.3
7,1,2058,5,3,3,6,445953,757,8.6,13446196474,7072249999.0,2978.88,27.7,371.5
1,8,1431,6,5,2,7,237589,356,5.5,4718636334,2852731293.0,1948.92,0.6,6.8
7,4,1914,4,1,3,7,211017,497,6.5,5395915707,2072419590.0,520.47,34.0,1.0
5,5,2145,2,4,4,3,27592,48,9.2,864093145,638269675.0,1258.53,25.5,579.1
3,6,758,5,3,3,5,251248,397,7.9,4997875465,3866599224.0,3087.23,16.9,511.9
3,6,2135,4,3,3,1,379533,1386,7.7,9006849436,5783470553.0,3755.04,18.0,212.7
4,8,991,1,5,2,6,22173,16,5.5,382439904,280329907.0,2581.7,6.0,22.6
2,3,2125,4,1,4,3,130480,403,8.6,3394437200,2219607929.0,2563.44,47.2,4.3
2,8,1913,1,5,2,5,173210,219,4.2,1473151050,1113477690.0,3239.9,\N,35.4
1,7,1740,6,7,4,8,151413,504,8.7,4979367917,1330479464.0,786.06,25.4,832.6
5,4,1507,7,1,3,3,36012,46,6.3,343943409,264342648.0,936.83,34.7,\N
4,6,661,7,3,3,3,19237,13,6.8,411794916,164221949.0,4798.3,16.2,422.0
10,8,2029,4,5,2,5,477284,346,7.0,10220082292,3138663703.0,4815.16,1.9,60.7
2,4,1135,6,1,3,3,493699,1680,7.4,6440895893,4859959172.0,3891.57,44.1,1.6
3,7,2026,5,7,4,2,294705,1133,9.1,6465857170,2556711851.0,3963.02,24.1,436.5
7,6,765,4,3,3,6,146261,373,6.9,1911426504,521786718.0,511.05,19.3,421.8
7,7,1673,4,7,4,1,169342,251,9.6,3953661542,2280193827.0,1884.77,22.9,588.3
4,4,1547,5,1,3,7,218822,514,7.2,5942855404,3622045651.0,2299.08,43.2,3.1
5,5,583,1,4,4,6,4466,8,8.7,119010414,58258460.0,759.3,33.1,695.3
5,4,671,5,1,3,7,391346,420,6.1,7092402692,1863078920.0,170.58,32.1,6.2
6,8,1752,2,5,2,2,359697,439,6.2,8797828923,\N,1146.05,7.3,37.0
9,7,538,7,7,4,2,183465,291,8.4,3270226932,1718590971.0,4834.31,21.8,484.1
2,5,1822,8,4,4,7,309178,1096,9.9,11178268754,6535054687.0,4637.32,32.0,437.5
5,5,1186,8,4,4,5,194702,612,9.6,3439216128,694821283.0,1203.47,22.9,\N
3,3,430,7,1,4,5,214345,352,9.9,7482226653,4534476013.0,4702.6,45.5,0.2
4,6,1638,4,3,3,5,203443,449,6.5,3321817304,1502836676.0,1735.06,23.1,586.5
10,1,2181,2,3,3,3,369732,682,8.5,6254016780,1910663206.0,3797.33,23.2,409.6
6,5,189,5,4,4,3,20290,45,8.3,411586708,107425425.0,1919.08,28.3,456.6
8,7,1747,7,7,4,7,52604,83,9.1,1752986216,710272710.0,285.2,24.6,862.6
1,6,1702,6,3,3,1,115007,199,7.5,1560357472,880456564.0,4828.84,15.9,496.0
10,2,1649,5,1,3,3,185787,737,8.9,6008834626,2134563775.0,1392.9,35.5,18.6
8,4,2012,3,1,3,1,91631,137,6.2,1719107517,356982634.0,314.08,42.5,9.5
7,8,1185,2,5,2,2,275829,784,6.7,5998784257,2743025680.0,4967.63,-1.8,17.1
1,7,851,7,7,4,1,206884,297,9.7,3256995500,1069327125.0,3220.37,23.4,599.7
2,2,170,3,1,3,1,234787,335,7.1,5702764921,2285439676.0,2255.96,43.2,11.8
3,7,830,2,7,4,8,11306,33,8.6,385037135,100960145.0,4132.17,20.4,556.1
1,4,1081,8,1,3,8,149827,153,7.4,3598904470,903756246.0,3611.91,39.9,4.5
9,3,1264,6,1,4,5,124470,272,8.2,1742256377,481482973.0,2164.87,43.3,18.3
8,7,769,3,7,4,8,279654,1052,9.4,6461461600,3527434885.0,783.93,25.0,856.0
2,5,358,3,4,4,3,496227,642,8.5,7697721337,2142433081.0,3331.53,23.0,728.5
9,1,1326,2,3,3,4,5266,4,7.8,92664748,20840661.0,4445.92,24.2,385.3
7,5,2149,5,4,4,8,487006,1791,8.5,6238303357,3641692767.0,2603.93,34.3,371.3
9,4,1121,1,1,3,4,8717,10,7.5,225813885,64770159.0,2816.93,35.0,6.6
6,7,1689,5,7,4,5,167388,517,8.9,4198124517,979263794.0,4234.83,25.4,697.9
6,1,2077,1,3,3,6,304225,811,7.6,6175645810,4230999467.0,4728.07,21.5,512.1
4,5,1530,2,4,4,6,374325,1601,9.8,14534141370,6196760719.0,2734.14,27.7,\N
10,1,1462,4,3,3,6,356241,872,8.7,8848492078,4950722159.0,274.91,21.5,436.7
10,8,1403,5,5,2,2,206016,261,5.2,2528228352,704271740.0,804.26,9.1,79.9
2,4,73,3,1,3,2,314456,969,6.3,7327988287,3177516723.0,4750.52,36.2,5.6
7,3,254,5,1,4,2,335847,379,9.6,8131258886,3763729984.0,4173.22,\N,16.0
5,3,1935,8,1,4,1,444609,1455,9.2,7874025390,5503109327.0,3191.8,40.1,19.6
6,7,516,2,7,4,7,380404,1245,8.6,8463304272,4671182135.0,2371.04,20.1,\N
2,5,1044,8,4,4,3,303315,351,8.1,8009335890,6404492420.0,2083.74,24.9,797.2
5,2,1649,4,1,3,2,105529,169,7.7,1506510898,486630965.0,268.37,46.3,\N
10,4,421,4,1,3,4,282761,279,6.0,5269533996,1158979694.0,4351.45,37.0,6.4
4,5,879,5,4,4,8,293822,555,8.0,6673285264,3788685961.0,1899.75,30.5,357.0
9,5,136,5,4,4,1,332644,1410,8.8,5588153084,2629147303.0,2618.68,22.8,409.3
6,3,1325,8,1,4,2,322762,801,8.8,7938654152,\N,2713.4,48.8,9.0
2,7,1633,6,7,4,2,133417,415,9.3,4131791073,2812609450.0,4201.33,22.1,899.3
1,1,33,5,3,3,8,78465,247,7.9,2121207117,1444854171.0,1025.44,23.4,395.2
5,4,1791,2,1,3,6,155591,221,6.5,2184497640,1262202565.0,2401.31,41.3,3.2
9,8,278,1,5,2,6,101562,177,4.1,727041733,381557003.0,4782.32,-1.6,30.4
6,1,2181,6,3,3,8,476166,2087,8.8,6804983539,2428696412.0,3564.06,27.0,679.3
10,6,750,1,3,3,3,57229,119,6.6,843429556,242830116.0,2024.3,25.0,479.0
7,6,2174,8,3,3,3,212270,576,7.7,4519334435,1926692381.0,3179.31,16.4,376.9
5,4,17,3,1,3,1,450185,763,7.8,7117694961,2870037452.0,2960.76,38.1,7.1
10,7,1402,7,7,4,4,221433,289,8.2,2888859204,1062692116.0,2748.52,26.8,434.2
6,2,818,2,1,3,5,412978,1092,7.6,5335675760,\N,2696.19,36.1,10.7
5,6,2108,6,3,3,6,397120,499,6.4,7861069824,2386435641.0,3604.86,16.4,356.7
9,3,1661,8,1,4,4,196157,436,8.0,2835645592,593161554.0,4415.59,\N,8.9
6,2,467,4,1,3,7,222121,572,8.6,7150030565,1703111635.0,2084.41,44.1,11.2
8,5,628,6,4,4,6,50034,44,8.5,1068325968,682632004.0,4877.09,23.5,445.3
2,6,1211,3,3,3,3,54662,112,7.9,830408705,322113827.0,2044.61,15.1,391.8
9,3,600,4,1,4,3,442194,1094,9.7,16359320785,10791524464.0,3400.28,40.1,12.4
5,5,1739,6,4,4,5,304893,470,8.4,8720549586,6818739106.0,1387.72,32.3,443.7
7,2,1385,8,1,3,8,93464,76,7.2,1109679379,411437838.0,3750.4,37.8,10.4
10,4,1847,4,1,3,4,136640,170,7.9,3861214112,1303980882.0,1972.13,34.1,2.3
1,5,1856,5,4,4,4,178308,764,9.8,2965369024,1309940725.0,1941.47,30.7,613.4
10,1,1888,4,3,3,5,403945,580,8.8,7404473428,1769441255.0,1048.14,20.1,282.3
5,4,680,6,1,3,3,220586,552,6.1,2417997556,1542208495.0,395.63,35.3,3.8
10,4,1836,4,1,3,1,340088,435,7.3,7569576677,2502884399.0,1778.04,30.2,7.0
2,2,2178,2,1,3,4,437128,1179,8.6,7559953908,4516615336.0,3019.17,38.7,6.4
6,2,149,5,1,3,2,482800,1161,7.2,6222326400,2861700796.0,277.31,36.1,18.8
1,3,1496,5,1,4,8,353641,1171,8.5,6162194425,2998727384.0,993.68,49.8,19.7
3,3,818,3,1,4,4,44954,54,8.7,911262534,669989644.0,1263.03,46.4,0.3
5,1,1745,5,3,3,7,200122,535,7.8,2467864479,986427226.0,978.1,\N,381.8
4,4,1647,1,1,3,4,381314,1045,7.6,5007720499,1196178585.0,559.95,36.2,3.9
3,8,1673,2,5,2,8,299586,584,4.1,4146749577,2029267403.0,954.6,-4.2,25.9
10,7,1379,3,7,4,7,353064,702,8.3,7777364404,5198584121.0,4680.97,20.8,795.8
5,1,1940,1,3,3,8,320714,941,8.4,7769489078,4407281911.0,3926.94,22.2,626.2
8,1,658,4,3,3,4,331284,1031,7.5,9066414870,4688423744.0,4609.99,20.4,696.2
4,7,1054,7,7,4,3,150893,612,9.4,4333194281,3282905996.0,4455.48,22.8,725.9
1,7,577,1,7,4,2,14517,26,8.2,201295625,123000028.0,2031.74,25.8,481.1
7,7,723,3,7,4,7,305317,692,9.7,5946842399,2394254177.0,1877.91,29.3,574.0
8,2,1642,5,1,3,4,209171,765,8.8,2913835698,2031441448.0,3898.08,37.2,15.2
3,1,684,2,3,3,1,259906,770,8.9,4272412799,1863934975.0,4510.65,22.6,257.3
6,1,742,7,3,3,6,376762,436,8.5,8579435883,5709067321.0,3768.87,25.6,348.0
2,5,2046,3,4,4,7,214442,369,8.0,3652376144,1140602973.0,2928.13,25.2,336.8
7,7,1628,1,7,4,6,51087,164,8.9,1599544187,713760322.0,2807.59,20.1,453.2
8,7,2136,7,7,4,2,398281,861,8.5,5325216110,1229572938.0,2344.85,29.7,653.4
6,3,1489,1,1,4,5,493558,1603,9.2,17890490384,6335685317.0,2300.51,47.9,16.5
6,3,50,8,1,4,1,79261,366,9.4,1436462955,858869530.0,329.56,43.5,8.1
5,4,103,3,1,3,5,418037,1226,6.5,9083734991,3980960465.0,1116.32,32.3,1.0
8,3,368,7,1,4,4,322185,516,8.3,4505918317,\N,761.71,46.5,7.3
1,6,936,6,3,3,7,51852,56,7.5,1355670540,778013609.0,2373.15,22.7,\N
10,4,1715,6,1,3,8,260300,739,7.4,5570628240,\N,1480.31,40.7,9.4
4,8,1803,3,5,2,3,31123,15,4.5,397331779,205131058.0,1922.68,5.5,10.8
4,7,1421,6,7,4,4,159199,331,8.4,4235139157,2631109617.0,4858.84,27.6,753.6
3,5,1801,3,4,4,4,51322,72,8.4,667350230,326546000.0,3833.69,\N,396.1
3,3,1996,5,1,4,5,177201,164,8.9,3556335469,2543702418.0,741.07,40.5,13.9
4,5,1968,7,4,4,4,262418,885,8.1,5522271908,3987030399.0,4054.81,22.7,569.2
1,3,390,3,1,4,1,224818,924,9.5,3216471126,2408836607.0,2238.96,46.4,13.9
2,3,1367,4,1,4,3,347928,623,9.4,12686359492,4415007727.0,4279.28,45.1,14.1
9,5,773,2,4,4,5,477751,1101,8.1,7917576222,1823326738.0,3810.62,32.9,641.9
10,1,394,2,3,3,2,41684,109,7.4,1101824835,\N,2617.18,\N,409.0
2,1,683,4,3,3,6,132418,266,8.0,1592194032,\N,3612.3,27.0,374.0
5,1,270,1,3,3,4,426108,1581,8.4,10548218318,5827166531.0,4688.97,21.7,555.5
9,6,149,1,3,3,6,491602,1258,7.7,11439283578,8761509108.0,2714.93,27.6,445.2
9,1,811,1,3,3,7,65301,117,7.5,1129380795,338887503.0,787.7,26.7,255.2
8,3,28,8,1,4,8,376159,1477,9.2,6523349378,4146644616.0,2862.98,40.5,0.6
1,7,1206,7,7,4,5,211690,296,8.7,6969004151,2146774832.0,282.29,21.9,699.4
1,2,166,1,1,3,8,186159,214,8.0,4582489944,3205091453.0,2296.2,47.1,5.8
9,5,2065,5,4,4,8,365017,1551,8.8,10439486200,2898457428.0,1154.18,\N,437.5
8,7,1174,4,7,4,6,380288,1197,8.1,6176067264,3549357376.0,3245.21,20.5,421.6
10,2,339,2,1,3,4,54039,188,7.8,745219425,\N,2026.6,43.6,3.2
9,7,1069,4,7,4,7,286675,1115,8.1,4660389472,1563054586.0,2597.63,24.9,628.7
7,6,842,2,3,3,4,355017,870,7.1,5794906989,3767090758.0,4464.13,19.4,587.1
3,2,189,1,1,3,5,138483,290,7.6,4168836838,3110353980.0,2324.14,39.8,20.8
3,8,651,5,5,2,1,174115,538,6.3,3514546098,2416578703.0,4986.8,6.6,35.2
2,4,294,3,1,3,2,121936,278,6.7,1949293283,850384396.0,725.75,41.6,3.3
5,1,1858,3,3,3,4,247230,1087,8.9,3903415578,2657722626.0,4293.75,23.8,519.4
3,8,1323,6,5,2,1,385017,471,6.1,5946664568,3517246736.0,1848.77,5.1,24.8
6,6,1648,1,3,3,4,356728,1146,7.0,5236410312,1124992129.0,3986.86,17.3,408.8
2,7,803,1,7,4,4,50868,136,9.4,1634826304,710258283.0,2518.86,21.3,657.3
3,3,431,4,1,4,1,218598,389,9.3,4751030791,1307169732.0,2639.42,44.9,8.0
5,1,1519,5,3,3,4,120741,389,7.9,2412296513,862726849.0,2688.14,23.9,401.7
1,8,487,5,5,2,2,223805,169,5.0,2752801500,1722968457.0,1246.2,-3.8,65.0
1,1,89,8,3,3,6,155197,560,7.4,2203890518,920914136.0,314.19,25.4,500.4
10,2,271,4,1,3,5,78948,331,8.5,2013845058,820414136.0,3283.95,39.6,29.0
9,4,1957,5,1,3,7,117899,364,7.2,2094169197,1238379284.0,177.08,36.2,8.9
7,1,1773,7,3,3,7,75514,133,8.9,1642550322,856523488.0,3646.11,28.2,486.6
1,7,900,7,7,4,8,323145,925,9.4,11038503942,5221537707.0,1652.18,28.4,440.0
8,7,1745,5,7,4,6,164397,528,9.6,3986561491,1428659306.0,2010.45,24.5,475.4
3,5,278,7,4,4,1,206984,690,8.6,4991294969,1738047076.0,3776.77,28.4,\N
8,5,2001,8,4,4,6,498889,993,9.3,11562051908,8447886045.0,796.95,24.2,606.5
5,1,1634,3,3,3,3,192404,657,7.2,4732214860,1361324944.0,3265.18,21.5,374.9
1,2,862,5,1,3,7,475423,1724,8.2,12845454036,4208494273.0,2884.65,47.7,9.4
7,2,606,7,1,3,4,1804,3,8.3,58260721,31847310.0,2114.21,37.5,21.6
5,3,1062,1,1,4,5,51282,103,8.0,1298049984,1020508149.0,3146.73,41.2,0.4
6,6,1014,3,3,3,8,315876,270,8.0,4995894816,2933301531.0,1832.8,18.8,364.4
6,6,1507,1,3,3,2,86723,289,7.3,1256659631,683153523.0,1358.96,27.5,263.2
8,8,708,1,5,2,2,399719,1068,5.9,5058643804,3569556131.0,492.33,-1.6,2.1
9,6,978,7,3,3,3,386690,473,6.5,9506000270,6071900656.0,2973.5,17.3,324.1
2,4,1818,7,1,3,8,410512,1495,7.5,4673679120,3449576420.0,4802.63,33.2,0.3
9,2,806,4,1,3,6,313414,1368,9.0,10462072734,7633568813.0,4038.05,38.3,29.4
10,3,1534,6,1,4,2,251431,563,8.1,5588405978,2441466785.0,515.86,48.7,18.1
9,5,720,5,4,4,6,71172,92,8.9,2167600197,1241974979.0,1136.25,30.9,351.6
10,7,949,5,7,4,5,3277,12,8.8,100527873,25543008.0,3264.44,24.6,421.2
10,6,474,5,3,3,3,197847,385,6.9,2090035923,1043370119.0,60.14,18.7,436.2
7,5,568,5,4,4,8,447767,442,9.5,14883998963,9211403761.0,2837.36,30.1,\N
1,5,1082,7,4,4,6,357270,1372,8.8,8029714704,5926358036.0,4871.22,28.6,382.8
7,1,215,3,3,3,1,245659,938,8.7,7965468509,\N,1793.01,22.1,635.9
10,4,900,2,1,3,6,116106,172,7.2,2375807414,1655997868.0,4472.97,32.4,8.5
5,3,1802,1,1,4,6,420540,1216,8.7,5985629927,4013660686.0,583.7,42.5,18.6
6,4,1983,6,1,3,3,40853,140,7.6,1018694066,388286317.0,280.07,41.9,6.7
10,1,1097,8,3,3,1,178093,504,8.4,3591850861,2173086581.0,1769.32,19.1,343.8
7,3,1295,6,1,4,2,291302,372,8.6,4055914266,2864935058.0,2915.04,41.5,15.0
5,3,1258,2,1,4,7,71657,124,9.2,1661295887,619849139.0,4181.12,46.0,7.3
7,2,184,8,1,3,5,425541,1257,8.9,15145472285,4327401770.0,967.59,43.1,13.0
9,4,674,8,1,3,6,155763,250,7.5,3663545760,977341278.0,1344.67,44.6,9.1
3,4,1682,2,1,3,4,143939,247,7.3,2250716567,586125777.0,2420.19,31.9,9.3
8,2,435,8,1,3,3,481968,1828,7.7,13182017587,5137361337.0,1762.06,36.3,19.9
2,8,1067,2,5,2,2,2003,2,5.8,28276751,13880192.0,71.38,8.6,57.2
7,5,1337,7,4,4,6,315023,824,9.8,10598444798,5910804363.0,1686.34,25.0,724.9
2,1,688,3,3,3,5,263471,539,7.4,7038364294,2393327119.0,1340.81,25.6,654.3
4,4,888,2,1,3,4,282259,409,7.5,5855462955,2627035742.0,2550.25,37.3,1.3
7,2,69,8,1,3,3,212197,748,8.8,6472178257,4464351948.0,624.43,\N,27.3
3,7,2104,8,7,4,5,314669,709,8.7,5582007791,3278082776.0,3441.07,25.3,450.6
2,8,420,3,5,2,2,141381,139,4.4,1962651042,677781819.0,1505.58,8.6,42.6
10,3,243,7,1,4,7,79391,309,9.5,1275376719,985932601.0,1187.96,40.7,18.8
7,6,1498,4,3,3,6,386709,1215,7.3,5338247048,1850763634.0,1557.73,22.7,219.7
1,7,1680,8,7,4,6,350416,996,9.5,12193951176,4945010453.0,2323.76,29.4,592.9
8,2,2125,8,1,3,8,145519,495,7.8,4140655833,1523327494.0,4443.67,44.8,23.6
3,6,2009,4,3,3,6,484337,1554,6.5,7505286152,1778840837.0,3452.61,23.4,233.7
2,5,1502,6,4,4,3,268276,682,9.3,7175524516,4372707461.0,928.02,26.2,697.4
3,1,440,4,3,3,6,271530,367,7.9,7372664019,1774010096.0,3379.64,23.1,430.2
5,6,1287,3,3,3,3,20900,58,7.0,386378300,\N,808.02,22.0,419.9
8,8,1209,3,5,2,8,423508,975,5.7,7256470773,2196747341.0,1627.2,3.9,18.4
10,5,1079,1,4,4,6,117256,369,8.1,3402089035,2602143923.0,2342.55,34.7,485.6
7,6,1332,8,3,3,1,96086,148,7.8,2335351012,734264862.0,3198.98,26.3,480.0
7,3,1254,2,1,4,7,63914,172,8.0,1508881712,437006866.0,2376.89,48.6,16.5
7,3,615,5,1,4,6,22508,42,8.2,281093408,57334239.0,2938.5,48.3,4.5
8,8,420,5,5,2,1,475534,1414,6.5,9937471765,3541583378.0,3429.66,-1.5,67.5
1,3,1901,2,1,4,3,137095,215,9.3,2018298880,1284731151.0,4810.49,44.0,12.3
4,3,276,5,1,4,5,141010,485,9.7,2457931209,1574688879.0,4533.73,46.3,11.8
6,2,1585,5,1,3,2,238467,786,7.7,3452048292,690432263.0,2557.41,39.7,10.4
9,3,1767,7,1,4,4,391656,460,8.4,12123319824,3425227661.0,3726.83,42.6,18.4
2,7,1713,5,7,4,8,245697,1030,9.5,7030373958,1683527875.0,2221.74,27.2,744.8
1,3,2138,6,1,4,1,412707,1057,8.4,11960248860,4191092415.0,4831.89,46.6,1.2
10,7,1195,8,7,4,2,310803,1233,8.7,5883873753,2106961179.0,434.59,29.6,503.4
2,2,811,8,1,3,6,426475,1385,7.5,8383432312,3125750789.0,1065.71,47.4,27.8
7,3,1379,8,1,4,3,193500,176,9.1,5141682000,3332453442.0,1329.77,45.5,3.8
3,8,1313,3,5,2,2,66323,122,4.3,1014131728,319227877.0,1445.64,-1.9,50.4
10,5,750,3,4,4,8,278440,565,9.0,6545567520,2497735380.0,1409.57,26.7,688.6
2,8,1197,3,5,2,2,378735,697,6.7,7757212396,3099665070.0,3042.8,9.3,30.9
7,5,301,2,4,4,7,332712,1129,8.9,4663790460,1182403853.0,4474.13,32.2,678.2
2,4,600,4,1,3,7,43637,79,7.8,1130704489,879993457.0,383.06,37.5,\N
3,5,529,6,4,4,6,295852,861,9.1,5039897990,1030715389.0,4168.64,24.9,501.1
7,1,2188,6,3,3,2,284640,434,7.7,6423954768,4986983352.0,1535.93,\N,370.1
4,1,278,5,3,3,3,136457,371,8.3,3584657161,\N,2967.09,27.6,304.2
1,1,663,8,3,3,7,218584,693,7.9,4826444012,\N,3310.82,29.7,546.0
5,2,1370,1,1,3,1,362216,964,7.8,6150645009,3219135266.0,2831.41,42.4,2.8
9,8,2162,3,5,2,8,122407,257,5.1,1291002147,1026297640.0,516.82,-3.2,24.1
8,5,580,7,4,4,4,7364,25,8.5,247121112,152466995.0,2445.39,32.8,531.4
9,8,1531,6,5,2,5,449875,492,5.1,6353089762,3516829642.0,360.83,4.5,54.3
10,7,1390,6,7,4,1,408281,453,9.0,8855614890,4167660905.0,62.76,23.7,\N
9,1,691,1,3,3,4,486340,797,7.9,10723262026,7877862225.0,1048.45,27.1,311.3
7,4,637,5,1,3,3,328365,1022,7.4,6210826956,3253488086.0,1522.41,32.3,0.3
4,2,1849,6,1,3,4,86677,215,7.6,2163319236,661370265.0,3448.29,38.1,17.3
5,4,2046,8,1,3,3,487098,1587,6.7,7910861198,\N,1952.33,43.1,7.6
1,5,823,6,4,4,4,147920,139,8.7,4524754464,2668872382.0,2472.33,26.0,\N
1,3,1874,4,1,4,7,109444,467,9.9,2162657217,997915199.0,3012.0,44.7,14.9
3,4,875,1,1,3,8,298955,489,6.6,3652213653,2764079802.0,219.09,33.9,\N
8,3,940,7,1,4,1,108475,452,8.9,3344240860,1498798375.0,1772.04,44.0,11.0
2,2,1683,7,1,3,6,169226,671,8.6,3984730776,2498643772.0,2162.91,39.0,\N
4,4,942,5,1,3,6,224746,770,7.2,3241196913,\N,1345.28,37.2,1.9
2,4,1899,5,1,3,6,365588,721,7.1,6299702739,1893764306.0,1910.46,41.6,6.9
5,6,2051,3,3,3,3,125840,348,6.2,1854554416,961833879.0,2491.31,17.5,305.7
9,2,1747,4,1,3,2,289798,471,8.8,3835534489,2009922945.0,2962.62,37.9,5.6
1,2,25,5,1,3,8,99948,299,7.3,2900970710,885251134.0,1488.1,36.4,28.3
5,1,1867,8,3,3,6,152120,233,8.3,3677942148,2486488628.0,3504.69,25.0,335.4
9,5,61,4,4,4,3,162584,304,9.9,2544748509,551504309.0,4309.36,32.8,346.4
1,4,123,3,1,3,7,456906,1683,7.9,12586526653,5303385599.0,709.99,32.3,4.6
9,8,1521,8,5,2,3,66670,141,5.9,1554924409,\N,1486.55,8.2,\N
8,4,2103,7,1,3,4,401293,1140,6.5,5868910125,2231274058.0,1763.84,\N,7.5
4,7,1187,1,7,4,3,411403,1451,9.3,11328927831,\N,571.34,23.4,525.0
10,2,1723,6,1,3,4,111657,101,7.6,2555114125,1835653942.0,3076.13,41.4,27.9
5,8,1063,6,5,2,7,476168,390,5.0,6773489800,2356247863.0,1092.9,6.3,8.5
5,2,1107,2,1,3,1,489556,1314,8.5,16112267072,9296337013.0,4539.44,41.5,\N
6,5,1731,2,4,4,3,321869,601,9.1,9867827615,5619350649.0,732.9,31.7,730.3
7,2,546,2,1,3,2,412797,976,8.5,12329833593,3727367303.0,3646.76,40.7,4.0
8,3,2161,6,1,4,2,373789,584,8.3,5094220765,2401117317.0,3304.04,45.8,0.6
8,3,1311,4,1,4,1,424336,1944,9.9,11506337409,4237862002.0,2369.33,42.3,15.6
2,6,155,8,3,3,7,198060,461,6.7,4541000844,2579183538.0,2606.21,25.9,504.3
9,3,1263,2,1,4,6,36073,145,9.0,1038902400,525262949.0,839.97,44.2,17.1
7,3,1363,1,1,4,2,90006,251,8.9,2170854714,452731688.0,192.73,48.4,12.2
4,5,938,5,4,4,8,309775,1428,10.0,8775925750,3218727375.0,4718.78,26.8,305.8
4,4,512,8,1,3,4,386093,839,6.6,4260613473,1893743274.0,227.38,43.2,0.2
8,3,932,4,1,4,3,105586,123,8.6,2193823673,1577164769.0,2900.53,43.0,6.7
4,8,187,6,5,2,5,95135,158,5.8,2135951993,1468809525.0,4076.73,8.8,55.1
6,6,1846,1,3,3,7,224506,645,7.2,4020094238,2986792497.0,75.46,20.6,477.2
5,2,1703,7,1,3,8,241283,557,8.9,5478065103,3048214936.0,1942.3,37.3,9.0
3,3,391,6,1,4,8,157127,608,8.6,4009283957,1558352752.0,1558.3,49.9,0.9
10,6,1284,4,3,3,3,104016,105,7.9,2735527185,1177875949.0,1081.84,27.8,206.7
2,5,655,4,4,4,7,266774,728,9.6,8925190944,3238675045.0,868.56,30.9,613.9
9,7,1740,4,7,4,7,196687,513,9.8,5156149705,1831507225.0,1915.74,30.0,579.8
10,7,176,3,7,4,3,155898,513,9.6,5054088441,\N,762.9,25.0,764.9
9,7,764,5,7,4,5,315337,350,8.0,6632167784,4237142574.0,1016.15,22.8,489.8
1,2,931,8,1,3,6,175105,589,7.8,4240867995,1830724841.0,2758.16,39.1,10.7
10,6,1224,2,3,3,7,3886,6,7.6,102422524,45549106.0,1236.29,26.7,262.3
3,3,711,3,1,4,2,126935,482,8.6,1877622520,1045301808.0,432.18,40.9,5.4
8,4,1086,5,1,3,8,437553,357,7.7,12782585831,6720215545.0,4331.24,33.9,9.8
6,2,1351,6,1,3,2,43197,84,7.7,670223053,313543811.0,2195.2,37.0,28.4
5,2,1930,2,1,3,3,27499,47,8.4,854899911,249646124.0,4158.72,42.5,2.0
5,7,281,7,7,4,2,240949,625,9.2,5779017195,1406177327.0,306.22,20.2,713.7
6,4,1964,3,1,3,7,278793,427,7.9,8556575359,4062256213.0,3202.95,39.4,0.6
7,7,1786,3,7,4,7,453763,481,9.0,6334077717,\N,4101.65,25.5,750.1
1,2,1082,8,1,3,4,359766,593,8.3,9328444567,2601820476.0,3496.98,44.9,5.8
9,3,477,1,1,4,7,341474,716,9.3,11988298455,9142042679.0,4223.46,46.3,13.3
3,7,716,8,7,4,4,273371,1295,9.7,5446589129,2329771477.0,605.53,\N,705.7
4,7,243,7,7,4,5,258019,450,8.1,4754645122,2976671367.0,898.11,25.7,864.1
10,8,936,7,5,2,7,72126,46,4.7,1223761842,461975692.0,838.26,2.3,25.9
1,7,1524,3,7,4,8,71531,162,8.2,1143780690,268149478.0,3191.19,23.3,420.7
10,2,838,4,1,3,8,128798,522,8.8,3543078422,2602659249.0,4986.67,44.2,2.4
3,3,1346,6,1,4,3,314196,1023,9.2,5804331225,4134348908.0,2104.89,46.8,12.9
2,4,2029,7,1,3,6,488277,861,6.5,7921806048,1760079235.0,4572.18,43.7,3.6
2,1,1433,8,3,3,4,274791,1131,8.8,7034429767,4800284553.0,4467.61,26.0,468.7
1,4,240,3,1,3,1,200660,397,7.7,4726405838,3705801649.0,4069.12,31.0,6.4
8,3,139,4,1,4,2,148934,617,9.1,4918381522,1135835726.0,2424.97,42.3,16.5
3,5,420,5,4,4,6,433031,1129,8.5,12293750090,8506176438.0,1625.08,34.0,526.0
3,7,1585,5,7,4,3,481149,1814,8.4,15325942867,9912432615.0,327.25,27.4,566.6
6,4,304,8,1,3,4,418694,1282,7.9,10138047169,3646055112.0,2420.95,40.7,8.3
8,5,2163,7,4,4,5,11496,35,8.4,331802150,207298484.0,4374.42,25.9,534.5
9,5,1275,4,4,4,4,18398,76,9.1,314920405,127816830.0,2431.13,34.2,711.3
9,3,2027,1,1,4,1,75775,305,8.1,1361972272,501539666.0,58.06,49.2,16.4
4,3,7,8,1,4,4,17277,69,8.7,239143050,66784650.0,3987.27,47.8,2.4
5,8,1169,1,5,2,3,379962,328,5.8,6368923044,4784053872.0,688.63,-3.2,5.1
2,7,416,5,7,4,5,115291,196,9.5,2347151823,1103654754.0,864.47,29.5,436.0
9,1,1145,6,3,3,7,144869,623,8.8,4608572628,1626585016.0,1207.18,21.4,290.6
8,6,1148,3,3,3,8,460995,803,6.5,11263721332,3808999230.0,1011.84,15.7,242.3
3,2,150,8,1,3,5,276180,349,7.1,5788511856,2160431602.0,3597.45,47.1,9.1
9,4,1804,7,1,3,1,333616,401,7.8,5194000780,2855590708.0,4706.38,32.8,4.5
3,3,839,7,1,4,8,31089,31,8.6,956098670,569192954.0,629.53,42.6,10.2
9,4,2049,5,1,3,3,131993,220,7.0,2300637990,1491718582.0,1980.53,38.6,0.9
2,6,1697,5,3,3,1,236292,186,7.8,4771727906,1426831844.0,3027.06,15.9,591.9
10,6,244,8,3,3,1,55849,86,7.2,1570250484,701929164.0,2389.53,23.4,567.8
9,7,1911,8,7,4,1,317088,1091,10.0,8960906880,1841829964.0,1778.16,23.1,472.9
8,5,1422,4,4,4,4,47850,52,8.9,1497767205,375290619.0,1156.65,25.2,733.4
9,7,1275,1,7,4,2,400524,683,9.7,13893056092,4944370694.0,2786.63,23.2,524.2
5,2,879,6,1,3,4,431197,1664,8.5,12831775924,2621454524.0,2565.95,45.9,26.2
2,1,1321,4,3,3,3,259730,460,8.6,5682476832,1608438470.0,4957.55,18.8,409.1
8,4,977,5,1,3,6,233053,511,7.3,6539746843,3009893679.0,2345.49,44.6,8.6
6,2,1524,2,1,3,1,37044,40,8.3,595560092,255797284.0,4428.37,45.7,11.0
8,8,1139,3,5,2,1,86810,143,4.8,682534944,398347689.0,4724.1,6.4,\N
5,1,2049,5,3,3,2,385799,860,7.5,7534654470,2370751135.0,1675.28,29.1,609.9
10,4,553,8,1,3,5,220220,564,7.3,3965964002,\N,1530.17,31.8,7.4
2,2,482,4,1,3,1,351774,635,7.7,4474705989,1984759351.0,4713.48,42.7,28.7
6,3,600,2,1,4,8,246119,534,9.4,7625357305,4480925290.0,2910.17,41.2,4.1
5,4,1165,2,1,3,4,352949,823,6.3,8476282004,6496230821.0,1000.17,43.7,6.9
5,2,583,5,1,3,7,262260,517,7.8,5993690040,3497328479.0,1315.43,44.2,9.5
1,6,137,6,3,3,1,471850,1599,7.9,7555875605,1519846680.0,150.67,23.4,370.8
2,1,1004,1,3,3,3,357471,989,7.9,5280919083,3721556666.0,1644.11,27.5,494.8
8,2,1983,2,1,3,7,29094,80,8.3,837453333,327617601.0,3124.09,39.3,\N
3,3,1635,7,1,4,2,277624,571,9.9,9952237389,3500497436.0,1593.12,48.3,3.8
10,7,687,8,7,4,6,49901,98,9.5,1219755093,757045659.0,1181.14,23.0,753.5
3,4,1434,8,1,3,5,372607,913,6.8,8652679754,5559226407.0,340.69,42.3,3.9
8,8,1793,3,5,2,6,486657,974,6.8,12082136007,5735368516.0,4240.83,5.1,76.2
8,4,910,8,1,3,3,431535,1038,7.3,6498873946,3418141334.0,3254.21,41.2,1.9
2,4,1760,4,1,3,4,196698,519,7.1,5119773562,3131782213.0,4547.6,42.3,9.9
8,3,2035,4,1,4,6,39379,105,9.7,937751816,731057970.0,158.53,45.9,19.7
1,1,842,4,3,3,3,267035,445,7.5,5673826162,3397398495.0,4613.59,18.9,683.9
6,4,2113,7,1,3,6,221921,460,6.3,3499450056,1190958409.0,2640.77,42.8,\N
8,1,1605,5,3,3,1,106591,279,8.2,1630096163,1026689911.0,719.6,28.3,\N
3,2,1338,4,1,3,2,86140,70,8.1,2658366540,1738155818.0,1297.06,38.0,5.3
8,6,115,7,3,3,8,20893,39,6.3,291946246,69359145.0,767.6,26.9,585.8
1,8,569,4,5,2,1,70941,150,5.2,1082332648,237898213.0,1170.51,6.3,55.1
9,6,1554,3,3,3,2,101140,263,7.6,3037760128,2160649297.0,1350.26,16.3,407.5
9,1,495,7,3,3,4,52236,42,7.1,769195994,\N,2936.81,18.1,420.0
5,1,822,1,3,3,3,260201,1080,8.8,6580795531,\N,1343.68,18.7,353.6
10,6,1609,6,3,3,6,313561,1028,7.9,6215123937,4643553283.0,2482.59,20.7,491.2
4,4,560,5,1,3,2,495937,598,6.2,11653527626,3001686813.0,3228.31,30.1,8.0
6,5,1042,5,4,4,3,459242,1337,9.4,7334370285,2369765896.0,3903.5,22.7,629.7
7,5,1470,4,4,4,7,326387,395,8.3,5041471518,1355171036.0,4420.53,31.3,429.6
5,3,340,3,1,4,6,373756,780,8.8,11741918496,\N,836.45,\N,5.5
10,8,1555,2,5,2,8,58986,28,4.1,817669830,527781131.0,3238.77,8.5,77.5
9,7,612,7,7,4,7,256618,746,8.9,7970811698,5654306157.0,609.54,20.2,691.7
3,6,2164,4,3,3,7,460366,450,7.4,6557913670,2235113348.0,1211.43,21.6,590.9
7,6,1882,7,3,3,8,486047,1562,7.0,8400350301,2155960240.0,2871.69,17.0,594.3
10,3,74,4,1,4,2,144582,306,8.2,4157802406,3060090613.0,4739.28,45.7,19.6
10,8,2164,5,5,2,1,130349,272,4.7,2439533674,927197487.0,3062.87,-3.7,13.1
5,5,1710,5,4,4,2,498060,1370,9.3,17490273408,11912045477.0,4385.68,28.7,510.2
7,2,1762,4,1,3,2,181863,231,7.5,4557032122,3500141030.0,3375.27,41.1,20.4
2,4,1693,5,1,3,5,401683,500,6.1,7323845970,1542208324.0,3759.02,40.9,9.7
4,4,2035,3,1,3,6,481289,990,6.4,10460527641,5928564876.0,1146.28,36.0,7.1
2,2,1246,2,1,3,6,381994,471,8.5,6487404102,4229149616.0,2456.65,38.5,28.6
7,2,126,2,1,3,7,380848,497,7.6,9432995603,5318825697.0,4031.81,47.3,29.7
2,8,657,7,5,2,4,113247,334,6.3,1429052568,954904531.0,3319.57,7.8,20.4
1,5,1200,2,4,4,6,436652,754,10.0,7947066400,5867876974.0,204.15,32.4,784.1
9,3,1997,7,1,4,1,179264,548,9.6,2975495577,854943401.0,3357.09,46.4,14.7
1,2,991,4,1,3,1,108592,239,7.4,3128340054,1163019161.0,1000.83,45.8,15.3
8,3,859,6,1,4,3,296557,276,9.3,8822778339,2667329452.0,4658.25,48.2,12.4
2,8,1522,4,5,2,2,67663,160,6.6,973981819,284908492.0,4649.19,1.2,73.9
8,7,2133,4,7,4,2,272694,903,8.9,3727836057,\N,4231.93,21.4,493.1
3,1,1900,3,3,3,6,116433,161,7.9,3237768864,\N,1016.77,25.8,378.8
6,4,1407,2,1,3,2,468926,966,7.2,6050270822,2801378925.0,614.99,32.4,3.1
3,5,633,5,4,4,1,219253,1015,9.9,3581497755,2517724547.0,4459.56,\N,771.7
7,4,1665,5,1,3,5,452581,1530,6.8,4844064959,2492589354.0,2438.99,39.2,1.3
10,5,1487,1,4,4,3,377701,1655,9.6,7512926131,3368377977.0,4392.32,31.5,420.1
9,8,695,1,5,2,2,276908,174,4.9,2582084027,1505117510.0,4285.82,-4.9,15.2
2,1,929,7,3,3,5,185579,625,7.0,2099269648,1433997495.0,4304.16,\N,589.8
5,4,116,8,1,3,6,487020,1655,7.2,6641394336,4547667015.0,1195.17,36.9,6.9
6,1,1032,6,3,3,8,480956,849,7.7,13198779316,4057513721.0,3311.39,23.6,367.0
4,8,1242,7,5,2,4,379117,536,5.5,4766638041,1156485053.0,4697.38,5.7,\N
4,5,1743,5,4,4,1,163533,408,9.6,4241915193,2520230843.0,1709.36,33.9,779.4
4,2,1614,2,1,3,4,50226,166,7.9,636046996,267022076.0,3313.83,37.6,26.4
2,7,1904,7,7,4,8,16259,69,8.8,315060398,197841811.0,1862.86,22.2,792.8
4,4,304,4,1,3,1,245964,329,6.2,2696158982,1308081242.0,1358.15,33.6,5.9
1,1,1491,5,3,3,3,6004,23,7.8,150843295,91432813.0,4081.31,22.5,\N
6,6,1976,6,3,3,8,368968,1116,6.1,7265275094,2491633319.0,986.19,20.8,455.0
1,4,88,6,1,3,6,490035,973,6.7,12722533687,6328073559.0,587.12,36.9,5.0
10,4,1034,5,1,3,4,64199,191,7.0,1380535296,671636311.0,1409.33,\N,7.2
6,4,308,8,1,3,3,249963,452,6.8,5680559152,1443689770.0,2263.58,42.9,1.2
1,3,802,1,1,4,7,47672,182,9.7,1635573880,1040983487.0,4008.97,46.8,18.5
6,1,164,8,3,3,7,226927,566,8.1,5733061035,4115580116.0,1204.48,\N,278.0
10,1,996,2,3,3,3,324460,930,7.4,6463502768,1324033211.0,4540.51,\N,413.3
8,4,1359,5,1,3,3,131204,118,6.6,3048997274,1672356342.0,2771.74,36.0,4.8
2,8,2066,4,5,2,4,65307,70,6.9,1276151025,751621413.0,3580.89,-4.8,44.6
2,8,1095,4,5,2,4,415577,459,6.7,6871815041,4718426927.0,1293.16,0.2,61.5
4,2,1199,3,1,3,8,327796,1337,8.8,6435553308,2949124696.0,4222.75,40.6,10.8
3,4,1878,4,1,3,4,494592,1335,7.3,13878845030,6993222542.0,204.75,31.6,4.9
4,3,1824,5,1,4,7,153861,378,8.2,3104945752,1376297086.0,1095.84,46.7,2.3
7,5,811,5,4,4,7,313911,411,10.0,11928618000,7938743515.0,3910.74,25.7,690.6
1,3,1349,4,1,4,2,256354,823,10.0,6547281160,2549039799.0,371.05,45.9,13.3
6,8,1804,1,5,2,8,483073,369,4.5,6938860572,2236907491.0,2985.67,-1.5,7.4
3,2,1594,2,1,3,3,143843,214,7.6,2699127589,1074573058.0,3628.82,39.0,20.4
10,8,433,6,5,2,6,108152,358,6.8,2594609740,1572297313.0,2885.97,2.5,\N
7,8,1648,5,5,2,2,116273,281,6.2,1857019337,908023345.0,551.83,3.8,43.7
10,8,1152,4,5,2,1,451220,385,6.0,5168273880,3416496594.0,3012.04,9.2,48.9
2,4,822,6,1,3,8,73229,231,7.6,1901142006,1130586056.0,3075.85,34.2,8.2
2,8,1071,4,5,2,7,435434,693,4.6,4532780853,1655037859.0,2451.77,-4.7,\N
4,1,505,5,3,3,4,494768,981,8.9,10317248673,4286782170.0,1854.15,20.1,398.0
1,7,115,3,7,4,6,164279,360,8.2,4307986784,2049204862.0,1255.63,25.9,873.0
3,6,1440,2,3,3,8,497425,768,6.9,13042483500,5426551400.0,429.82,21.9,402.0
9,4,1791,5,1,3,5,311217,703,6.5,7731563931,3994483163.0,224.3,44.9,4.7
7,2,995,6,1,3,1,9521,17,7.3,197180862,142102609.0,3967.82,43.4,7.4
7,1,223,4,3,3,3,271684,535,7.9,5520292859,1409524329.0,2651.35,25.0,576.0
4,3,636,3,1,4,7,205007,893,9.6,3800337763,812556603.0,781.2,43.2,3.1
2,8,1973,7,5,2,7,105785,80,5.3,2173120098,1207385765.0,517.09,8.4,20.3
4,5,672,5,4,4,3,158124,466,9.8,3787259548,2972563400.0,500.76,26.0,715.4
6,5,958,2,4,4,8,135916,259,8.2,2585665984,2047143463.0,764.14,24.0,318.3
3,7,933,3,7,4,8,341582,319,8.7,7569081379,4265247277.0,191.19,22.9,762.2
1,4,96,6,1,3,6,138775,197,7.3,3527466215,2591914089.0,3836.96,44.8,0.9
8,3,2155,8,1,4,2,341498,917,9.1,10966832622,6092701060.0,1865.67,44.6,6.2
5,7,632,4,7,4,7,108525,386,10.0,3252494250,2150672287.0,1474.13,22.5,707.1
5,6,1702,1,3,3,4,399156,1302,7.7,6082458874,3250601876.0,2331.97,19.1,348.8
4,6,1950,7,3,3,7,305853,982,7.4,8365201891,5292363035.0,1588.27,19.7,564.4
6,7,698,7,7,4,6,3392,11,8.8,77340313,49967238.0,3501.35,20.2,588.7
3,2,32,2,1,3,4,348188,742,7.1,9277921904,3110842370.0,1522.83,38.2,17.6
9,5,2114,8,4,4,7,7187,19,9.4,264894133,98591818.0,3122.74,29.8,578.7
5,3,1203,3,1,4,1,387201,1732,9.9,8939232046,6336673400.0,1902.75,45.4,6.7
3,4,779,5,1,3,6,155379,456,6.4,3500378112,2599991479.0,2075.41,32.0,7.4
1,8,1467,5,5,2,1,367252,412,6.6,7286132779,3946642472.0,3926.08,-4.1,61.3
10,1,916,3,3,3,1,343569,807,8.5,5002536424,2004141865.0,2617.21,19.5,486.7
6,4,549,5,1,3,8,30652,103,8.0,497298048,360781450.0,2057.33,35.7,4.4
2,4,1894,7,1,3,5,129785,321,6.9,3402067183,2316698017.0,1673.59,40.9,9.2
3,3,2097,7,1,4,5,234330,497,8.9,4794649563,1905488736.0,3295.1,44.8,19.4
1,5,1704,7,4,4,3,26375,57,8.1,333274500,72034261.0,3152.14,27.4,648.7
9,3,1157,3,1,4,8,489804,2326,9.8,11352187308,5351293796.0,462.44,44.4,\N
8,1,2031,2,3,3,7,166511,545,8.0,2216594432,862087099.0,3389.58,25.9,449.6
2,7,1834,7,7,4,3,29439,86,8.5,819007699,566820596.0,2287.92,\N,502.4
8,3,344,5,1,4,3,402185,1768,8.9,10809928430,7151894280.0,4871.18,49.0,5.1
9,2,1200,8,1,3,8,83443,261,7.6,2279195479,1415969251.0,2368.75,44.3,22.3
1,4,2059,2,1,3,6,193087,223,6.2,4047528311,1715482707.0,4719.58,33.9,3.7
5,5,945,8,4,4,4,463873,783,8.5,11375325642,3227349667.0,4029.27,\N,\N
8,8,926,4,5,2,3,472157,1270,6.6,7413525919,2940222744.0,4840.41,-3.6,67.5
2,6,2051,4,3,3,2,353955,285,6.3,8886217252,6571533929.0,1069.2,26.2,369.6
4,1,1331,4,3,3,1,215209,890,8.4,3405811550,2415584937.0,1694.98,26.3,295.4
7,6,2004,4,3,3,6,450071,1026,6.0,5346843480,1622672225.0,2962.36,17.8,243.2
3,4,1788,5,1,3,4,313776,376,7.5,5723274240,4549154815.0,531.93,37.6,8.6
5,3,1940,3,1,4,7,116778,557,9.9,3959650035,2292236784.0,3571.5,42.6,3.0
8,6,2157,5,3,3,5,492289,1577,6.7,9189164931,2856575830.0,1382.17,25.8,449.4
10,2,2156,6,1,3,1,184821,166,8.4,4345437423,2705450896.0,789.75,45.2,\N
3,3,52,5,1,4,3,325363,702,9.1,8772860177,\N,341.78,45.4,11.0
4,4,2160,2,1,3,5,412720,392,6.9,6077136912,3898915936.0,2104.42,44.6,9.0
9,6,295,3,3,3,5,354142,425,7.7,7766192403,4741102786.0,680.08,27.3,461.6
7,8,2113,8,5,2,5,71262,131,4.6,635614282,467573271.0,2520.21,7.2,76.9
1,7,465,7,7,4,8,267897,401,8.1,8102651923,6375944885.0,2074.78,\N,872.1
4,1,1670,1,3,3,6,374668,603,8.0,10238927104,3055908848.0,4360.75,29.1,\N
4,6,634,1,3,3,8,243638,186,6.0,3322735044,2005159479.0,411.04,24.0,205.9
9,8,1355,7,5,2,1,9226,12,4.3,91760873,34589498.0,4305.66,\N,36.1
6,7,1525,3,7,4,4,59452,134,8.3,874889686,216164454.0,3589.2,27.9,517.2
9,7,210,1,7,4,1,363346,1505,9.5,7832104703,2928772011.0,3247.77,23.4,511.4
6,6,2137,3,3,3,8,220687,790,7.6,6299642827,1577629230.0,4877.58,19.7,511.1
6,5,2076,2,4,4,2,218124,287,8.6,2935730916,1631201514.0,293.51,29.7,611.6
5,6,238,2,3,3,3,191830,588,7.4,4836379594,984054460.0,2478.11,23.4,403.0
5,4,336,5,1,3,6,302644,262,7.7,4101431488,2341616238.0,3659.88,40.0,6.9
2,7,2111,1,7,4,8,177845,617,8.7,3075935981,1927004895.0,2695.43,25.9,789.7
8,1,1577,7,3,3,4,491202,814,7.7,14663804185,10618471286.0,1636.27,27.5,391.7
8,4,500,3,1,3,6,442142,1310,7.5,6499487400,1883045918.0,179.71,43.1,2.5
1,2,1565,8,1,3,4,30235,109,8.2,393956002,267819643.0,3277.87,38.0,7.3
8,3,791,2,1,4,3,197130,762,9.5,2814720705,2018888776.0,4334.34,40.4,13.0
5,6,1136,5,3,3,7,42148,58,7.7,908710880,648179480.0,3605.77,26.9,501.2
2,5,229,1,4,4,2,426235,932,9.9,13452488082,9761960837.0,302.86,25.0,456.1
2,1,150,1,3,3,5,127603,262,8.3,2238947758,1727984306.0,3519.96,25.4,551.7
6,5,1779,1,4,4,3,1786,3,9.5,54413169,26527537.0,3700.7,\N,655.4
9,5,1625,8,4,4,8,463112,1250,9.6,11741556403,\N,3333.47,33.9,456.3
1,5,333,2,4,4,5,76310,200,8.3,1364285442,857144286.0,2965.44,22.3,359.6
6,6,174,8,3,3,3,142298,175,8.0,2326856896,807030906.0,3522.09,15.1,374.4
9,1,1367,2,3,3,1,324184,275,7.9,9488703588,\N,2901.94,21.3,331.0
8,1,2109,1,3,3,8,253144,532,8.1,3479641480,1912744210.0,2421.58,26.9,272.4
6,7,1085,2,7,4,6,226390,952,9.2,3876068467,2430906931.0,2705.05,24.7,684.0
3,5,819,1,4,4,2,226885,864,8.9,6376875187,4169262923.0,406.75,25.8,\N
8,7,1702,4,7,4,8,26416,101,8.3,576634864,460678364.0,2651.45,29.8,699.5
9,7,1613,2,7,4,6,80326,238,8.9,1211042971,907870047.0,3532.87,21.6,\N
1,3,624,3,1,4,8,2877,8,8.0,78116304,28285352.0,2493.9,48.5,9.4
9,6,578,2,3,3,2,418487,1206,8.0,5051975064,3765120715.0,2807.04,23.3,306.7
6,6,423,1,3,3,3,355217,756,7.3,10100062569,7575978826.0,3831.97,15.1,283.6
6,4,1395,3,1,3,2,311648,422,7.0,3815506464,2934628358.0,749.69,\N,7.0
4,8,1230,5,5,2,5,55280,43,5.7,519908400,322910255.0,3761.83,-2.9,32.0
1,7,754,3,7,4,2,468948,1803,9.5,13814973606,7702917452.0,1899.17,25.6,645.1
10,6,747,3,3,3,2,51767,147,6.4,1192711680,509260897.0,3938.54,19.7,448.1
8,5,688,2,4,4,6,374652,792,9.7,13413553160,5812535407.0,1137.38,34.6,419.3
2,8,723,6,5,2,2,235268,664,7.0,3873452352,2213048253.0,3980.85,-2.4,\N
1,2,1567,3,1,3,7,22302,84,8.5,499698612,337330595.0,3967.9,38.5,6.5
2,5,747,3,4,4,4,216410,846,8.2,6878202311,2588256747.0,1640.27,30.9,654.5
1,1,242,7,3,3,7,254283,323,7.6,4680638037,2542309433.0,3990.32,24.7,554.3
1,6,708,1,3,3,3,438700,632,6.7,6989631620,3339401880.0,663.26,24.0,361.2
9,8,435,2,5,2,1,25946,27,4.0,353488304,190983056.0,4056.77,6.8,16.7
1,6,781,1,3,3,8,162432,158,6.8,2815466342,1538590228.0,775.02,\N,566.0
4,4,484,2,1,3,8,352940,417,6.4,3925822208,2896526538.0,4928.59,35.8,9.7
10,7,1534,8,7,4,1,206989,245,9.9,4612729166,1098933496.0,2957.37,27.6,\N
6,2,170,5,1,3,4,83632,274,8.4,1109963904,608562535.0,3919.39,44.4,4.5
7,6,1021,6,3,3,6,274481,679,7.6,7165600985,4958347159.0,2838.92,26.3,257.4
2,4,869,3,1,3,4,194054,444,6.8,3378092032,1866946485.0,2915.09,44.4,9.2
6,4,848,7,1,3,1,39492,99,6.2,421877239,191193895.0,2440.17,40.2,4.2
7,2,1498,2,1,3,5,140261,154,8.3,4390071117,1651332114.0,734.44,38.6,14.2
10,5,696,3,4,4,1,264209,379,10.0,8911769570,7009487143.0,1396.13,25.1,635.2
10,5,32,3,4,4,1,125042,132,9.6,3260295091,930157683.0,4682.44,28.6,662.7
2,5,177,4,4,4,7,287437,418,9.2,9437936407,3714517525.0,1894.57,25.0,329.4
2,3,2113,8,1,4,8,398336,1015,9.2,6955583897,3002496530.0,328.39,44.5,\N
10,7,2075,8,7,4,3,65700,108,9.3,1599013170,767173700.0,3996.97,25.5,533.3
7,8,1503,1,5,2,1,288581,799,6.9,4850584880,2548668758.0,3580.81,-3.7,31.1
1,7,66,8,7,4,1,373356,1070,9.0,5053746816,3419957815.0,1572.13,\N,877.6
8,5,133,8,4,4,7,252872,932,8.1,3594701916,2393749835.0,1887.14,33.4,627.9
3,2,1929,8,1,3,2,384871,1087,8.8,7285146184,1990713282.0,2481.67,45.9,22.9
6,3,916,6,1,4,4,477141,1971,9.8,17478819968,10447247853.0,756.13,46.3,7.6
9,7,2130,7,7,4,7,481958,1823,8.4,14627039733,10718791132.0,4961.81,29.7,766.9
6,5,1917,2,4,4,8,387682,1264,8.4,6776836432,1530943824.0,1921.03,25.6,689.4
9,3,1855,8,1,4,1,59900,209,9.2,1820768320,1113705863.0,4296.11,42.7,1.4
7,8,1352,5,5,2,1,307921,331,5.6,2600331260,1229097034.0,4150.4,1.0,18.0
9,2,585,6,1,3,5,288016,583,7.1,7821794519,3801783155.0,1362.5,42.1,5.6
2,5,1149,4,4,4,8,398672,654,9.7,10723519323,8518244662.0,442.12,33.4,378.7
8,8,1749,1,5,2,8,498785,428,5.3,5110002446,1319974351.0,2266.39,2.0,51.4
8,1,2181,5,3,3,7,192966,263,7.4,5220579350,1254576224.0,1133.31,26.4,371.6
2,8,1893,5,5,2,1,274555,258,4.6,2437499290,1803154589.0,1927.23,1.4,36.5
4,6,974,3,3,3,3,376415,1181,7.7,4599753658,2232180194.0,4597.9,26.4,336.7
7,2,1443,1,1,3,6,343876,1411,8.7,7368609315,2837252567.0,2945.84,40.7,10.8
4,8,234,4,5,2,5,314047,196,4.7,3557210369,1972907960.0,2140.69,-1.7,6.1
4,8,1478,2,5,2,1,400386,692,6.0,8778062664,3723354804.0,2988.16,-4.7,35.6
6,4,1594,2,1,3,6,60344,169,6.2,778944489,387284373.0,567.24,35.4,9.7
10,4,771,4,1,3,3,63637,108,6.5,1435332535,761891462.0,3813.88,32.7,3.0
6,8,306,3,5,2,4,229799,586,5.6,4357356718,2684322545.0,2853.07,\N,13.4
10,8,2,3,5,2,1,23973,37,5.7,522261394,165754372.0,4851.44,5.8,39.8
3,2,271,5,1,3,4,47798,151,8.7,1462102581,990672937.0,2001.73,39.2,9.4
9,4,421,8,1,3,1,283989,908,7.5,4935018847,3499947969.0,975.6,37.9,3.3
10,7,864,1,7,4,5,26108,95,8.6,411785819,124581861.0,938.18,25.0,432.0
2,2,1877,5,1,3,8,243403,632,8.7,7110921283,3518426882.0,4293.99,47.5,15.8
6,1,1010,8,3,3,5,438520,547,8.6,8655069240,3428287836.0,2330.92,20.6,616.7
7,2,1061,7,1,3,6,364132,870,7.7,10048877977,3367367163.0,1494.33,38.4,19.1
9,5,107,7,4,4,3,235624,581,9.2,4818887798,1893214407.0,3953.17,27.2,689.7
3,5,1849,2,4,4,2,369479,1124,8.6,5929251200,3705886627.0,3698.89,24.1,676.9
10,3,1134,4,1,4,7,272930,696,9.8,7807490166,6155592112.0,4556.0,49.2,5.2
3,4,549,1,1,3,6,496945,1606,6.5,7426097607,5388508483.0,4337.28,34.2,8.1
7,8,1621,4,5,2,6,210208,238,4.5,1954303776,447094033.0,534.12,9.7,71.2
4,6,1838,1,3,3,3,410588,306,6.6,7715030637,2050696254.0,899.95,22.8,301.5
8,4,1512,6,1,3,1,436021,1354,7.3,7250767617,3231365881.0,2330.4,41.5,0.7
7,7,1378,2,7,4,4,173322,685,8.1,5118649297,3850186009.0,4478.98,25.3,803.1
5,2,19,2,1,3,4,89685,221,8.2,1194317207,261732734.0,3743.88,39.1,5.9
7,6,859,6,3,3,8,44976,65,7.2,562164019,265935522.0,694.59,24.1,202.4
3,6,1417,1,3,3,1,176720,184,7.2,3132609408,2500287820.0,989.0,20.0,514.3
2,8,1285,3,5,2,2,223518,643,6.0,3406414320,1373291893.0,2347.42,3.2,58.9
6,8,410,1,5,2,2,120559,168,6.2,1163804250,890523409.0,3457.54,3.4,35.9
2,4,1427,2,1,3,2,247446,373,7.9,6767598610,4726011731.0,1017.25,42.8,3.4
3,6,1694,7,3,3,1,104081,292,6.1,2038644955,428227936.0,462.73,26.2,384.1
6,6,624,4,3,3,7,482358,1027,7.1,5352871433,1871068460.0,141.7,27.3,383.8
5,5,656,5,4,4,5,209533,684,8.4,5968421785,1855281512.0,696.38,32.4,408.2
8,1,768,4,3,3,8,356211,418,8.2,9671199892,4048936645.0,2079.13,27.1,393.5
9,8,18,2,5,2,6,185131,266,6.9,3110478496,2282377797.0,4329.59,2.2,11.8
3,2,1817,4,1,3,5,203541,198,8.8,5147796139,1261679847.0,251.28,39.8,9.7
10,4,1781,3,1,3,1,473652,1125,6.8,6425563032,1985854969.0,3414.77,33.0,0.1
3,8,8,3,5,2,5,336121,998,6.5,4907030479,\N,713.17,7.2,\N
3,5,705,7,4,4,7,216761,884,8.9,7463969950,5655532608.0,2483.48,24.9,656.7
6,7,1342,1,7,4,2,247966,958,8.5,3595754966,986495659.0,1472.78,21.1,625.1
1,8,1160,8,5,2,5,413699,690,6.6,9100467862,5683263164.0,4200.61,-0.7,63.8
7,7,531,4,7,4,1,308660,719,9.4,11031138008,4844652947.0,3337.88,25.7,836.9
1,3,2022,4,1,4,8,278904,1139,8.2,5699235897,3336215138.0,1519.42,42.7,17.1
5,6,1716,2,3,3,6,88076,245,7.1,1376997799,643415761.0,2540.99,20.7,366.7
10,6,1761,1,3,3,5,427757,486,7.4,7391213203,1877475437.0,3795.57,24.7,249.6
8,4,1347,1,1,3,5,459790,513,7.6,6642862004,\N,4341.41,36.9,2.7
4,1,1797,4,3,3,5,307357,874,7.5,5230447747,2005583983.0,3116.97,24.0,608.4
5,1,1686,5,3,3,5,332392,1426,9.0,10619924400,2683370679.0,3092.14,28.1,305.1
4,4,1803,4,1,3,6,216431,624,6.7,2470949440,1398281883.0,559.68,41.3,6.6
4,4,44,4,1,3,1,420906,920,6.5,8481255900,1878572644.0,2630.41,\N,9.0
8,5,489,4,4,4,3,99289,149,9.3,2357408798,956273587.0,4085.55,27.0,359.0
2,7,181,3,7,4,5,149342,171,8.2,3454609012,2016332091.0,3428.09,24.0,809.8
1,4,628,6,1,3,3,50701,154,6.6,1169519967,525211300.0,285.41,32.1,3.2
3,7,957,1,7,4,6,99587,405,9.1,2039950066,798060340.0,3512.87,27.0,592.2
9,8,2115,6,5,2,1,273895,322,6.8,7191058446,\N,2043.04,3.3,18.7
4,8,1549,3,5,2,4,232800,557,5.4,3975013440,1607217517.0,3435.63,-1.8,54.8
10,3,1116,5,1,4,7,123999,466,9.9,2031661615,1408951911.0,4065.59,45.5,13.9
5,7,1782,8,7,4,3,254437,984,8.3,7904568835,1878317197.0,913.51,20.0,760.2
2,5,651,2,4,4,1,483405,1631,9.1,16856912436,8371976017.0,4359.6,32.1,744.2
4,8,1877,7,5,2,8,219104,634,6.5,4390734608,2131076523.0,1013.2,2.0,3.8
2,6,1268,5,3,3,4,391000,1087,6.5,5522679500,2132230278.0,1471.88,26.9,487.3
2,6,341,1,3,3,5,425871,492,6.1,8829966726,4866991194.0,3418.56,18.2,558.5
4,8,1809,2,5,2,6,63439,56,5.5,1060700080,788563620.0,3650.2,-3.8,49.1
6,8,2145,6,5,2,6,488337,673,4.9,7470481758,1643783036.0,2157.74,-4.5,71.2
7,8,1355,5,5,2,1,8561,9,5.9,113596765,33961663.0,607.74,-1.0,71.1
10,7,449,1,7,4,2,433773,773,9.0,14062053114,5923155409.0,4591.45,24.0,609.3
3,6,1442,7,3,3,4,233408,662,7.9,5316030585,3451979591.0,1766.07,21.1,231.6
3,6,77,8,3,3,2,287052,328,6.2,4360319880,3338601117.0,4837.83,17.3,230.1
10,2,896,8,1,3,6,234400,694,8.4,7537178880,2440197072.0,4253.49,43.1,\N
6,8,549,7,5,2,6,127718,149,4.8,1810939065,717994340.0,1512.3,0.3,42.6
3,3,798,5,1,4,5,388998,609,9.4,12202011464,6933152306.0,3752.48,41.1,1.8
2,8,1453,2,5,2,5,411904,1102,6.0,7068272640,3637529220.0,1402.88,1.3,50.2
8,5,1509,2,4,4,3,416495,951,8.4,13476445416,6604802383.0,174.82,34.4,478.5
5,5,815,5,4,4,6,222782,294,8.3,3613123032,1419026476.0,1351.49,23.7,309.4
1,6,2183,3,3,3,5,287331,255,7.7,4969159780,2651883448.0,842.67,24.0,371.7
3,8,1584,5,5,2,8,417930,787,4.2,3612419748,2174681158.0,1573.81,-4.8,74.5
10,1,646,6,3,3,3,128257,134,7.4,2083278451,1605030493.0,2415.33,29.8,296.8
8,5,1826,5,4,4,4,329149,811,9.9,12705184314,3026012362.0,795.08,31.4,493.8
4,8,720,5,5,2,2,215125,548,5.6,4787477800,1997821475.0,529.22,-3.3,58.7
7,3,1523,3,1,4,4,238427,912,9.8,7600909703,3680302664.0,2567.71,48.6,2.2
10,4,1070,4,1,3,7,414962,1357,7.9,6841602982,3673075343.0,1770.95,30.5,8.8
2,8,1467,2,5,2,2,427402,912,6.6,5083177466,3007609440.0,2261.8,-3.5,29.1
7,3,648,6,1,4,1,17051,26,8.4,569046433,137462876.0,4952.05,43.5,4.8
5,6,792,1,3,3,4,151277,445,6.3,3247977700,1918880498.0,1790.91,23.2,268.5
5,6,579,2,3,3,8,225587,334,7.6,3183754448,1851681725.0,3036.91,17.0,\N
6,2,2049,2,1,3,7,60649,88,7.7,973222373,415387397.0,2445.2,46.1,22.9
9,7,2157,4,7,4,1,355016,1517,9.7,11591343403,\N,3699.37,20.6,735.5
6,5,460,2,4,4,2,147374,270,9.2,3957699295,\N,4924.97,31.8,725.9
8,7,1162,2,7,4,6,128263,500,8.0,3658060760,2248693935.0,2640.87,28.3,684.7
7,8,44,3,5,2,6,457107,757,4.4,3081266865,1191624026.0,1784.68,\N,41.5
9,7,1534,3,7,4,3,404747,867,8.8,10243660873,6447899827.0,854.35,26.2,418.5
4,5,983,3,4,4,8,55841,53,9.2,1923432076,588823542.0,4071.19,31.3,382.7
2,5,633,3,4,4,4,22021,42,9.7,471850573,284224441.0,413.93,28.5,671.2
7,8,1258,3,5,2,4,349538,495,4.4,3555780166,2007729255.0,2927.96,1.5,79.3
6,6,623,8,3,3,8,25833,42,7.7,457900258,103931225.0,3831.44,26.9,391.2
1,5,1978,6,4,4,3,112465,117,9.2,2621874051,1013062324.0,999.9,32.1,553.6
9,1,361,1,3,3,3,65231,96,8.0,1657911096,970275989.0,2429.69,21.4,509.1
9,1,210,4,3,3,5,431267,1033,7.5,10130461830,4630070490.0,2014.81,21.0,362.6
2,4,931,5,1,3,7,168833,526,7.6,3522194046,2635482723.0,1091.45,40.1,4.3
3,5,1607,7,4,4,8,241885,871,9.3,5860026952,1468365158.0,4415.95,30.4,524.6
5,2,489,6,1,3,6,2473,4,7.8,48647866,17710417.0,2684.94,45.8,26.8
5,4,601,3,1,3,5,11400,15,7.6,305579280,223109807.0,4288.69,39.2,4.1
1,6,774,4,3,3,2,180821,532,7.6,4163945987,\N,4264.39,15.1,326.9
8,5,878,5,4,4,6,19960,45,9.5,630107260,\N,4901.71,28.3,\N
8,1,1488,2,3,3,4,354675,1015,7.0,3863120100,1665879413.0,4601.79,25.9,301.1
4,2,700,8,1,3,3,133778,222,8.4,3633035901,880849685.0,3676.03,40.9,2.6
7,8,1958,8,5,2,3,188854,357,4.4,2077394000,1084005480.0,3393.3,5.4,64.8
10,4,256,6,1,3,7,459338,1314,6.8,10532436604,8252900498.0,861.99,30.1,0.9
3,2,1174,2,1,3,8,272602,451,8.0,5519645296,3634127666.0,2175.6,35.9,10.6
6,5,2175,4,4,4,8,274027,743,9.9,8165730573,4247085125.0,2839.64,32.6,334.5
10,3,392,1,1,4,6,127918,146,9.6,4349621337,2188659229.0,356.27,45.8,\N
10,2,993,1,1,3,1,498335,755,8.7,11593165773,8132117690.0,815.61,35.1,26.9
9,2,845,8,1,3,7,69713,171,8.6,1419691302,878919165.0,3221.75,47.8,3.8
1,6,139,4,3,3,7,287901,426,6.8,3404486905,1155621297.0,777.88,15.5,522.3
5,1,103,7,3,3,5,342750,673,8.2,9777903449,5438722274.0,1725.12,29.3,359.4
4,8,1266,7,5,2,6,335825,454,6.1,5957132509,3007415587.0,234.54,-0.9,72.3
8,5,1141,1,4,4,6,176748,277,10.0,2964063960,1107310421.0,890.22,26.5,541.1
1,2,1238,7,1,3,1,78820,76,8.9,1735506052,1113589841.0,2794.68,40.2,1.3
9,5,484,1,4,4,3,128087,272,9.0,2001231288,1549252502.0,3227.93,\N,\N
6,1,224,2,3,3,4,158617,189,9.0,2246968422,1633144197.0,559.53,28.5,699.2
4,6,1294,7,3,3,4,139898,345,7.2,2453699001,1341185472.0,1244.96,24.6,302.5
9,5,1849,1,4,4,1,29486,40,8.3,488978132,318456216.0,2008.46,22.9,666.5
5,7,1885,1,7,4,7,236088,281,9.2,7519497235,4189620122.0,3427.92,23.3,858.3
5,1,2162,4,3,3,5,273081,374,8.5,7068018982,3704636173.0,421.34,25.7,318.6
5,1,1465,1,3,3,2,105764,91,8.2,2354623932,578331609.0,2271.95,27.4,681.6
1,8,644,7,5,2,6,446657,568,5.2,6440615277,3424491197.0,3697.04,8.4,61.5
1,4,1256,8,1,3,4,225790,782,7.9,4623456672,2937406827.0,745.5,32.6,9.5
8,6,458,8,3,3,2,406872,676,7.1,6020240860,3224444744.0,2750.95,18.3,590.9
8,6,1628,7,3,3,6,290421,985,7.4,6782608202,3843716520.0,2231.94,18.8,546.1
6,8,611,6,5,2,5,25810,65,6.8,436839412,119187657.0,1984.6,2.1,38.8
4,7,207,3,7,4,1,380430,1091,8.8,7706598768,2016258032.0,4672.7,23.8,586.0
2,5,1544,3,4,4,7,413571,1026,9.9,7435344866,\N,2008.02,34.2,610.1
2,3,1467,4,1,4,5,464691,1913,9.1,13975814170,3122845584.0,2261.57,47.3,16.5
9,7,917,3,7,4,3,167605,148,8.2,4510652801,3211272444.0,358.22,\N,545.0
5,4,2141,2,1,3,8,461220,1028,6.1,4827866472,1048603329.0,1857.24,32.5,9.7
4,6,1432,6,3,3,5,368461,834,6.8,4129121350,974059863.0,2642.22,20.6,590.4
10,1,1182,6,3,3,1,193027,334,8.0,3869805296,2510531711.0,96.8,28.3,322.8
1,6,2147,4,3,3,1,183868,142,6.1,2592005582,1009817876.0,295.6,20.0,496.8
7,7,852,7,7,4,8,368039,710,9.6,11952728995,6437088061.0,1233.17,27.7,540.5
3,3,441,1,1,4,5,342119,355,8.0,5848866424,1261613140.0,3724.48,43.6,0.9
6,2,720,3,1,3,6,427708,1557,7.7,10933927312,4108465077.0,3927.54,46.7,28.1
5,2,585,2,1,3,1,172152,142,8.0,4383678528,2307136721.0,4017.77,40.5,28.0
5,8,2015,7,5,2,3,427671,757,6.6,9800166499,3223941443.0,2887.53,5.2,40.4
5,6,64,4,3,3,2,377338,964,6.5,4976522213,2930779798.0,4185.94,27.4,491.5
1,6,768,7,3,3,5,231984,384,7.4,4586973235,3000505145.0,728.55,16.9,212.2
1,4,560,4,1,3,1,474963,617,6.2,10751357460,4386328477.0,4622.27,41.7,6.5
3,6,1734,1,3,3,8,218512,789,7.3,2400682088,895624545.0,4041.06,16.6,446.1
10,3,670,5,1,4,7,420824,531,9.9,6261734872,3762692999.0,3017.81,42.4,8.0
4,6,1543,8,3,3,6,291947,778,7.6,4544096665,2742890931.0,2925.73,15.9,288.9
5,5,1272,3,4,4,6,323510,1016,9.2,11687898684,3846565390.0,602.31,30.9,567.2
2,7,618,2,7,4,8,321425,543,8.8,5201685060,1624644993.0,4014.98,21.5,\N
8,8,1995,4,5,2,6,181659,524,6.8,4534717285,3548176001.0,2516.32,9.9,\N
2,3,1122,7,1,4,2,155154,350,8.1,2473278883,1560860457.0,4116.38,\N,6.7
9,4,1292,3,1,3,3,353315,957,7.6,9169937510,3185996838.0,1612.16,39.5,5.7
2,5,1084,7,4,4,5,176718,316,9.9,6679622307,3982512581.0,302.22,28.3,636.4
9,5,1164,2,4,4,1,301049,298,9.0,9954486234,3317060653.0,2552.51,27.4,536.9
7,7,1933,6,7,4,2,287665,386,8.5,4000269490,2772886984.0,4412.66,25.4,525.3
8,2,1352,6,1,3,3,263952,428,8.6,7191319449,4098897144.0,489.52,40.0,25.9
2,3,464,8,1,4,4,362364,1226,8.6,6933835140,2717222911.0,2087.52,40.4,16.1
7,7,1661,8,7,4,1,120233,301,8.2,1684921215,755153489.0,4178.71,20.5,597.0
6,5,1949,2,4,4,6,458823,943,8.1,12078515475,9259350863.0,1181.5,25.1,674.2
4,4,60,8,1,3,6,18789,52,6.9,218839240,119689431.0,1348.42,36.6,\N
7,7,333,6,7,4,3,241278,271,8.8,4951410604,2650825346.0,3125.75,28.8,805.7
4,2,76,4,1,3,7,489734,597,8.0,6221580736,2183783292.0,4329.92,37.0,\N
2,5,1779,3,4,4,7,262618,1140,9.7,7672752535,3250211546.0,2906.32,23.9,423.8
10,7,190,2,7,4,2,58173,122,8.6,1672962403,1203698591.0,554.34,22.1,447.0
7,3,1913,4,1,4,7,482936,842,8.4,16202309625,8607076998.0,4650.43,47.4,7.9
8,2,296,3,1,3,6,270426,556,8.9,4004900889,2491000768.0,2699.88,46.7,15.8
2,3,177,3,1,4,5,104906,150,8.9,1889734721,813912019.0,1746.27,49.5,12.2
5,3,800,4,1,4,2,249657,532,8.1,3457999107,2541802147.0,3779.96,44.1,8.6
1,3,806,3,1,4,6,20562,78,8.7,582463886,245027107.0,3471.45,46.8,6.3
7,7,1743,5,7,4,5,419845,1245,8.2,8083527691,2894883227.0,1566.58,27.8,\N
8,2,215,2,1,3,3,161288,482,8.6,5492824128,3362940628.0,4284.48,37.8,2.6
6,7,1880,2,7,4,3,465282,467,8.4,7167948379,4870063239.0,466.4,27.2,719.3
5,7,597,3,7,4,2,363950,1664,9.9,10409370345,\N,4401.62,25.4,699.7
6,7,1718,4,7,4,2,252882,1112,9.7,6306548333,3014131908.0,549.14,26.8,833.3
2,5,1356,1,4,4,5,110525,482,9.8,3539717860,1173970818.0,228.63,31.8,483.6
1,6,128,8,3,3,7,363513,676,6.3,8528451195,3660532987.0,4330.85,24.9,491.4
7,1,1293,6,3,3,1,134155,197,7.6,3706166030,2006822413.0,376.24,29.1,251.0
7,5,1559,3,4,4,2,43732,107,9.5,681344560,484993820.0,4957.89,30.8,374.8
10,2,1778,1,1,3,6,470063,847,7.1,12071546884,5191965475.0,458.16,36.9,0.0
10,1,619,3,3,3,1,112911,321,7.2,1799078709,856816668.0,4151.89,20.6,495.2
2,1,142,1,3,3,1,22735,74,8.8,738450988,190422411.0,4822.04,22.3,335.7
2,1,245,3,3,3,8,155453,578,8.5,4641904306,2146478400.0,2885.45,21.2,543.4
1,6,1314,4,3,3,8,117002,250,7.8,1810629350,\N,887.65,16.8,248.6
10,7,1715,6,7,4,7,332098,1423,9.2,7754355460,4144359627.0,850.69,21.6,675.5
8,8,1136,7,5,2,1,14369,28,4.9,133282533,97705344.0,3813.29,-0.2,38.6
8,4,1910,7,1,3,3,138083,391,6.6,2426007843,1327768888.0,383.22,42.4,1.5
1,2,421,1,1,3,8,145688,247,8.7,4812642823,2546088786.0,3445.24,41.6,9.0
8,8,7,8,5,2,3,36481,118,6.7,375433267,222544808.0,1476.52,8.4,64.4
9,6,1549,8,3,3,8,200995,593,7.3,4799418908,3262921550.0,4636.9,20.6,415.7
4,6,671,5,3,3,1,57409,77,6.1,774981313,168858298.0,2791.8,25.2,339.6
1,4,416,4,1,3,1,198330,350,7.0,2691933090,1694787035.0,1150.66,43.0,7.7
1,1,1007,6,3,3,3,374258,909,7.1,8125814844,2469435524.0,4240.83,19.0,445.5
3,7,1737,3,7,4,5,202854,270,9.5,6862449393,1632836998.0,4917.06,25.4,\N
5,4,428,1,1,3,7,478743,1307,6.6,8142556692,4769013594.0,3734.64,31.8,3.6
5,8,334,8,5,2,7,84933,152,6.3,1423842291,926820978.0,3504.54,-1.8,\N
9,8,527,6,5,2,8,128047,321,6.2,2817520578,1539619483.0,4291.96,6.3,31.3
10,4,1196,2,1,3,6,455593,769,7.6,6187499651,3114447189.0,150.08,37.4,4.6
2,6,1754,8,3,3,7,414952,1131,6.1,9886895323,3715749339.0,4450.19,19.5,236.0
2,2,1673,4,1,3,4,111682,325,8.1,3321780062,992414945.0,1286.4,46.0,23.9
6,3,1556,1,1,4,8,251236,677,9.7,8251645431,4326716813.0,2972.94,43.5,4.7
9,7,2029,4,7,4,8,408148,943,8.6,10961957354,7187320474.0,2263.84,21.2,824.6
1,8,1655,1,5,2,2,60395,51,5.2,607066382,249042425.0,2195.54,-1.7,74.3
9,8,454,7,5,2,1,28514,24,5.8,428337307,149648166.0,2279.33,9.3,51.5
9,4,746,2,1,3,3,475427,302,6.2,10720593593,5503947590.0,3434.7,35.7,2.6
9,7,1904,5,7,4,7,71019,184,8.8,2131138152,\N,3396.25,25.9,425.1
5,4,929,2,1,3,1,207497,692,6.9,3875691215,2880308932.0,1910.65,42.9,9.1
9,1,848,3,3,3,1,348702,303,7.2,3959301988,2304286421.0,4964.62,22.2,482.4
4,7,868,4,7,4,8,18204,87,9.7,559225059,272425306.0,4833.26,21.1,419.6
2,1,774,5,3,3,8,46468,187,8.4,974266675,492437558.0,828.25,27.5,366.6
6,8,2131,4,5,2,1,150322,337,4.6,2102102847,1140271790.0,3454.79,8.4,65.1
4,6,543,6,3,3,7,250573,486,6.9,3750100575,2950316160.0,2583.41,18.9,313.9
6,1,322,1,3,3,1,454850,1144,8.7,15270815504,5860773161.0,1390.88,23.8,379.6
3,7,786,3,7,4,5,461787,1574,8.7,6412004852,1584810268.0,4051.03,20.6,657.7
6,5,540,3,4,4,2,88709,187,8.2,2831821923,2096883461.0,1161.46,32.5,773.2
2,7,1789,4,7,4,2,52027,48,8.0,1368934424,1052490804.0,3368.06,24.5,605.0
2,4,449,7,1,3,8,125686,231,6.2,2017486534,1153651315.0,3692.99,42.9,2.1
9,1,490,3,3,3,8,248873,720,8.1,3882568123,\N,2043.27,28.9,379.0
7,2,1906,8,1,3,3,78442,207,8.7,1330768529,415782687.0,237.22,42.3,30.0
3,5,464,4,4,4,5,98534,192,8.0,2170901088,442830277.0,1633.9,\N,605.5
1,6,314,1,3,3,5,145025,429,6.2,1478210820,856250498.0,4054.94,22.5,570.2
8,3,1956,1,1,4,2,480021,2127,9.1,10649649901,7057984362.0,3381.16,41.0,0.8
6,4,385,4,1,3,3,321650,371,6.5,4791941700,1147482399.0,2451.26,35.2,\N
7,4,295,2,1,3,5,492244,1475,6.3,10326786876,7178161120.0,3573.36,43.6,3.3
9,2,1239,2,1,3,3,161137,170,8.3,2169322976,1056451585.0,1119.14,40.0,9.7
5,3,762,1,1,4,2,499416,2280,9.5,11329751376,7910598001.0,4633.16,42.4,0.1
1,8,1099,5,5,2,1,462052,1135,5.3,6462582708,1704762045.0,4204.88,2.5,16.9
10,3,1738,8,1,4,6,1780,6,8.0,50124800,29084702.0,210.11,44.6,18.1
7,6,2190,2,3,3,6,258792,629,8.0,7983215616,4945869973.0,3364.81,27.1,214.5
5,6,1223,4,3,3,6,457379,886,7.5,7673676172,3956646578.0,1423.19,21.6,377.2
3,5,1943,1,4,4,5,245590,458,9.8,4702852028,2791897488.0,2503.82,22.4,716.6
9,8,228,3,5,2,3,230397,130,5.1,1923515433,1059450295.0,1025.88,-4.0,\N
1,4,411,3,1,3,1,346182,884,7.2,7407740908,3313887595.0,3682.94,41.1,7.6
1,1,691,7,3,3,2,30334,35,8.0,519075408,347164638.0,272.19,27.8,550.1
1,6,878,8,3,3,8,455274,1408,6.9,8217877809,6297894369.0,2790.1,22.3,323.2
3,2,787,2,1,3,7,450674,1396,7.4,9041151383,5813558055.0,595.0,47.2,22.5
6,2,2110,5,1,3,4,208982,662,8.7,3758102407,1234077874.0,1571.39,36.2,2.1
10,2,1351,6,1,3,6,18485,46,7.0,343284935,211104619.0,1007.01,45.9,9.6
3,7,1740,2,7,4,5,396022,1372,8.3,8427823386,4967051479.0,2196.93,24.3,567.5
8,8,1987,5,5,2,7,139394,197,6.2,2223696724,507698439.0,2432.67,-2.0,48.1
10,8,879,2,5,2,8,242734,238,4.9,3424272811,2311893210.0,3312.55,3.6,13.4
2,6,1608,3,3,3,5,159975,261,7.4,3010441545,1661663980.0,2275.95,24.2,233.0
9,6,1614,5,3,3,3,112988,368,7.2,1458629884,1069140197.0,3637.17,26.1,516.9
3,2,71,3,1,3,2,452275,531,8.1,7568641215,4840403533.0,4043.44,46.6,1.7
5,8,306,8,5,2,6,263586,673,7.0,7302913716,2226243976.0,4968.82,6.6,36.7
10,8,762,7,5,2,2,299343,972,6.7,6550283394,4717546403.0,662.18,-4.7,26.5
8,6,588,4,3,3,5,158353,530,7.5,2209024350,1107370088.0,2074.55,17.2,383.6
2,7,2122,4,7,4,5,37017,57,8.0,1002420360,315623103.0,1308.24,25.0,590.9
6,1,2190,1,3,3,6,484088,1600,8.8,15689485715,6171601561.0,3637.48,27.5,\N
5,1,1609,3,3,3,6,254841,562,7.7,4087420283,1230577659.0,2602.74,28.9,633.3
10,5,102,3,4,4,3,332920,903,8.3,6443866352,3734114543.0,601.12,27.6,761.7
9,8,1630,7,5,2,8,410089,736,5.0,5009237135,3001424085.0,360.83,-4.6,51.6
5,4,1605,1,1,3,3,180223,438,6.5,1902433988,1258086837.0,2529.05,32.9,4.2
2,1,193,8,3,3,4,143991,255,8.5,2489460399,914772913.0,1786.05,21.3,343.5
5,5,1086,4,4,4,1,344971,1256,9.1,7339534001,1985675138.0,2657.52,34.5,619.2
4,3,300,4,1,4,3,313839,1216,8.4,10268184402,2660616504.0,1281.21,48.9,0.5
7,4,454,5,1,3,1,71308,114,6.8,1819323788,1419464685.0,1968.81,37.0,1.1
6,8,619,5,5,2,5,473869,525,4.5,7602043432,2971530634.0,4871.23,0.7,75.7
2,1,637,6,3,3,4,336938,380,8.6,4430532537,1638949150.0,1243.68,23.7,298.6
5,7,779,7,7,4,4,81139,280,8.7,2494683466,\N,165.87,27.5,884.2
7,3,1480,4,1,4,7,317553,614,8.2,7296224749,5642509351.0,4617.21,49.9,13.9
7,5,2045,6,4,4,7,440865,1174,8.0,6697621080,5108872133.0,4027.25,22.5,360.9
5,1,1648,2,3,3,7,144545,259,7.1,3595022058,2294568386.0,2299.68,26.3,681.0
9,8,337,3,5,2,4,44830,65,4.7,393378767,162832906.0,2685.73,-2.0,\N
4,1,2080,5,3,3,2,166319,607,8.9,3286130802,1125366096.0,1710.11,28.3,338.1
3,6,1995,2,3,3,6,92564,131,7.9,1741119583,401000250.0,758.41,20.1,482.5
4,3,2008,5,1,4,8,416264,378,8.5,13859301748,4775056160.0,1376.71,42.8,8.6
5,1,1783,1,3,3,7,485834,1216,7.4,12935427416,3004521251.0,1821.61,23.9,657.5
6,2,1072,3,1,3,6,413938,800,7.8,9372963709,5598724515.0,2799.73,41.8,\N
3,7,2032,6,7,4,5,368088,1084,8.9,9637942574,4380418620.0,1447.52,22.0,514.4
2,6,1274,8,3,3,2,407192,1408,7.6,9494414425,6390659085.0,1648.95,24.6,251.2
4,6,1250,6,3,3,2,461567,654,6.4,8362855532,3876961594.0,2763.12,27.8,322.0
5,1,1296,8,3,3,4,369240,1477,8.2,5434843559,2397779229.0,1448.15,18.3,337.1
4,7,328,8,7,4,8,5256,15,9.3,100010116,70970863.0,4861.05,28.5,402.5
3,6,797,5,3,3,2,40064,100,6.4,604357427,332780439.0,2259.49,16.9,519.6
8,4,1204,4,1,3,5,80350,243,6.9,1359425580,1042039109.0,4049.35,31.0,9.8
10,3,665,7,1,4,5,44904,94,9.1,1083268586,416929159.0,3418.62,43.8,11.5
4,4,963,6,1,3,7,197140,150,7.2,4432811184,2589228148.0,719.53,30.7,3.5
2,5,1630,1,4,4,2,316127,563,8.3,9280571951,6810486685.0,3920.27,34.3,626.1
2,4,1394,1,1,3,6,408249,830,7.7,9232510310,5025432828.0,1277.08,30.1,7.9
1,7,1269,4,7,4,5,390126,1589,9.6,13681250668,4878110217.0,4460.87,21.8,560.5
4,2,1184,1,1,3,8,187614,454,8.3,3352643418,1449478608.0,3623.22,43.9,4.0
10,6,373,7,3,3,6,467775,990,7.8,13098635550,7470281778.0,3600.12,24.2,595.6
9,7,285,3,7,4,1,249776,938,8.8,5079644556,1756307424.0,1564.16,20.4,453.3
7,6,807,5,3,3,2,218073,703,7.5,3581849025,1776242702.0,1994.66,19.2,241.9
10,8,647,1,5,2,4,201323,434,5.1,3962217830,2482118356.0,3671.0,-0.6,67.8
7,2,1605,3,1,3,7,279185,813,7.9,4153072304,1890561292.0,1849.19,44.7,6.3
7,6,2184,4,3,3,4,323096,274,7.6,4513263404,2251100860.0,2291.87,22.2,378.9
8,4,96,5,1,3,8,283973,445,6.5,6316411439,3299596127.0,2816.69,39.9,5.8
1,8,274,4,5,2,5,387715,841,6.8,6680794708,5219655849.0,1526.72,2.9,56.3
10,8,1201,5,5,2,5,380960,365,4.4,4597882432,2791565477.0,3828.32,-2.9,69.3
10,5,1773,7,4,4,4,315578,822,9.7,10132262845,6328992106.0,1409.29,30.9,620.5
8,8,784,1,5,2,1,446689,319,5.0,8241412050,3845690849.0,311.85,-4.1,70.8
4,8,1301,1,5,2,4,19572,12,5.6,395667552,108518918.0,3944.57,2.2,68.6
4,1,132,5,3,3,8,25768,59,7.1,448783218,226479881.0,1887.78,22.1,600.8
4,2,1391,3,1,3,2,386575,1072,7.1,4880045485,2543584620.0,4237.17,43.7,0.0
6,4,1150,3,1,3,4,365992,704,6.1,7251326297,1524247029.0,3137.25,44.4,4.7
7,7,1811,3,7,4,3,28959,56,8.1,566950614,236942776.0,4163.53,28.9,459.9
6,4,2031,2,1,3,1,129078,384,6.2,2359236052,968743648.0,1938.39,35.9,1.6
1,4,808,6,1,3,7,228581,293,6.8,4955270350,3594209944.0,2819.59,33.4,0.6
8,1,744,6,3,3,1,437598,1143,8.5,6929583129,4588251857.0,112.68,28.9,370.0
10,3,51,6,1,4,4,458471,790,8.4,10390419967,\N,1322.43,40.8,0.7
7,6,1182,3,3,3,3,270490,802,6.2,4683967134,2898051903.0,4378.9,24.3,289.4
6,6,56,1,3,3,2,169725,132,7.4,3064554600,1645496617.0,2232.01,20.1,458.1
6,7,744,7,7,4,8,363046,1312,8.0,11507106016,6534601071.0,3197.63,21.0,474.5
5,8,443,2,5,2,8,313952,405,4.0,3455983616,788115321.0,1435.48,9.0,34.4
6,5,1935,8,4,4,4,393089,1602,8.6,9590664039,\N,4270.21,30.3,\N
9,7,1662,8,7,4,2,137026,485,8.6,3387967849,713718203.0,2987.98,20.2,\N
10,3,80,3,1,4,3,221817,682,8.4,4343265586,1596540567.0,4544.4,40.8,19.2
9,6,377,1,3,3,8,250010,760,7.6,7558502328,5399913906.0,1255.73,23.4,398.5
10,5,441,2,4,4,7,96736,371,8.9,2974583632,1937520271.0,3650.49,23.4,681.9
8,7,126,1,7,4,4,35395,76,9.8,614655412,371955862.0,151.43,21.4,726.7
10,5,1718,5,4,4,4,30178,96,8.3,578853271,457107329.0,3009.07,26.2,683.7
9,4,219,1,1,3,8,494405,535,7.1,6988958520,1801170904.0,1542.2,44.9,7.0
10,2,948,2,1,3,2,229462,838,8.6,5764223117,1727361900.0,659.81,41.1,19.6
8,4,278,3,1,3,4,111523,415,7.8,1319607049,752576449.0,3152.4,31.8,6.6
8,1,595,6,3,3,3,245900,610,7.2,5185735920,3240892836.0,194.09,21.3,597.9
1,8,935,2,5,2,4,317396,570,4.0,3559913536,2448222450.0,823.59,8.5,3.0
10,6,2019,3,3,3,7,56683,194,6.9,936714916,654318152.0,1885.18,19.9,412.1
5,5,141,3,4,4,7,270406,418,9.4,7411936622,2782446306.0,2261.76,24.4,700.9
4,7,1631,7,7,4,5,414297,734,8.7,9396628827,4872619303.0,4545.91,\N,\N
2,8,877,4,5,2,3,4926,10,6.9,85415362,62609220.0,1708.6,-2.0,51.0
8,2,1730,8,1,3,1,226155,842,8.7,4184975659,2612209196.0,303.18,38.9,25.6
3,7,110,7,7,4,2,67510,280,9.7,1242899606,773492390.0,4813.28,22.9,439.0
4,6,1076,5,3,3,8,275695,781,6.8,6897116954,2301198470.0,4162.48,25.4,448.8
7,5,1994,4,4,4,6,399705,1551,8.2,7666261958,4949304859.0,1175.8,24.8,464.3
10,5,1223,6,4,4,6,237364,910,8.3,7683472680,6106991591.0,2601.35,32.7,368.9
9,4,796,2,1,3,3,193435,358,6.5,2512140345,698634793.0,819.08,43.3,6.9
2,2,2030,4,1,3,8,9740,35,8.2,287125460,75628526.0,4780.5,38.5,26.0
3,2,729,6,1,3,8,457772,785,7.4,11903719979,8841810255.0,2605.33,40.4,26.9
4,6,1538,3,3,3,6,312211,941,7.0,6038472951,3881984105.0,2384.86,22.1,571.9
10,5,1041,2,4,4,1,127777,550,9.1,1887176846,912517913.0,4152.86,25.8,797.2
1,8,315,4,5,2,1,357975,547,5.0,2749248000,1033099073.0,688.49,1.2,26.5
7,2,77,1,1,3,3,38775,39,7.8,940301505,307193065.0,1358.47,37.1,23.4
2,2,1641,6,1,3,1,117354,275,8.0,2914134528,1096737537.0,3676.64,42.4,20.3
5,7,712,6,7,4,1,6282,11,9.1,151604762,121162902.0,3089.12,23.1,788.7
1,6,1538,5,3,3,6,440387,910,6.4,7108198489,1989792588.0,837.19,16.9,297.2
3,4,1868,8,1,3,5,215870,520,7.3,5811738488,2420302462.0,1092.83,37.1,0.9
2,7,854,1,7,4,4,156809,360,8.5,2501809190,1750248202.0,4405.25,28.7,738.1
1,7,1162,2,7,4,6,13146,43,8.7,201977773,125700154.0,4127.45,24.7,534.5
7,3,1598,4,1,4,6,466545,1155,8.4,10785027456,3099278112.0,123.67,47.4,11.6
5,1,1913,3,3,3,5,49940,174,8.6,670854008,494846981.0,4759.95,26.9,693.8
1,3,265,4,1,4,4,101404,128,8.6,2225533868,1295596488.0,2929.28,44.5,\N
6,2,333,8,1,3,8,477361,1609,8.3,15182753021,11941753612.0,2382.61,35.8,9.1
5,5,1087,7,4,4,1,408048,1314,9.8,10632996393,5203416446.0,1810.17,31.5,574.2
3,1,820,8,3,3,4,498073,478,7.2,5407877404,4162691373.0,1910.23,20.0,488.3
7,1,1303,2,3,3,7,162731,288,8.9,4081326026,1916656107.0,2498.22,21.1,665.0
10,5,1566,2,4,4,7,58418,91,9.5,1565018220,720606152.0,1092.33,23.9,514.4
9,1,1195,2,3,3,5,427200,1550,8.2,11444431679,8475991936.0,700.82,26.1,561.8
9,5,1527,2,4,4,2,85832,319,9.3,2136083817,1344626084.0,2826.99,24.4,695.6
9,1,299,7,3,3,2,71359,122,7.3,1231456534,451803300.0,2293.15,24.4,285.1
2,7,1159,6,7,4,4,160170,666,9.1,5304013533,1959648240.0,3401.06,27.7,588.7
3,8,272,4,5,2,7,314189,588,4.5,5176106680,1782070858.0,2488.75,8.1,12.6
7,6,535,1,3,3,2,348644,285,6.3,5943613183,3608821717.0,1992.48,20.3,470.1
5,6,2079,3,3,3,8,404970,1300,6.6,8162737308,1748367750.0,1750.6,21.9,477.1
2,3,1145,3,1,4,3,312808,1247,8.4,9827176128,5474259456.0,2908.0,43.5,17.5
3,7,69,5,7,4,2,163124,459,8.9,5567666806,4291036474.0,1429.7,27.7,490.5
10,1,827,6,3,3,4,121436,323,7.2,1828243267,417251626.0,4097.62,26.7,418.9
6,4,1170,2,1,3,1,35628,69,6.3,715567003,281618633.0,3978.34,35.3,2.3
7,5,984,8,4,4,5,92745,245,9.7,1970182034,1041957881.0,3237.38,29.9,318.7
9,7,481,2,7,4,2,199054,334,9.5,7431681090,4842000533.0,1959.33,27.5,777.3
1,1,2016,2,3,3,4,266156,949,9.0,5157304812,3110344434.0,3030.74,21.3,306.8
7,6,1453,8,3,3,7,74154,80,7.4,2036921395,1485214307.0,3128.19,27.9,579.8
8,6,2134,6,3,3,5,382931,1046,7.1,8561533004,3019324033.0,3403.39,21.0,279.0
3,5,1040,1,4,4,3,329531,1156,9.5,11423356880,7872498107.0,1938.3,25.9,397.5
4,4,628,2,1,3,8,442094,1420,6.5,7439778879,2479997925.0,2117.84,31.7,7.8
10,1,118,5,3,3,1,375765,625,8.7,7025415169,2770765575.0,4558.1,18.0,323.7
6,1,162,5,3,3,6,257349,669,7.6,3395359766,1183379685.0,597.58,24.2,595.3
10,4,1677,1,1,3,5,151031,174,6.6,2641532190,1619738044.0,701.48,43.8,9.0
7,4,167,6,1,3,6,20788,60,8.0,626799776,186467533.0,4953.54,42.8,2.5
4,4,300,2,1,3,7,385192,707,6.0,6138419712,2520194127.0,3135.58,37.7,5.5
8,6,2076,7,3,3,5,273183,407,6.3,5956564086,3253097860.0,2320.46,24.7,298.0
5,5,562,4,4,4,4,214019,638,8.3,5963232798,1890632787.0,644.05,26.9,464.3
1,7,1348,4,7,4,3,142417,400,8.6,3037469776,2239172134.0,3237.47,27.9,\N
4,8,1145,3,5,2,7,309514,532,4.3,2142765422,1659794942.0,3889.25,2.5,23.1
3,4,1552,1,1,3,2,77202,68,7.8,1559634804,918421844.0,2679.37,\N,3.7
9,5,561,4,4,4,8,13967,56,9.3,429946161,122172066.0,293.95,30.5,688.3
8,3,1188,3,1,4,3,475045,2140,9.4,17267790741,6603141757.0,2577.71,\N,16.3
1,1,1690,5,3,3,1,46936,55,7.1,555520415,423288402.0,805.7,19.2,453.3
6,1,312,3,3,3,6,153603,233,8.0,3000788208,721215457.0,2190.74,22.3,530.4
9,8,1370,2,5,2,8,480796,625,4.3,7734228694,5661548063.0,1498.62,2.1,16.2
7,8,1912,2,5,2,2,453756,1074,6.2,9593309352,3803451725.0,696.95,1.1,34.1
4,2,581,5,1,3,6,497505,1091,7.7,13794669388,9416505702.0,284.86,\N,10.2
1,3,977,1,1,4,3,226869,600,9.3,7979572589,2976908056.0,3014.25,44.2,2.5
2,7,177,6,7,4,1,309587,1267,8.2,8184489601,6358276704.0,2885.09,23.8,671.1
5,8,514,8,5,2,5,200387,256,5.3,2480951369,878273041.0,840.23,5.4,52.1
5,4,119,8,1,3,8,23616,52,6.6,530410636,153665687.0,4593.19,\N,2.8
8,4,1543,2,1,3,8,184740,562,7.1,2732175282,698427159.0,4378.63,44.1,0.1
6,7,767,8,7,4,5,406734,645,9.1,7687557313,3009857606.0,1381.88,23.1,576.7
8,6,973,2,3,3,6,409456,1263,6.4,9921282662,3486465125.0,2545.65,20.1,259.6
2,3,916,3,1,4,6,372434,637,9.8,9058935642,2273187581.0,2557.57,40.3,7.6
3,4,1438,3,1,3,5,414036,883,6.9,8541976716,2217400745.0,942.09,37.4,5.5
6,8,587,3,5,2,7,427528,882,6.3,7441937143,3120235157.0,2008.72,8.3,34.4
10,2,351,4,1,3,6,211590,604,8.3,2836258155,1293267610.0,3206.8,44.8,14.9
3,5,1530,7,4,4,5,397155,577,9.7,10594109624,5701494752.0,2527.64,27.7,674.7
6,1,1474,5,3,3,7,17196,18,7.7,444894912,189789011.0,1937.61,28.7,294.5
6,3,496,1,1,4,6,16448,28,9.3,487197984,185303971.0,2222.06,42.9,16.9
2,1,1871,3,3,3,8,240518,615,7.0,5017205480,3522783203.0,3233.76,22.8,410.1
7,5,273,1,4,4,2,461142,463,8.9,7440848969,5076722082.0,4608.25,33.5,698.3
2,3,2100,7,1,4,6,473011,1466,8.6,13314219025,10364014486.0,4593.02,40.4,17.8
6,8,263,3,5,2,5,323606,374,5.7,6031692234,2480313100.0,4230.09,0.4,71.3
1,5,2181,2,4,4,2,348785,452,9.1,7646029891,3807069010.0,2272.11,28.1,524.2
3,4,1597,7,1,3,2,274836,414,6.0,6131041488,2671539496.0,4954.92,\N,\N
2,7,2064,1,7,4,3,23862,62,9.2,367932950,193726045.0,836.3,29.2,\N
7,4,1765,4,1,3,5,25571,35,6.9,526496661,320903697.0,2336.47,36.0,5.9
4,8,195,3,5,2,7,386504,1033,6.3,7633647251,5916943813.0,2723.98,8.0,46.0
8,7,1787,6,7,4,4,447707,1039,8.2,8979748840,2136791647.0,4868.71,21.4,863.1
6,4,1467,5,1,3,6,391242,681,7.3,7165871099,3446221738.0,2431.27,41.3,4.3
10,5,1072,2,4,4,5,262435,1238,9.9,8820571567,2153730818.0,3280.78,33.5,548.6
4,5,1771,7,4,4,4,447663,772,8.8,15182580177,9557414366.0,1210.28,25.1,742.7
5,5,1145,7,4,4,5,461280,761,8.4,7114044672,4435960536.0,2639.96,28.3,515.4
9,1,1523,3,3,3,2,158240,653,8.6,3453872832,2309404797.0,3304.27,26.2,492.0
7,8,832,7,5,2,5,81726,199,6.2,1574320628,668606698.0,1179.31,8.7,20.2
10,5,562,1,4,4,5,259383,303,8.7,4549370313,2865878786.0,2633.24,25.5,649.9
9,4,41,8,1,3,7,243127,517,6.4,4398848185,1563154770.0,3306.88,42.4,8.0
7,2,1480,3,1,3,5,95618,234,7.9,1133828682,842155794.0,1421.74,47.0,13.0
1,8,371,2,5,2,5,396623,445,5.4,3486792117,793892221.0,2354.73,-1.1,28.0
8,5,1206,5,4,4,3,98775,422,9.1,2899698165,\N,4080.74,24.1,589.0
4,2,657,5,1,3,6,69179,172,7.1,1354649342,298924343.0,2714.03,41.7,9.1
3,7,590,5,7,4,8,337099,1101,9.4,10780021501,6639515742.0,1115.62,28.5,626.7
7,4,231,6,1,3,3,127573,472,7.5,1541400772,587547032.0,1110.43,31.1,1.5
3,5,809,8,4,4,2,349954,1143,8.0,7281842832,2732387168.0,3547.79,30.7,651.2
8,1,1372,2,3,3,2,8074,19,8.6,155190354,57550836.0,1447.77,22.6,391.0
6,1,479,6,3,3,4,239535,580,7.8,6333784470,4425773404.0,169.8,22.7,253.2
5,7,1233,6,7,4,2,403022,1042,9.4,10986379720,3074599877.0,4269.39,\N,782.2
4,2,1773,7,1,3,3,198785,832,8.9,3945285895,1818762017.0,142.48,44.1,\N
8,6,2101,3,3,3,2,35311,131,7.7,633242756,441123425.0,2767.97,27.8,592.6
8,1,1885,2,3,3,4,387688,1235,7.0,6656990648,5171651962.0,1152.72,25.1,361.8
1,8,1034,2,5,2,4,401397,246,6.1,9255412025,2754071057.0,3896.68,0.3,65.9
9,1,1763,7,3,3,3,487792,1684,7.5,5623022280,2367773104.0,737.48,19.7,250.3
5,1,748,3,3,3,7,163286,199,8.3,5166303725,3774925978.0,4281.9,27.2,549.5
4,4,464,4,1,3,2,200222,442,7.2,3736623052,2405043569.0,2874.67,40.5,2.7
6,1,754,6,3,3,8,250426,281,8.7,5849826146,2541252637.0,887.22,29.8,376.0
6,3,1841,5,1,4,8,261763,534,8.1,7904404958,4102910518.0,3260.36,49.1,8.0
2,5,583,8,4,4,6,177993,194,9.7,4582216193,992109686.0,194.95,34.9,347.1
8,7,19,1,7,4,4,136425,494,8.6,2919058440,589881670.0,3021.86,23.5,704.8
7,1,55,8,3,3,7,93455,238,7.4,1917023724,1421766968.0,3736.62,22.5,377.6
1,6,1751,6,3,3,7,237971,184,6.2,5705449913,2044231987.0,2425.33,19.7,546.2
5,8,721,1,5,2,2,290106,494,6.5,5509983258,3647335803.0,787.51,-4.8,18.9
6,6,1564,3,3,3,2,62665,165,6.1,749604996,215152480.0,1027.31,27.1,525.1
4,1,1556,8,3,3,6,385630,1100,8.4,6653505768,4578244678.0,774.07,20.3,398.3
2,1,1420,1,3,3,7,228213,538,7.1,5053754063,2910403625.0,2050.59,21.9,472.5
4,3,2168,4,1,4,3,269243,627,8.2,4495065733,1142465053.0,927.25,40.4,14.6
1,1,2145,2,3,3,8,161018,378,8.1,2815866682,930724524.0,1533.37,21.3,252.1
7,1,2168,5,3,3,3,133913,527,8.6,3790086073,1767506367.0,727.93,24.5,450.8
2,5,1561,1,4,4,2,318115,939,8.7,4364505988,2794720037.0,928.23,27.0,424.0
2,6,1177,1,3,3,5,307656,1053,7.4,7569875880,5736781135.0,4675.5,24.0,579.0
9,3,1269,8,1,4,5,476745,1962,9.9,17802993186,4497513929.0,120.91,49.9,12.1
5,6,1796,3,3,3,1,192497,575,7.3,2400129594,1651245597.0,2639.06,16.8,295.2
2,3,1167,3,1,4,1,116438,429,8.7,2160751609,1540720680.0,2183.0,44.9,7.3
9,6,1871,7,3,3,1,289861,868,6.7,5690261291,2992677851.0,1441.87,18.9,524.4
9,1,160,2,3,3,3,88892,99,8.0,2624802976,2071250216.0,4000.13,18.9,\N
1,6,639,5,3,3,2,7908,11,7.8,129841452,87610354.0,1134.82,16.7,533.0
3,6,1056,7,3,3,6,298485,566,7.4,7569519903,5527592370.0,4464.73,15.9,548.6
4,3,334,7,1,4,8,415470,1012,8.8,7341521088,3591365941.0,3429.04,43.3,5.0
7,7,892,1,7,4,6,256541,306,9.8,9010540851,5084693156.0,3336.38,26.0,520.3
10,2,2017,2,1,3,4,169885,345,8.0,2909790280,2112334068.0,4815.05,35.4,2.1
4,3,352,8,1,4,2,123460,345,8.9,2515139466,591214839.0,4334.25,43.4,6.2
2,3,1363,8,1,4,8,109531,488,9.7,1924098217,1149034912.0,2462.7,45.7,3.0
7,3,926,8,1,4,8,198023,417,9.1,5551990653,2735390792.0,2906.89,43.4,9.8
6,4,1424,5,1,3,2,344825,1068,7.7,4529690165,3594498527.0,3890.42,39.7,1.1
3,7,1420,2,7,4,1,431998,1615,8.2,12316867777,6313688513.0,1067.14,20.6,509.5
6,4,60,1,1,3,2,310456,438,6.6,6800662862,2180528068.0,3246.35,41.4,7.1
6,4,1,8,1,3,6,380651,765,6.4,9647218944,3293943564.0,1399.02,41.7,9.1
5,3,1579,3,1,4,1,128829,405,8.6,2690052583,1978678314.0,394.8,43.7,10.6
4,2,311,3,1,3,2,319946,872,8.5,7544006734,2002972880.0,4912.8,43.6,25.0
10,3,708,3,1,4,4,495060,871,8.4,15436366848,5774534087.0,3528.44,49.4,7.8
1,1,1182,4,3,3,5,70939,156,7.9,2196278533,488813398.0,3539.31,28.4,694.6
10,2,1781,2,1,3,5,391539,327,7.9,11283840748,7660228739.0,2227.92,37.5,8.6
6,4,1524,8,1,3,3,308247,1042,7.4,7655129296,5752822723.0,1027.09,32.1,3.9
2,8,1364,1,5,2,8,314458,400,4.3,4825892588,1389872919.0,4430.73,2.8,62.7
3,6,858,2,3,3,4,241062,507,6.7,3390127224,1935111954.0,3172.39,25.9,333.6
8,6,2162,3,3,3,6,384290,1163,6.3,6493194414,3913841108.0,1281.79,22.7,488.2
10,7,919,6,7,4,2,170581,624,8.7,5860532010,\N,861.37,20.2,538.4
6,8,609,6,5,2,8,220429,364,6.0,3495563082,1279973195.0,3722.7,-2.7,61.4
3,5,309,8,4,4,4,35240,55,9.0,758646720,454083703.0,926.7,24.6,377.6
7,7,1344,2,7,4,8,428658,1334,9.3,11477189352,2735499864.0,1127.0,28.6,\N
4,2,212,8,1,3,2,182051,630,8.6,5739631107,4419758205.0,553.24,37.9,27.2
9,4,185,5,1,3,4,283918,563,7.0,5097747690,3107220701.0,3772.04,42.5,0.1
5,2,1229,6,1,3,4,160033,279,7.3,3494208531,1559232462.0,3175.32,35.3,\N
3,2,1388,6,1,3,5,367670,1338,8.7,12187157489,5863095615.0,2149.58,44.4,7.4
2,6,1240,2,3,3,4,325486,207,6.1,5376638136,1564359300.0,921.74,\N,216.4
2,3,246,7,1,4,3,220806,271,9.5,7054420491,2405526240.0,2796.38,48.6,17.9
3,1,239,4,3,3,2,271675,839,8.4,4842552540,3662527269.0,3248.49,29.7,661.4
2,5,1829,4,4,4,1,237124,272,8.4,6664701993,3247906008.0,1274.33,22.2,394.0
4,4,1415,3,1,3,4,307440,701,6.4,7150316544,2309659332.0,1628.78,34.2,2.7
2,2,520,8,1,3,8,93925,104,7.1,2290022995,1347902772.0,1108.54,41.3,28.8
10,5,1614,1,4,4,1,356404,1327,9.2,12994347278,5263084686.0,1815.54,24.2,482.3
9,2,277,7,1,3,5,318522,522,7.3,6501288837,4619559270.0,1262.26,36.7,16.8
2,8,1006,8,5,2,1,279575,459,6.9,4521734220,3018511814.0,2457.49,-1.9,1.4
9,6,214,5,3,3,3,307766,264,6.5,3998957521,1624662476.0,4691.5,18.4,444.7
6,1,606,8,3,3,3,208966,201,8.0,5777491968,3443157310.0,1445.64,29.1,270.3
1,6,478,7,3,3,5,324765,663,6.2,6850073286,2313890360.0,2099.79,19.2,346.3
4,5,508,8,4,4,8,456654,841,9.4,7374596776,2785126100.0,1893.29,27.1,666.8
1,4,1099,1,1,3,6,322614,302,7.8,9476721727,7182884547.0,1031.53,43.8,0.6
6,2,1978,1,1,3,3,219221,378,7.9,2876596039,785692835.0,4867.7,40.9,12.6
4,1,142,5,3,3,2,488760,2156,9.0,9325540800,2812024108.0,2616.19,26.3,451.6
3,8,1718,4,5,2,6,300964,144,4.5,4671111762,2122601420.0,3030.5,5.2,48.5
3,6,461,7,3,3,3,200984,606,6.8,4832620083,2725266459.0,946.09,18.1,472.2
9,8,670,8,5,2,6,219373,662,6.6,4048221592,1404339140.0,4044.31,6.5,34.3
6,5,2102,6,4,4,4,321313,719,9.8,6725980766,2145932521.0,4378.77,29.7,722.2
9,6,1845,3,3,3,7,168131,405,7.4,2684917565,1895113617.0,2570.95,19.3,357.2
5,2,1619,2,1,3,3,85291,114,8.6,1172137154,715488413.0,1624.47,36.6,4.3
2,2,400,4,1,3,6,368490,1077,8.2,5315026061,3381747354.0,1318.62,35.2,1.1
8,8,668,3,5,2,2,1074,2,5.3,10240267,8114575.0,490.48,\N,74.6
5,4,1523,6,1,3,5,394817,712,7.6,5785174537,2881166075.0,2128.89,42.0,7.0
2,1,1335,4,3,3,3,280403,749,8.6,7781800136,2592656766.0,2940.85,20.9,397.0
4,3,1295,7,1,4,2,257262,542,9.5,6381255279,3665898342.0,2375.96,42.7,15.2
9,6,1473,5,3,3,4,95538,171,6.4,1895473920,403130856.0,2641.37,24.9,374.6
4,2,2160,1,1,3,7,300646,662,8.0,4800715328,2452738931.0,4460.78,36.2,5.8
4,5,239,5,4,4,1,86368,318,9.5,1418637584,890509458.0,1387.58,25.4,729.4
2,6,1044,6,3,3,8,261951,762,6.9,4122820593,1833230655.0,2945.43,24.6,318.4
6,4,1313,2,1,3,1,341996,1152,7.6,7241286505,\N,805.94,39.5,4.4
2,4,1617,8,1,3,5,203982,240,6.1,4688485473,1282533793.0,3160.53,38.9,6.0
7,2,1722,5,1,3,8,441997,651,7.4,12513995862,6481757647.0,498.77,45.3,3.7
3,2,1741,6,1,3,5,276963,1206,8.8,9515119257,3964300013.0,762.0,36.5,25.1
3,8,1516,1,5,2,1,479440,1404,6.6,8012017728,5422437049.0,837.5,9.7,13.2
5,2,1273,4,1,3,1,373770,848,7.6,5618809656,1840989881.0,3144.26,42.6,27.1
3,8,1045,3,5,2,5,86884,201,4.7,986993551,498344338.0,3436.51,-0.8,64.4
2,7,1536,6,7,4,1,170185,245,9.2,3496212565,1004605366.0,103.16,20.7,620.3
10,3,536,6,1,4,3,430215,1916,9.0,11929431735,6589213337.0,4145.76,47.1,2.8
9,2,2159,7,1,3,6,24409,35,7.2,649025546,318071075.0,4009.2,39.3,\N
2,6,949,2,3,3,7,152353,510,7.1,1984931060,1277996145.0,1124.57,\N,456.5
2,6,863,4,3,3,7,483523,884,6.4,11307475468,3217643836.0,492.41,17.3,269.1
8,8,1022,6,5,2,2,448658,657,5.1,8271683216,3914309365.0,2932.75,6.8,\N
9,7,434,6,7,4,6,241590,338,9.7,5457832167,1128339820.0,4350.68,23.6,463.8
7,7,1404,3,7,4,8,490888,2032,9.0,12268763784,8708464247.0,1787.06,25.7,\N
3,1,783,8,3,3,5,437030,1649,8.6,5671513122,2531470675.0,4827.73,26.3,614.4
9,5,988,1,4,4,2,266394,727,8.3,3674798672,2387607012.0,4873.25,27.7,490.2
3,2,169,5,1,3,4,446002,684,7.3,9366978604,3942709186.0,122.94,45.0,18.8
5,8,709,7,5,2,4,210232,458,6.6,2702910777,1638123074.0,3294.84,2.5,45.6
9,6,965,4,3,3,3,493319,1149,7.1,10465663921,7427753949.0,1787.58,16.1,264.7
3,7,1603,3,7,4,4,119794,259,8.0,2066206912,\N,745.41,20.5,591.8
7,6,229,3,3,3,5,93677,99,6.6,2141062776,982884977.0,3716.63,18.3,264.5
1,6,1185,5,3,3,3,148842,133,7.8,4383813657,3082530070.0,3593.5,25.0,338.9
4,7,427,4,7,4,6,485386,876,8.1,9404450827,5102173791.0,302.48,22.8,464.2
4,3,122,4,1,4,3,143571,456,8.7,2197110084,1080128668.0,739.34,49.9,1.9
7,7,111,7,7,4,7,192700,660,8.1,2954726910,2207269656.0,428.92,28.5,513.4
8,7,1245,1,7,4,5,293750,972,9.4,9159066250,6631655160.0,2990.63,25.4,417.5
1,5,1928,4,4,4,1,87310,249,9.0,1609297920,695423308.0,1467.64,29.8,415.9
5,8,64,7,5,2,7,105806,292,6.3,1649780054,549375313.0,2831.17,-4.9,\N
7,8,1378,6,5,2,2,285629,480,5.9,6516711323,2767762314.0,3440.46,-4.1,18.0
4,7,909,5,7,4,5,383299,906,8.6,6457591572,1477339964.0,1779.07,20.5,807.7
4,4,1772,4,1,3,7,6027,16,7.3,157597612,73717079.0,1775.1,33.2,8.5
4,8,1509,8,5,2,1,123082,211,6.9,1848002380,520791109.0,3754.8,8.5,31.3
6,8,13,8,5,2,1,186620,289,6.2,2911122704,1371923621.0,1800.06,9.3,45.6
7,8,1177,1,5,2,4,151413,356,5.0,1919159775,1011417613.0,1782.63,\N,4.6
2,7,239,3,7,4,6,417657,457,9.0,12329234640,7305147705.0,3030.54,22.6,467.2
5,6,663,6,3,3,7,298710,673,6.6,6521675688,2791865768.0,397.27,27.1,553.6
4,2,1110,4,1,3,7,470842,1154,7.2,11682155030,4722743546.0,1742.49,48.0,27.3
3,6,694,5,3,3,8,450370,1167,6.4,10434172160,3079132969.0,698.73,18.2,331.6
7,5,1182,4,4,4,3,176904,565,9.2,3279446351,1419038979.0,4410.28,23.8,500.8
6,4,1505,7,1,3,3,440663,618,6.7,11006704148,3112685369.0,1683.51,41.5,9.0
7,7,1903,2,7,4,4,227530,590,9.4,6957457846,3209513625.0,2365.87,26.3,637.9
5,3,76,8,1,4,4,448144,1117,9.4,11041102985,7538454682.0,481.59,47.3,0.4
6,1,329,1,3,3,3,109056,351,7.6,3180203827,2111011301.0,2498.67,18.6,352.0
5,7,1440,3,7,4,8,51178,84,9.0,717617916,495076684.0,3307.26,26.0,532.8
7,2,1253,2,1,3,5,178872,364,8.3,3925381814,2748044187.0,270.78,42.8,\N
2,1,72,5,3,3,5,373850,590,7.9,5230497965,2095947174.0,1695.01,26.6,405.6
5,3,225,4,1,4,5,308893,784,8.2,10113959941,7924783558.0,2805.63,41.4,6.8
6,5,811,1,4,4,5,68192,100,9.4,1432004723,842467206.0,4981.8,26.8,667.7
6,5,2049,6,4,4,4,76651,176,9.6,1562208700,396256736.0,3842.76,29.4,539.7
5,3,678,7,1,4,2,260721,938,8.0,3595864032,1766584785.0,2856.12,49.9,19.9
10,6,291,7,3,3,2,265438,830,7.3,3239830052,2463996915.0,1083.73,16.4,344.1
7,3,1482,4,1,4,3,490356,2106,9.1,7304686225,1950214605.0,4845.57,46.3,17.3
10,8,1226,8,5,2,2,103047,131,5.5,1047369708,554985860.0,1048.17,-1.3,\N
8,8,566,4,5,2,5,482462,972,4.3,7063967373,4763625873.0,815.91,9.7,\N
7,7,1816,4,7,4,4,48628,127,9.4,1797786885,1132174790.0,2157.4,20.5,749.1
5,2,511,6,1,3,5,462294,1216,7.5,8387168895,5459819164.0,3713.39,42.8,21.2
1,8,924,4,5,2,1,351259,394,4.3,4523689031,3286619830.0,502.72,1.9,44.0
5,4,16,1,1,3,4,335072,402,7.7,7853685593,4934026920.0,962.86,\N,6.9
10,7,356,6,7,4,1,135663,293,9.7,4458374566,1473773009.0,3142.44,21.3,630.7
2,7,830,6,7,4,1,126458,471,8.0,2686979584,1213375657.0,169.43,\N,689.0
5,7,1102,8,7,4,8,413334,848,8.1,8698118029,4624937820.0,3317.79,25.5,567.5
5,1,1091,2,3,3,8,230311,476,9.0,5888821959,4595779734.0,368.83,21.3,601.6
2,1,1747,5,3,3,7,163093,709,8.8,3308178412,1949379346.0,1876.25,22.9,293.3
5,5,214,6,4,4,3,92069,186,8.3,2855713379,1975865331.0,2105.48,22.9,460.3
4,7,1721,2,7,4,1,166712,533,8.1,3548765001,1491728459.0,3233.58,22.5,726.6
1,6,449,1,3,3,7,273040,860,6.8,5696269696,1881522207.0,1684.79,20.0,201.9
3,8,1569,5,5,2,2,425573,815,5.5,7403480694,2509223354.0,516.77,1.9,66.6
1,5,710,6,4,4,2,361059,464,8.5,8439754125,6169476517.0,741.14,24.1,600.8
5,2,380,3,1,3,1,167374,606,7.5,3737042985,2889938847.0,2236.58,41.6,8.1
4,3,1889,2,1,4,3,300986,297,9.6,5076791059,\N,2884.65,47.9,10.1
7,1,1048,1,3,3,1,71924,153,8.1,1419175598,1011792399.0,4682.6,23.2,385.9
5,7,539,1,7,4,7,75324,331,9.9,2456360834,1584063330.0,2796.66,28.3,453.4
10,2,753,1,1,3,4,188898,227,8.9,5445381535,1713036354.0,3518.33,41.7,13.9
4,5,535,7,4,4,4,464301,1592,8.3,14882982834,\N,990.37,26.6,504.3
2,5,673,5,4,4,4,106164,232,8.3,3465606999,2595826154.0,4955.71,33.5,790.1
4,1,1065,8,3,3,4,288516,895,8.5,6027964788,1394025366.0,772.43,29.4,253.7
2,5,568,4,4,4,1,476593,1880,8.1,6450733914,1731000299.0,2836.91,\N,331.1
8,6,1437,3,3,3,5,283859,962,7.1,3418116534,1221030831.0,4736.75,\N,535.9
3,5,415,5,4,4,5,267612,327,9.4,6661183814,1915031016.0,2360.86,32.2,707.6
9,4,449,5,1,3,6,94698,257,6.5,1637328420,819015012.0,4520.15,44.2,0.3
4,8,610,8,5,2,4,303697,550,5.1,3545328408,934580936.0,2957.33,1.8,62.4
6,3,2002,8,1,4,8,412866,1148,8.6,6046752862,3688706054.0,4267.49,44.0,13.8
10,5,1798,6,4,4,8,498845,1203,9.1,11698264441,4248040397.0,3580.86,34.5,472.1
5,8,705,7,5,2,7,132239,190,4.2,2007229333,571068896.0,2960.71,-4.5,28.0
10,8,1066,2,5,2,7,123111,170,4.8,1191320524,803602658.0,622.98,8.1,65.8
1,4,734,3,1,3,6,164854,444,6.4,2511056128,1189899607.0,1490.93,44.9,\N
9,2,800,1,1,3,6,255695,703,7.3,6984718037,1831412088.0,649.03,38.7,\N
1,5,2058,5,4,4,3,126456,450,8.2,3763052356,1534777415.0,2762.81,28.9,405.5
8,6,1861,3,3,3,3,430773,623,7.8,5735570185,\N,2218.06,28.0,496.1
9,2,2187,2,1,3,1,240169,684,7.5,4894043797,1244611152.0,2179.92,35.6,10.0
9,8,1891,4,5,2,5,193945,285,5.3,2736292427,1978336326.0,1450.02,8.3,74.9
1,8,731,3,5,2,7,224707,559,5.3,3115517613,2014637288.0,4096.23,2.0,78.8
2,7,196,7,7,4,8,165151,348,9.6,5910556108,2292568452.0,2153.93,24.7,814.3
1,5,1098,7,4,4,7,179908,277,9.3,6011607829,4560197873.0,1438.77,\N,654.9
10,1,1639,1,3,3,1,284735,1210,9.0,3948989715,1316340847.0,1357.21,27.1,495.7
2,4,1659,7,1,3,2,186573,645,7.5,2266861950,906467856.0,1572.81,39.7,3.9
10,4,1126,5,1,3,7,285100,215,7.0,4735796100,2620982791.0,4153.51,30.2,3.3
8,1,264,4,3,3,7,182244,662,7.5,2923649370,2085237074.0,1864.61,23.4,324.7
5,3,920,8,1,4,4,137321,380,8.3,2751391020,1658518892.0,1256.75,\N,17.9
7,8,161,2,5,2,2,149434,458,6.3,2029732135,563990886.0,4451.68,0.8,14.9
2,7,1257,1,7,4,8,389387,1082,9.7,6621175486,1490660061.0,4481.8,22.4,441.0
8,6,1811,8,3,3,2,441923,1561,7.6,11291662957,4787433990.0,3421.96,24.6,512.6
6,4,770,4,1,3,8,379333,1215,7.3,4679831221,3683087815.0,4138.62,37.6,7.0
8,2,311,6,1,3,6,219310,248,8.2,5058736045,3330536311.0,4166.48,47.6,0.5
1,8,227,6,5,2,7,419323,379,4.7,4156455372,2907999371.0,3499.24,-4.0,\N
1,6,273,2,3,3,3,51790,62,7.2,1311074208,852197556.0,2353.08,18.8,267.6
7,4,317,1,1,3,7,193357,322,6.1,4145864115,2333848132.0,4730.31,42.7,3.5
8,7,1923,7,7,4,5,69105,170,9.2,1556355168,1240722113.0,1675.4,23.5,843.0
3,3,1493,5,1,4,6,312146,772,9.1,6144063361,3315713740.0,3968.56,45.3,2.9
5,7,1895,2,7,4,6,389829,1385,8.9,11359071299,5790475030.0,1175.42,23.3,822.8
1,2,1602,7,1,3,4,150261,454,8.2,4363008448,1674371874.0,3274.78,41.1,25.7
7,7,1793,4,7,4,1,351772,1130,9.7,5302540773,1406789811.0,4158.13,20.8,472.0
5,6,1451,1,3,3,4,351434,751,7.9,5108444624,1058441653.0,3631.11,24.2,440.9
8,8,1926,6,5,2,1,447659,541,6.6,9628876494,6193652320.0,3554.53,6.6,62.2
8,2,567,6,1,3,8,113443,180,7.1,2043414726,1313762515.0,2355.38,42.6,22.6
9,8,252,3,5,2,1,427748,521,6.8,6262401819,3431723377.0,4504.98,5.4,69.6
7,1,1557,1,3,3,8,325725,1185,8.3,8537708265,6072802896.0,1600.66,19.6,699.5
1,5,675,4,4,4,8,378889,539,9.4,13519668853,8262083240.0,4536.51,25.5,442.5
3,1,2116,4,3,3,5,251220,383,8.7,6167802708,\N,233.08,21.5,437.6
8,6,1603,3,3,3,2,56040,120,7.3,1487867604,1121735183.0,3020.46,19.0,569.7
3,5,514,7,4,4,8,369925,1383,8.8,5592674120,1299297766.0,3132.12,24.1,423.3
8,1,442,4,3,3,1,7234,23,7.1,132512411,73293883.0,1350.56,28.8,504.3
1,5,1,7,4,4,5,31132,83,8.3,718856559,491884906.0,3783.42,30.8,399.6
5,4,1139,7,1,3,2,348470,584,8.0,5815267360,3224627292.0,1000.69,35.4,8.2
4,7,903,1,7,4,6,342819,1496,9.0,4794666534,994358111.0,2094.96,29.5,451.2
5,2,1624,7,1,3,6,254317,639,7.4,4870475730,\N,4501.54,39.6,4.0
8,5,1221,6,4,4,2,309258,403,8.5,8514336627,3524893316.0,2001.53,29.0,421.1
10,4,856,2,1,3,4,111202,282,6.8,1896483388,943717758.0,4140.28,39.2,1.6
4,7,1018,6,7,4,4,53085,88,8.6,1575488481,1106086165.0,539.37,22.3,600.1
4,7,1184,7,7,4,7,273143,606,8.5,8827162331,2348546899.0,616.0,26.4,522.5
3,3,585,8,1,4,4,197773,347,9.6,4435178188,1039018052.0,931.45,41.0,2.4
7,8,455,6,5,2,7,474118,324,6.2,7528140427,5050763043.0,866.64,6.1,10.5
3,1,196,1,3,3,7,123940,432,8.0,1494220640,548210160.0,4893.54,23.5,396.7
3,3,599,7,1,4,8,69693,66,9.0,2236727142,1736827854.0,602.81,41.9,4.2
10,8,1333,8,5,2,3,442057,1094,6.9,6396255350,3462908782.0,789.97,5.9,63.2
5,8,1760,4,5,2,2,479784,589,6.4,5330592153,2458599421.0,893.93,-0.3,32.2
5,6,556,3,3,3,3,62841,134,6.9,732355298,298382690.0,3012.45,20.7,547.7
6,4,1518,3,1,3,4,375473,1312,7.6,9279890289,7137240048.0,2488.18,32.8,\N
8,3,439,5,1,4,5,342132,1335,9.2,8810172705,6932723539.0,3630.14,45.4,11.9
10,3,359,3,1,4,4,161758,231,8.8,4646207385,\N,1747.83,45.4,0.6
6,8,1058,3,5,2,1,335083,263,4.8,5428344600,4251111342.0,252.07,3.4,72.7
1,7,1112,4,7,4,5,366247,1208,8.6,5943529565,3232755786.0,1763.15,21.4,671.9
8,4,2064,2,1,3,7,313338,760,7.2,6289821676,2657487781.0,3881.14,40.3,5.8
8,7,421,2,7,4,7,409931,503,9.2,5736246469,4527577162.0,4081.66,25.7,886.4
9,2,553,4,1,3,5,224534,517,7.2,3994729300,3167491003.0,3582.28,41.8,0.8
9,5,1150,3,4,4,7,230593,404,8.1,3631009615,2762014725.0,2049.63,33.2,778.1
2,6,1032,1,3,3,2,118327,114,6.4,2970102361,1342986859.0,3071.17,16.4,545.6
2,6,1492,6,3,3,8,134492,469,7.6,1622134910,1094615504.0,759.83,15.8,545.2
3,1,880,7,3,3,3,427138,1460,8.3,7973256904,6310159637.0,1296.37,\N,289.4
1,7,1886,6,7,4,1,222815,402,9.3,7955097100,2071142009.0,1271.98,22.0,793.6
4,5,852,8,4,4,5,137900,480,8.8,3167287200,946713189.0,423.38,31.4,520.2
4,8,510,2,5,2,8,452835,486,4.3,3230389039,910629871.0,4700.95,-0.8,75.8
9,1,1860,8,3,3,3,28298,64,8.2,670141916,269317149.0,2186.25,23.0,606.9
9,6,1764,4,3,3,3,254150,715,7.0,2928316300,828691491.0,4376.37,26.9,500.8
9,5,966,8,4,4,1,121921,144,9.2,2017890086,1527361413.0,1147.89,32.7,755.9
10,3,1859,1,1,4,8,128974,242,8.2,3889804250,1931864903.0,3850.91,42.3,14.4
7,2,914,3,1,3,1,37079,107,7.1,948529022,474688773.0,4030.25,41.8,2.6
2,8,1391,4,5,2,4,457962,939,6.0,7289839116,4594598203.0,72.67,-0.9,\N
10,3,1512,8,1,4,7,360816,742,9.5,11788039128,3938445979.0,218.77,40.8,7.3
5,2,2066,2,1,3,7,80473,165,9.0,2816635473,2127581054.0,4609.15,39.4,28.5
4,8,2104,7,5,2,4,248009,632,5.6,2181883978,845176539.0,2865.65,-4.7,36.4
8,7,1059,1,7,4,5,323198,1228,8.2,10153006611,4800649504.0,1458.44,29.3,597.5
2,4,794,1,1,3,5,49015,45,6.4,652801376,371809734.0,970.89,35.4,\N
6,1,1597,2,3,3,5,252077,304,8.9,3760081362,2722466564.0,4098.43,22.8,276.2
5,1,1807,1,3,3,4,137683,477,8.5,3911160981,2624565991.0,1008.28,25.4,668.6
2,4,347,6,1,3,8,11419,31,7.2,300420187,161580832.0,4226.54,37.4,2.9
10,5,1056,7,4,4,5,256988,928,9.3,7160405246,4749763523.0,3130.38,28.1,303.9
1,4,908,2,1,3,5,83501,179,7.4,2276370861,951785747.0,3318.0,42.7,8.9
8,7,1024,6,7,4,4,56426,85,8.9,1217311953,558623872.0,2215.48,24.6,607.4
2,6,576,4,3,3,4,340555,209,6.1,5428208311,2696728276.0,228.61,26.2,407.8
7,4,199,5,1,3,5,28117,32,6.5,621751221,464946270.0,2795.92,37.0,8.1
9,2,1366,7,1,3,5,333543,1175,8.3,9033311714,3035302536.0,3583.23,44.3,7.1
9,6,1999,3,3,3,3,194102,173,7.4,3727340706,\N,65.13,21.7,391.6
8,4,1255,4,1,3,2,469785,796,7.9,9319078066,4769846001.0,178.75,37.2,6.9
10,1,1017,6,3,3,4,134773,387,8.1,3576282418,2340328769.0,4539.96,21.6,262.3
9,3,26,3,1,4,2,269642,288,9.2,5457554080,\N,3417.72,42.8,10.6
2,2,1559,3,1,3,8,158235,611,7.8,3030042015,634846351.0,3964.06,42.4,19.3
6,7,471,6,7,4,7,38599,120,8.5,1286774863,535651140.0,181.23,25.2,635.0
4,2,651,6,1,3,4,124459,274,7.7,1805501821,1182288010.0,2033.45,41.3,26.1
4,8,886,7,5,2,8,371899,360,4.1,2915390640,2124000176.0,3748.28,4.5,9.0
5,5,930,2,4,4,6,410390,1845,9.7,7049966692,3344593707.0,502.96,34.8,448.3
3,3,1745,5,1,4,7,400676,1288,8.0,10292565088,4258812972.0,982.46,49.1,7.5
1,2,876,7,1,3,7,39006,148,8.7,1007197329,381402982.0,2568.84,39.2,25.8
8,8,942,6,5,2,3,259254,212,4.5,3485929284,2538075189.0,4472.17,8.8,65.0
5,4,1309,3,1,3,7,331603,1135,7.0,8052315649,4703152265.0,1677.77,\N,4.4
3,2,572,3,1,3,8,392813,343,8.4,6134010682,2583730324.0,4147.68,42.7,11.2
10,2,54,4,1,3,2,339538,1014,8.1,10140200508,\N,95.51,35.4,\N
7,2,605,5,1,3,3,397215,871,7.1,7882533067,2124227351.0,951.06,37.0,17.6
7,5,325,5,4,4,1,156129,558,10.0,6096837450,4501659304.0,1487.09,\N,581.6
1,2,885,8,1,3,7,177426,609,7.9,4619889158,2490868224.0,3560.13,37.1,26.8
9,2,265,8,1,3,2,483440,768,9.0,10947015360,6111660637.0,2917.49,36.4,23.0
2,5,382,3,4,4,2,284596,741,8.2,6861040367,4722733309.0,1358.7,32.1,614.2
5,8,1237,5,5,2,6,214335,543,5.1,3563533710,1595232102.0,2928.41,1.3,4.9
5,6,1382,4,3,3,2,345477,1091,6.6,6943051268,2630957766.0,4454.32,21.7,474.6
8,3,2106,2,1,4,1,283467,306,8.9,7977271620,4872384274.0,2373.51,49.2,10.0
8,8,1518,3,5,2,7,350231,730,5.1,6666016669,2483390503.0,3495.56,-3.2,49.2
7,7,1534,1,7,4,8,295345,1173,8.8,6593754332,\N,1760.24,29.3,842.2
7,6,1792,3,3,3,8,328080,846,7.0,7346695440,3869819578.0,3577.45,25.4,408.4
6,1,547,3,3,3,1,352460,456,8.3,8436905512,3782736072.0,4341.79,26.5,610.6
6,5,871,2,4,4,7,283018,508,8.8,4530325729,3598462711.0,2855.11,33.0,389.1
9,5,2151,6,4,4,3,327185,497,8.8,6532968332,5011489077.0,1961.51,26.6,699.0
6,2,1224,8,1,3,8,173508,406,7.6,4847397100,2602115828.0,3783.55,37.8,27.8
2,2,865,6,1,3,1,192242,366,8.3,2529039631,999399479.0,4782.79,46.7,20.5
2,7,1966,1,7,4,4,420384,771,9.6,15694784409,6487401283.0,387.38,23.0,842.5
5,1,398,8,3,3,5,394916,933,7.8,10260628528,4009032788.0,2606.2,\N,667.3
4,2,1762,1,1,3,2,351953,719,7.1,7664022942,5152972592.0,950.93,45.5,6.6
2,4,392,1,1,3,7,411748,552,6.2,7525765244,2371932153.0,1406.4,42.7,7.3
3,2,2154,8,1,3,3,66157,90,7.9,1181167078,\N,3198.91,36.5,14.3
7,2,1613,6,1,3,3,332550,572,7.9,8259743880,3914129859.0,4800.98,40.5,28.0
8,4,1078,7,1,3,7,107955,216,7.8,3355565265,2007085579.0,4272.54,34.2,6.0
6,1,1301,2,3,3,3,195960,251,7.7,2806539120,1599063001.0,1325.14,27.1,695.7
5,4,2159,5,1,3,3,135387,338,7.7,2916858760,1040363669.0,169.65,32.0,9.5
1,5,2123,1,4,4,2,299819,957,9.4,4492367968,2081759983.0,3016.7,27.2,458.7
8,4,364,8,1,3,3,441237,546,6.0,9723981006,3866207008.0,2692.59,36.1,2.5
3,3,1425,5,1,4,2,195820,384,9.8,4573062788,2811728510.0,2328.36,46.2,\N
6,5,846,4,4,4,3,280380,656,8.1,7110745218,1610332177.0,2402.38,24.5,693.1
3,2,1328,8,1,3,3,87642,174,7.5,2551039515,\N,2978.95,37.6,27.8
7,7,392,2,7,4,5,459939,631,8.7,12800700290,9209682377.0,2015.4,25.8,691.8
7,5,1041,5,4,4,7,393439,1679,9.2,8687133120,4270207753.0,897.68,28.6,464.2
9,1,2060,6,3,3,4,289549,545,8.1,4723528656,2473944907.0,1332.8,20.3,684.4
5,1,2047,7,3,3,1,145128,409,8.1,2338142695,623028922.0,366.18,23.1,323.4
8,4,146,6,1,3,1,407160,510,7.3,5023132920,2867466290.0,327.45,31.9,7.0
10,5,1306,1,4,4,1,312651,699,8.9,5289711003,3493367657.0,4343.64,29.1,499.2
10,2,1573,7,1,3,4,310418,399,7.6,6858126957,3872113713.0,670.63,41.9,6.7
8,1,2033,1,3,3,2,407819,1541,8.6,6993443339,4487198908.0,391.17,28.2,280.4
1,6,765,7,3,3,1,496456,1110,6.7,6067089484,3856704241.0,4140.55,19.9,359.9
5,2,1370,5,1,3,1,131593,294,7.9,2317234296,509465612.0,4770.04,42.8,13.7
3,6,499,6,3,3,1,147545,166,7.6,2819053788,1296251493.0,1068.41,16.6,576.9
1,3,1967,5,1,4,7,40585,60,9.9,1030996989,523854291.0,3798.58,44.8,3.2
4,6,1166,4,3,3,2,412104,1062,6.4,6474978048,2397417061.0,854.59,17.3,261.7
8,8,1761,8,5,2,4,400428,657,5.9,7914459420,4263087255.0,3419.71,-3.6,13.2
3,1,118,2,3,3,4,318609,535,8.1,10230025215,7535309482.0,3414.7,20.5,450.3
10,4,365,6,1,3,6,405860,333,7.0,8900915660,6942188587.0,2175.05,40.3,1.7
2,3,1982,3,1,4,6,28962,92,9.2,574999963,416865078.0,4415.96,49.6,8.9
9,5,136,6,4,4,2,296381,953,8.9,4703181174,1677705795.0,649.19,34.8,523.0
10,2,1101,4,1,3,7,200886,291,7.4,4122220897,3109257300.0,2408.92,44.6,10.8
5,1,1872,6,3,3,5,253594,485,8.0,7701142592,5338975671.0,3028.62,19.3,585.0
7,3,18,4,1,4,3,293328,451,9.9,7640285083,2183440414.0,3807.27,43.2,2.4
2,3,1891,6,1,4,2,271180,263,9.2,9031378720,6684680988.0,756.29,41.2,19.7
9,8,205,4,5,2,3,354485,449,4.6,4476082094,2684458019.0,2697.91,7.4,31.4
9,1,499,7,3,3,4,251840,930,7.7,3641757504,2549821182.0,2302.05,20.0,606.9
4,5,595,1,4,4,3,260430,902,9.1,7562392383,3843288360.0,2111.25,26.0,572.4
4,5,562,5,4,4,6,90497,389,9.9,1343880450,1050071723.0,1828.73,25.0,742.8
6,4,1305,8,1,3,1,3831,12,6.8,96778722,63413049.0,4984.79,33.5,6.5
10,7,640,6,7,4,3,70331,75,9.5,2057885060,698740431.0,892.02,21.9,606.2
10,6,1927,2,3,3,6,317944,240,6.8,8397282572,6434120071.0,3777.27,21.8,370.2
10,5,315,1,4,4,3,351007,433,8.1,10221148336,5839215068.0,1915.7,27.8,472.4
6,8,901,4,5,2,4,344142,693,6.2,6422378004,\N,3262.98,8.1,76.5
1,4,1751,2,1,3,7,372747,301,7.7,5209325698,2687584816.0,4942.08,33.3,6.7
9,6,804,1,3,3,7,478943,406,6.6,5285231793,1480309991.0,2414.82,24.1,503.7
2,3,1561,8,1,4,5,186590,464,9.4,4326984782,3120770679.0,4131.02,47.9,3.6
5,1,1453,3,3,3,3,81109,189,7.8,1231769939,411866574.0,425.9,20.7,524.6
9,5,1244,6,4,4,7,443407,691,9.9,9701301753,6385082756.0,2795.29,29.7,437.5
4,4,1671,6,1,3,4,54923,177,7.1,1015828346,665108917.0,1941.66,42.5,7.4
3,3,2028,4,1,4,8,310643,1041,8.7,9410432656,6961296669.0,3510.87,48.1,14.1
7,5,1769,1,4,4,8,404201,762,9.3,7653465094,5099946104.0,232.5,24.1,526.9
6,2,2001,8,1,3,1,253432,580,7.6,3649927664,1730959213.0,2266.2,40.4,23.8
8,7,1090,1,7,4,8,371200,401,8.5,6408211200,4621322596.0,2498.09,23.9,864.5
3,3,1447,4,1,4,8,144837,352,8.4,3985682500,2548948084.0,4231.23,41.7,3.3
5,8,2173,3,5,2,3,258090,341,5.6,4283881056,2034271843.0,1954.14,-4.5,34.3
10,8,1170,6,5,2,3,67524,178,5.6,1160116339,597887353.0,1637.04,5.5,4.8
4,5,615,5,4,4,1,164625,567,8.5,4484796562,1245672525.0,1975.97,32.3,587.2
4,8,387,3,5,2,8,6233,8,5.8,119878042,91258708.0,2217.15,4.8,28.7
4,3,1406,4,1,4,6,318278,499,9.4,11344955654,7423005855.0,1309.94,49.6,5.2
10,1,124,5,3,3,7,444105,1519,7.0,9587338740,5440940837.0,274.02,24.7,\N
8,1,1814,1,3,3,6,114084,441,8.9,2163705735,\N,4951.99,28.7,630.5
6,7,1625,7,7,4,6,344676,671,8.3,7938749970,1872315053.0,3839.12,26.5,666.0
3,1,1182,8,3,3,8,234309,474,7.5,3727270417,1000517389.0,4927.97,23.5,437.9
10,6,728,7,3,3,2,254541,626,7.5,6467886810,2765564677.0,3330.61,25.8,466.1
5,2,1142,8,1,3,5,138498,266,8.5,2009536731,461638375.0,4420.58,44.1,3.1
6,1,359,3,3,3,1,44266,70,8.7,1199245618,364165686.0,2279.03,28.2,460.3
5,8,443,7,5,2,7,485327,1052,6.0,9612386562,4219553238.0,1778.32,1.0,59.3
6,2,973,3,1,3,6,116241,408,7.4,2836024669,1331630722.0,4969.24,46.6,15.7
8,1,361,7,3,3,1,264207,365,7.9,6096814311,2411497709.0,889.07,21.4,460.7
7,6,853,8,3,3,1,81863,135,7.0,1027462513,593882374.0,1122.91,23.5,209.9
5,8,1625,6,5,2,2,374647,281,6.2,4977784830,3045264649.0,3357.44,3.7,51.3
10,3,1612,7,1,4,1,342071,1221,9.7,11580129562,2599521948.0,1313.74,46.8,15.0
6,5,1757,8,4,4,2,287576,1013,8.4,5937639187,2921688742.0,2182.69,23.1,520.8
4,5,1024,6,4,4,5,249986,561,10.0,5117213420,3520776031.0,4664.4,22.1,479.3
9,1,1908,5,3,3,2,498709,666,8.8,9268805990,6688112197.0,1365.63,21.2,459.0
4,5,1931,1,4,4,5,86974,272,8.7,1515617621,333039185.0,2577.84,24.3,374.8
1,1,241,3,3,3,5,467914,1027,7.6,7898201154,5001862900.0,3696.53,25.8,521.4
7,1,666,5,3,3,5,216406,588,8.8,3174589457,\N,405.57,28.9,291.9
7,8,1166,3,5,2,4,495006,699,5.8,10341467349,5429822038.0,406.9,-2.4,42.1
4,7,976,7,7,4,8,409302,1917,9.8,7328388589,3182037513.0,3742.25,29.4,544.1
3,4,2040,6,1,3,5,276670,527,7.0,3302056450,2596004983.0,4604.29,44.5,9.6
8,4,2079,1,1,3,8,166960,376,7.6,4717755328,\N,2979.55,32.4,5.3
5,7,223,7,7,4,2,405170,717,9.2,6679794687,2587097144.0,238.93,23.6,785.4
10,4,1828,1,1,3,4,122357,200,7.4,3380014239,1595367864.0,2286.54,38.1,3.9
7,2,1306,2,1,3,7,206441,668,7.2,2231049175,1635471890.0,3616.27,39.8,13.5
4,4,788,5,1,3,7,37671,37,7.5,911732377,585436830.0,3177.35,41.5,6.1
4,1,556,6,3,3,1,21543,34,8.4,595543309,\N,1031.0,29.5,364.9
8,6,2110,6,3,3,8,17922,36,7.1,470047462,311646446.0,312.97,19.3,280.8
8,6,847,6,3,3,7,154523,196,7.8,4225709576,2603121523.0,4452.06,27.5,581.7
2,3,1095,7,1,4,1,28943,103,8.1,544834609,325877442.0,1168.11,45.0,12.9
2,8,1560,4,5,2,3,405458,723,4.7,3399684238,1351736285.0,4979.09,-2.5,21.6
3,4,140,3,1,3,5,30291,85,6.9,665899169,217787200.0,621.33,43.4,5.1
3,6,1364,1,3,3,7,390229,888,6.0,8784835248,4169457597.0,616.04,16.2,511.4
1,4,590,3,1,3,3,344618,882,7.0,4248106086,3218591028.0,3357.24,42.7,1.8
3,8,1750,3,5,2,8,57765,107,6.9,997243407,409177900.0,1387.16,0.3,74.5
6,3,541,4,1,4,5,26377,64,9.0,941975424,647455837.0,4873.24,48.1,12.3
8,6,291,1,3,3,7,111504,281,7.3,2873346576,1560486404.0,1223.24,18.0,437.8
10,1,2091,2,3,3,5,433896,647,8.7,8172648107,5641657848.0,3136.88,\N,525.5
6,2,1256,6,1,3,8,143675,206,8.8,3641299200,1764354268.0,2061.77,40.4,16.0
5,7,1236,5,7,4,7,368073,331,8.3,9659928655,5839536405.0,496.96,27.5,861.2
4,7,8,3,7,4,6,69503,142,9.7,1510161184,402999438.0,3554.57,22.0,545.0
3,7,1658,4,7,4,2,264138,280,8.6,8055046792,3329339324.0,3962.61,23.9,408.5
4,4,483,4,1,3,2,299545,932,6.6,6662479890,2078783202.0,4141.51,31.6,7.6
7,6,2090,5,3,3,1,200811,241,7.9,4529191699,1823080028.0,2475.44,23.7,346.6
1,8,333,5,5,2,4,87285,107,5.7,1473170044,326960881.0,4880.71,-1.2,46.1
7,8,1257,7,5,2,1,441983,428,5.0,6435272480,1853346980.0,4008.86,3.9,17.5
1,6,1040,8,3,3,5,49834,114,7.3,850536811,626200406.0,2228.6,17.7,209.3
2,3,2117,1,1,4,6,296648,448,9.6,8993418086,6562123483.0,542.31,50.0,13.9
4,1,2101,3,3,3,4,488049,1666,8.1,13065315754,4059577581.0,1309.19,18.5,578.7
1,5,685,3,4,4,3,406143,577,9.4,5890779300,1889031869.0,3872.1,25.6,599.8
9,6,994,5,3,3,5,173152,593,7.4,2129561817,1633182196.0,4404.31,27.2,280.0
6,2,1798,8,1,3,2,49106,148,7.2,619796289,\N,3329.04,42.4,17.8
1,3,1825,6,1,4,1,321532,975,8.4,7729886505,6181241943.0,1970.21,44.4,12.5
1,6,1806,7,3,3,1,489410,962,7.4,7268619438,2240504591.0,1812.12,18.0,440.0
6,6,1703,2,3,3,8,234003,301,6.9,5178088584,1471514563.0,1826.0,17.6,436.5
4,3,63,3,1,4,3,66270,108,9.6,999457632,574702799.0,2482.77,41.7,2.0
4,3,261,4,1,4,1,572,1,9.3,13001102,3226238.0,3642.78,43.0,2.7
6,4,858,6,1,3,1,357323,1173,7.9,8462909396,5716493385.0,857.55,35.2,0.4
7,6,1264,5,3,3,7,284795,276,6.1,3372001279,2287560749.0,153.47,23.7,\N
9,5,1489,3,4,4,4,461041,1250,8.7,6658354122,1674313294.0,428.45,28.4,798.0
10,2,1131,1,1,3,5,58471,162,7.5,1060371585,736055700.0,3345.95,46.4,\N
5,1,2031,5,3,3,4,430507,960,8.6,6845664009,4541378582.0,4251.1,18.5,647.2
9,1,180,4,3,3,4,255045,1058,8.9,8148942795,4510775684.0,2062.54,26.5,690.3
4,5,355,1,4,4,1,191582,401,8.4,5160989181,2262682653.0,1721.44,24.5,562.7
10,8,934,7,5,2,7,471256,787,6.1,10719613106,7546088344.0,148.95,8.4,3.3
2,3,589,5,1,4,5,11031,26,9.8,199883926,129920891.0,351.39,46.8,4.4
3,3,1761,5,1,4,1,425064,1729,8.9,9086933179,3096873059.0,3785.99,45.9,18.2
1,8,605,3,5,2,6,113048,119,6.0,2363833680,1119097780.0,493.51,7.1,65.1
6,3,174,1,1,4,7,339731,733,9.7,7292699619,5076194747.0,4150.45,44.3,18.1
6,8,354,8,5,2,6,428744,779,4.4,6821488537,4048819021.0,3916.37,-1.5,34.4
1,6,1339,7,3,3,7,299674,475,6.2,2788826178,1167932384.0,4106.35,15.3,230.8
3,8,434,8,5,2,1,32292,48,5.8,596904703,399013234.0,3445.36,0.2,74.1
5,3,259,5,1,4,4,401104,1672,9.3,11082623851,7833447072.0,154.14,48.8,0.9
3,3,868,6,1,4,6,449413,953,8.4,10819348327,2504056640.0,2244.96,45.2,3.2
10,6,2053,8,3,3,2,498954,1223,6.0,11959927380,4074620915.0,828.03,17.0,295.6
3,8,2004,4,5,2,6,40724,94,5.9,679488084,299475540.0,1723.6,-0.3,\N
10,6,596,1,3,3,2,309603,870,7.2,4447137492,3431795946.0,2809.14,22.0,419.4
3,5,1669,6,4,4,7,26044,98,8.1,648690930,298028791.0,3673.1,\N,698.0
5,4,394,3,1,3,4,371167,1189,6.8,6471370878,1979447138.0,1199.27,32.8,1.7
5,6,336,2,3,3,4,434854,786,6.8,8495481685,5310933617.0,1707.4,18.5,527.4
4,2,2111,7,1,3,1,154270,353,7.9,4427656989,2370245667.0,1089.31,45.9,21.4
1,3,44,5,1,4,5,104921,400,9.4,1934050761,1055946978.0,4922.0,49.6,15.8
5,4,854,2,1,3,6,461303,449,6.2,9215173249,7061954186.0,4649.43,41.7,4.2
10,1,275,5,3,3,1,348995,498,7.2,8334838188,4072924991.0,3285.89,22.9,482.0
5,5,426,8,4,4,1,451254,1828,8.3,8730546514,3072080251.0,4132.92,26.8,763.8
4,8,483,6,5,2,3,178619,244,6.2,1808445927,555976053.0,3608.41,4.4,67.6
6,4,214,3,1,3,1,372675,832,7.1,4344719685,1380817886.0,4250.56,32.9,4.1
10,6,2127,8,3,3,5,363888,458,7.3,9159206515,4426350529.0,4683.12,16.7,304.1
4,3,139,3,1,4,1,339189,928,8.4,5231108433,\N,4655.71,48.3,18.8
7,3,950,8,1,4,8,135200,550,9.4,4998371040,3608349113.0,2894.13,45.4,12.7
7,3,98,3,1,4,4,434118,1842,8.8,11025208022,8268113898.0,4825.07,46.5,15.6
2,4,664,3,1,3,5,497483,812,6.1,7595719688,\N,2067.42,37.8,1.6
3,3,1074,1,1,4,6,173763,681,8.6,4327671772,2786458825.0,1007.62,41.7,14.2
1,6,479,8,3,3,4,233574,436,6.6,4916125407,2919576054.0,1195.81,24.8,211.9
8,8,1082,1,5,2,7,297371,666,5.2,6018313246,2789282525.0,2319.81,-4.2,60.4
9,4,162,5,1,3,3,296938,437,7.9,7028047359,4634180234.0,1302.95,32.7,5.7
4,3,1501,1,1,4,3,24723,68,9.4,367185996,265157479.0,679.18,40.5,12.2
6,1,1451,5,3,3,5,159220,572,8.3,2360245436,1258859241.0,2013.99,28.1,399.1
9,1,395,7,3,3,6,358884,956,8.4,9083066932,2968633157.0,2927.08,19.0,297.9
6,2,801,1,1,3,7,204037,580,8.7,2859721380,1379081348.0,4841.58,40.9,15.1
9,3,186,1,1,4,2,195546,612,8.8,4190159688,\N,3121.69,41.5,3.8
4,3,558,1,1,4,7,4019,4,8.9,117859184,44881932.0,3880.87,\N,11.2
8,4,1981,7,1,3,2,84115,58,6.3,1562747350,890480625.0,3426.87,34.4,8.5
9,4,446,4,1,3,5,22780,25,7.0,271241460,60539147.0,1954.12,30.1,1.4
4,7,830,7,7,4,5,352554,834,9.1,6317027316,2884503358.0,985.97,25.9,477.6
5,8,2135,3,5,2,7,449334,974,5.6,4634970076,2528395034.0,1447.18,-4.5,49.6
8,3,1273,7,1,4,7,178411,234,8.9,4469819988,3241809018.0,4388.84,44.2,18.4
10,2,1814,4,1,3,4,307723,820,7.6,7046487432,2704213149.0,820.7,39.8,6.7
6,8,516,1,5,2,3,131948,137,5.2,2028885227,439332821.0,532.95,-1.7,14.0
7,3,1601,1,1,4,8,132350,230,8.9,4351218010,2470100397.0,4273.51,40.6,12.6
3,8,947,4,5,2,8,104079,197,5.7,997847004,303816081.0,2763.6,-2.0,0.5
7,6,1226,8,3,3,5,167683,511,7.0,4138751806,2541350586.0,3428.38,15.9,592.8
8,4,1599,6,1,3,1,211536,654,7.9,3656442067,1830496505.0,4137.86,38.1,8.9
10,3,1679,5,1,4,4,153948,376,8.4,2566928952,671282488.0,1733.14,49.3,8.8
6,8,756,3,5,2,3,397311,855,5.0,3538054455,1823893427.0,3763.08,8.4,20.7
10,4,325,7,1,3,4,473313,684,7.8,6785604493,3535556726.0,3173.37,31.7,8.6
9,3,687,5,1,4,3,473708,918,9.6,17253582259,8903208790.0,172.83,48.1,6.1
6,5,1499,8,4,4,1,412599,881,9.9,10244503090,6485034642.0,3615.72,23.6,690.6
9,4,1689,6,1,3,3,244813,532,7.2,4729199608,2393560253.0,1754.23,33.6,5.2
4,8,2000,3,5,2,4,341367,690,5.4,4132861995,926337229.0,1079.45,1.8,21.8
8,2,868,2,1,3,7,476222,1879,8.4,8380554756,2265704231.0,4807.31,43.1,12.4
4,5,217,3,4,4,8,73525,255,9.8,1859006100,963837661.0,3859.28,22.9,558.0
2,6,1001,7,3,3,3,386578,614,7.0,5504097564,1544189124.0,171.24,27.9,425.6
10,3,1989,5,1,4,4,183723,274,8.5,2618879503,1447185709.0,3811.19,43.4,4.5
9,7,932,3,7,4,5,425893,1504,8.4,12306604128,6833846939.0,4259.27,\N,889.6
5,6,2013,2,3,3,8,359606,734,6.2,6891561305,2977682725.0,1813.73,22.1,220.1
4,4,240,2,1,3,1,203852,315,6.2,4700378645,3559911869.0,1665.93,41.9,6.1
2,5,1210,1,4,4,4,205909,554,9.0,5490975303,1785764193.0,2147.22,28.3,464.4
1,6,48,7,3,3,8,191092,335,7.1,3777200908,764532887.0,2357.82,16.4,\N
7,2,1249,2,1,3,2,469944,1622,8.1,10601231724,6804103016.0,1933.91,42.0,5.3
6,7,1168,4,7,4,2,58650,201,9.4,1390955130,364724691.0,2555.61,29.8,460.3
2,4,875,5,1,3,6,84903,96,7.0,1565441514,980569041.0,4864.22,35.8,7.8
8,5,1898,4,4,4,6,47186,175,8.8,1437134564,386121422.0,208.78,33.7,342.0
4,6,2180,6,3,3,3,317591,594,6.1,4420930238,1018921545.0,4913.65,19.2,554.2
8,5,625,4,4,4,5,424942,1249,9.1,9775705721,2435029809.0,4254.69,24.3,532.8
7,5,1860,5,4,4,5,326070,488,9.9,11976225030,7380314115.0,3996.84,28.3,599.0
5,6,1971,8,3,3,2,254169,540,7.2,6470939404,4631640159.0,2278.95,23.4,387.3
10,1,601,6,3,3,3,380031,854,8.4,6502634434,4618979063.0,421.62,20.5,275.3
10,3,1944,4,1,4,8,40752,146,9.9,984808756,667218512.0,3113.14,47.6,18.9
8,8,1817,8,5,2,8,409539,868,6.3,9639237535,5299263645.0,4476.55,8.1,73.2
9,4,2084,4,1,3,5,26427,23,6.1,452824002,135207210.0,2153.97,43.4,0.0
5,4,1649,7,1,3,5,261502,618,6.6,4684128424,1795206075.0,393.06,41.5,8.3
10,7,1828,6,7,4,7,197216,414,8.2,5812113292,4001885484.0,76.76,20.5,409.5
5,7,223,4,7,4,8,156673,452,8.1,4560970372,3637717919.0,641.04,24.7,878.7
2,7,1747,2,7,4,3,67534,129,9.3,1797525464,1390483798.0,3049.42,24.2,670.0
5,4,530,8,1,3,4,383429,407,6.3,6413425168,4163984873.0,4954.98,36.1,8.1
3,5,134,5,4,4,2,239017,1155,9.9,6287174873,4892761420.0,3574.94,22.2,671.4
7,7,391,5,7,4,6,97147,203,8.2,2268732179,1626028956.0,827.89,28.5,774.5
10,6,102,5,3,3,7,179348,208,6.6,2633725380,1790248260.0,4320.2,25.3,\N
5,3,2041,4,1,4,5,51319,141,8.8,1578818771,1018920091.0,3318.3,49.8,17.3
8,2,2001,2,1,3,7,52836,131,7.8,1481162155,1085113816.0,1542.71,37.7,\N
1,4,949,5,1,3,7,253713,406,6.8,3321103170,2468954350.0,2533.28,43.9,\N
3,6,1569,3,3,3,4,480583,772,8.0,7535541440,\N,2044.89,26.8,223.9
3,3,841,5,1,4,4,451665,925,9.0,13837208940,7830953007.0,4362.51,40.4,12.1
9,3,2054,1,1,4,4,452684,1836,9.5,13327243302,5115479097.0,4768.9,45.8,7.4
5,1,194,3,3,3,4,365865,829,7.1,9671019304,4529557330.0,662.25,27.3,570.0
9,8,742,5,5,2,1,311417,328,4.4,4557400944,2802144928.0,779.82,-4.9,53.9
9,6,473,4,3,3,1,204536,558,6.0,3858367104,2589331692.0,458.17,15.7,221.1
1,4,38,8,1,3,6,89281,139,7.1,2208490528,1033398218.0,1931.15,40.4,9.8
2,7,1699,5,7,4,3,185126,560,8.2,4276299524,2745209613.0,4856.73,26.5,752.8
5,5,471,2,4,4,2,30081,110,9.7,620336398,369050020.0,4937.18,30.5,727.5
4,7,1514,2,7,4,8,362005,1028,9.3,7386422421,4346490217.0,2999.93,23.0,406.9
10,3,1013,5,1,4,3,88732,338,8.2,2389446281,953902029.0,2344.38,47.1,18.7
9,3,1784,7,1,4,8,411468,1234,8.9,14227123302,7357168322.0,1546.78,49.6,\N
7,2,1967,4,1,3,7,24986,103,8.5,433894383,210550103.0,52.42,40.3,0.4
6,7,103,4,7,4,1,491141,442,8.6,6977738415,4594081981.0,1351.08,20.2,806.1
7,8,1735,4,5,2,8,474119,621,4.1,3487334892,2531811497.0,774.2,-2.1,39.8
1,8,1736,5,5,2,3,120926,284,6.7,2021459479,1014505365.0,59.82,-2.5,74.6
1,1,42,8,3,3,3,239739,246,8.0,4558876824,2366409395.0,4485.17,20.6,311.4
8,8,2114,5,5,2,4,316429,300,4.7,5939941902,3005824317.0,467.47,5.2,21.2
2,3,193,1,1,4,5,343785,1176,9.8,11532405339,7822374377.0,3557.75,49.9,9.7
10,3,1062,2,1,4,1,98120,407,8.5,3171778060,1268592290.0,4626.4,\N,1.2
9,8,1677,7,5,2,1,184462,448,5.1,2319904789,\N,679.03,4.8,43.5
7,5,326,3,4,4,3,288147,790,9.4,10631183565,5794876588.0,1240.43,28.7,\N
6,5,1121,3,4,4,5,200733,287,8.4,3839379944,3018791494.0,1213.44,30.5,577.7
1,8,108,8,5,2,3,113829,94,6.4,1231902969,787408104.0,476.27,4.3,46.3
1,2,1098,2,1,3,2,153156,405,9.0,3659662620,\N,4553.11,39.3,12.0
2,6,335,6,3,3,1,445604,931,6.6,8731788621,3609202072.0,4252.84,19.5,420.1
6,2,1943,1,1,3,8,435380,1376,8.4,11831016120,6749558634.0,1934.76,43.4,23.2
6,2,2040,2,1,3,4,260786,589,8.2,3417235429,1411288581.0,3858.78,42.3,9.3
2,8,804,1,5,2,4,320270,389,5.3,3118180747,1145290116.0,2571.6,6.6,12.4
1,5,1849,6,4,4,4,143593,628,9.8,3304132367,1171963245.0,3411.45,33.4,550.7
10,7,767,1,7,4,6,217175,509,9.0,4206245400,2639264894.0,3461.27,20.8,534.4
5,7,1278,4,7,4,6,378302,533,9.0,8222393970,3363889359.0,3887.83,21.9,\N
5,8,1409,2,5,2,1,258524,270,4.0,2366011648,1417123227.0,4500.94,9.0,52.5
2,7,1489,3,7,4,1,213980,824,8.4,6702623928,1992649287.0,3956.0,28.4,723.9
6,6,34,5,3,3,4,405014,736,7.2,5225652633,1090212514.0,3547.33,18.2,474.9
9,5,837,6,4,4,8,155417,591,9.7,4396000928,2343446814.0,3128.89,27.7,457.9
2,8,2025,6,5,2,8,60697,179,6.4,1336693612,692982579.0,1084.98,\N,69.2
10,1,1640,5,3,3,7,109085,110,8.0,1991455760,1190023811.0,1451.53,29.3,299.9
2,4,739,2,1,3,1,467613,986,7.8,9618144751,5020118720.0,423.02,34.7,3.9
3,4,1490,7,1,3,8,45476,72,6.9,620351758,165816392.0,1326.0,41.8,0.3
7,8,1328,5,5,2,8,73186,103,5.0,958004740,566894095.0,2742.51,-1.3,46.6
6,8,1886,1,5,2,4,305196,156,4.1,3137018125,2401502108.0,4770.72,2.3,29.9
8,1,117,5,3,3,2,439639,554,8.7,13440555580,8410425381.0,677.69,\N,557.0
8,7,1505,1,7,4,2,435241,1229,9.6,10032130953,5781337193.0,2241.83,28.0,525.3
6,4,2034,1,1,3,2,305021,959,6.7,4013710334,2137654971.0,3766.66,42.4,5.3
10,6,1700,3,3,3,3,302767,331,7.9,7596545136,1589482094.0,3978.59,25.6,241.8
3,8,1924,5,5,2,3,93979,80,6.2,1017924140,790921620.0,995.75,0.0,10.5
3,5,1611,7,4,4,5,353140,556,8.1,4508043984,3510858080.0,932.63,27.7,562.3
1,4,1308,3,1,3,8,178539,183,6.8,2788707764,1760478406.0,3072.98,34.7,2.2
7,6,976,7,3,3,5,273481,447,6.4,6780578521,4553730790.0,4574.54,16.0,295.7
5,5,2057,5,4,4,5,282163,849,9.9,4201294204,3053704472.0,4031.58,25.8,540.5
4,8,715,7,5,2,2,348740,753,5.2,5465732272,4069350585.0,1952.83,2.4,76.3
10,6,1926,1,3,3,8,285951,351,6.8,7431752109,3154698149.0,3308.9,15.8,284.1
4,1,844,7,3,3,2,475615,353,7.1,6186419428,4213642460.0,1311.43,29.7,614.4
4,8,360,5,5,2,2,20140,53,6.9,265564026,89130574.0,2385.12,\N,46.8
6,2,485,6,1,3,8,97216,215,7.7,2831066022,1108776910.0,2700.6,40.3,25.0
8,1,1429,6,3,3,1,155468,316,8.2,2255187714,962926769.0,3206.82,20.3,393.5
8,4,2081,3,1,3,1,63501,202,7.4,1538006920,957250667.0,2031.77,38.9,4.5
5,5,1489,8,4,4,2,57115,102,9.2,1274761108,873072906.0,208.47,25.1,340.4
6,6,696,4,3,3,4,115041,195,6.7,1163869797,435173053.0,4643.88,16.8,404.8
4,4,565,6,1,3,5,274276,596,7.8,8037548469,5688009727.0,4783.39,30.5,4.6
9,4,1832,7,1,3,3,88862,137,7.0,1808874872,846409488.0,3450.61,43.2,\N
8,8,202,3,5,2,5,283860,355,6.2,5047484976,1462576071.0,1368.53,0.2,2.5
10,2,1199,7,1,3,4,259387,844,9.0,6209724780,1845400598.0,2993.98,46.8,\N
10,7,1268,4,7,4,8,403840,1281,9.0,9366261120,4600781083.0,1416.71,26.5,480.3
1,4,1470,2,1,3,8,28237,79,7.3,581699142,454717618.0,3509.22,38.5,7.8
2,2,74,3,1,3,6,161707,325,7.1,3574096626,2097606581.0,1833.41,35.7,6.3
9,5,96,6,4,4,1,199684,803,9.0,6095953152,3198563158.0,2809.36,27.8,504.7
8,5,1897,6,4,4,7,258635,647,9.9,4283693914,1696805216.0,341.78,35.0,312.2
3,6,173,5,3,3,2,35339,37,7.8,772079404,278972470.0,4981.15,26.8,326.0
8,7,1923,4,7,4,1,123711,416,8.0,2131787952,992473934.0,3327.64,24.4,793.3
1,2,258,6,1,3,8,262354,259,7.3,5492748285,3172488207.0,4703.21,46.7,18.7
10,1,330,5,3,3,1,151085,507,7.0,3530252110,1422112740.0,3735.51,29.0,268.9
4,5,1255,4,4,4,8,437725,1117,8.2,14328665239,4482158599.0,2831.33,34.2,575.9
3,8,161,3,5,2,4,398000,756,5.8,4711444400,988868938.0,3695.38,-3.4,\N
6,7,186,3,7,4,1,36803,85,9.4,823356716,210367460.0,2373.02,25.5,733.9
7,6,143,5,3,3,1,301777,853,6.1,3714814514,1664780116.0,4798.51,18.7,598.6
4,1,640,3,3,3,7,213391,308,8.8,5907687156,4271451448.0,3882.95,27.4,367.7
7,5,2075,5,4,4,5,277942,655,8.9,8321472303,2431964106.0,649.15,23.6,794.9
9,5,202,1,4,4,5,262996,462,8.7,6804705904,1405601139.0,4755.75,27.0,355.8
2,6,1615,7,3,3,6,3622,6,7.3,97592254,41245864.0,2900.05,18.2,576.7
3,6,472,4,3,3,8,267851,397,7.0,3309299105,1823917272.0,2279.81,19.6,237.2
5,3,2103,5,1,4,4,162513,353,9.1,2709286725,1117212714.0,3971.34,47.6,16.6
3,8,911,4,5,2,7,179163,90,4.2,2813539919,1187461681.0,1181.98,9.9,36.2
8,4,1572,8,1,3,2,149987,308,7.3,3037266747,1164343334.0,4793.09,34.3,6.6
10,4,1030,1,1,3,7,124239,189,6.5,2049570783,988705188.0,873.36,35.0,8.9
8,1,1074,4,3,3,5,232802,772,7.9,3630454069,2256324599.0,1513.63,21.4,481.5
8,4,2160,5,1,3,7,389786,930,7.9,11282589641,8070683618.0,4450.75,37.3,\N
9,1,230,7,3,3,8,301237,907,9.0,6119027181,3074541839.0,3061.25,25.5,378.0
4,7,1747,7,7,4,6,201152,742,8.9,5546203174,2724500988.0,4279.87,28.6,581.2
5,5,1330,3,4,4,1,176728,639,8.8,5497654624,3538498684.0,1036.71,23.9,541.0
5,3,461,7,1,4,6,123069,424,9.4,3587387508,1128702251.0,4028.73,\N,5.9
8,3,807,7,1,4,6,384923,1529,8.9,8201400391,4339513965.0,933.03,42.1,7.2
7,8,1932,8,5,2,3,431104,518,5.2,4447613747,2932723719.0,3728.94,9.8,55.1
9,8,59,4,5,2,5,67206,118,4.6,787708084,178392147.0,815.0,5.0,4.2
8,5,1100,4,4,4,6,130809,208,9.3,3971949880,1410716731.0,1747.71,32.4,782.8
2,6,728,6,3,3,6,343685,742,6.2,5849175015,2597474239.0,2407.24,17.8,574.0
10,8,1156,6,5,2,3,259035,872,6.9,6471963571,1856405903.0,4598.22,4.9,34.5
4,8,498,1,5,2,2,137212,215,6.6,1768635237,1005722910.0,3672.06,0.4,37.3
6,2,910,2,1,3,8,59972,72,8.1,785009491,400622113.0,1444.71,39.1,12.1
2,2,1329,7,1,3,8,257079,523,7.6,6011843830,1513183768.0,2259.93,\N,3.4
7,4,2115,3,1,3,1,431401,772,6.6,8550281539,5960680833.0,1782.7,33.1,9.7
3,6,230,7,3,3,5,87665,210,7.0,1030326745,540852900.0,4702.29,15.2,241.7
3,1,333,5,3,3,7,77861,101,7.1,2071943498,1088208744.0,914.41,25.8,284.9
2,7,1897,1,7,4,2,26681,108,8.6,377226650,\N,4582.65,23.8,618.9
8,3,1608,5,1,4,7,302718,801,9.1,7812425056,5365831018.0,4147.91,\N,12.8
6,4,721,5,1,3,7,47530,121,6.3,883345050,400231384.0,687.03,32.6,3.8
1,8,2192,4,5,2,4,11625,11,6.6,142785225,74730395.0,1402.05,-3.7,56.3
1,5,1275,1,4,4,2,6301,12,8.4,132162214,27402404.0,3566.59,26.9,\N
7,6,691,1,3,3,4,56397,70,6.4,833773248,310349034.0,3551.07,26.1,267.3
8,8,57,6,5,2,4,310910,335,4.2,4221722526,\N,1206.75,-2.2,56.6
5,3,1486,8,1,4,5,90683,89,8.8,1839413972,671922120.0,3186.35,48.9,13.2
5,1,750,3,3,3,3,2792,3,7.7,42330349,22845256.0,3452.99,18.1,397.0
4,1,678,2,3,3,4,119862,254,7.5,3489782130,1532945218.0,406.49,21.2,379.1
6,2,560,5,1,3,1,15477,21,8.9,265848429,104908211.0,1935.72,43.4,19.9
6,4,1663,7,1,3,5,42693,139,7.3,1045303950,756411036.0,4535.78,\N,4.1
3,8,1705,3,5,2,6,115381,175,5.8,2621963996,1429694643.0,4507.47,-1.3,70.4
9,5,1979,7,4,4,6,357389,1186,8.0,7768207304,2957433478.0,3326.08,28.3,395.7
7,3,349,6,1,4,4,176959,444,8.9,2658490448,1197763063.0,3280.84,41.8,15.5
1,8,1091,8,5,2,5,356338,181,4.4,5782367993,2278605064.0,4284.29,7.1,19.2
7,7,1179,8,7,4,1,291608,648,9.3,9066063559,2518692975.0,1743.67,22.1,769.2
5,1,1720,3,3,3,5,320717,765,8.2,9246655970,3655634630.0,295.8,28.2,505.5
5,8,886,5,5,2,7,90647,109,5.1,1714207287,1111347774.0,4239.57,0.5,55.5
2,3,865,4,1,4,5,47107,136,8.6,1555661568,719740062.0,1595.31,44.9,1.3
4,5,786,4,4,4,7,202305,525,8.1,4793111212,\N,3380.15,23.7,535.1
6,3,457,5,1,4,6,295221,1285,9.1,8261021632,5441510453.0,2466.44,43.6,9.7
10,4,345,6,1,3,4,286216,425,6.0,5826785328,1815914850.0,766.67,33.6,0.5
7,2,554,6,1,3,2,79994,127,7.7,954112436,538237236.0,2121.06,37.6,14.6
5,3,1021,1,1,4,8,41704,134,9.1,593168503,127645996.0,1349.44,46.3,6.2
9,6,788,2,3,3,5,200574,385,7.1,2624570962,1393798282.0,90.91,26.2,405.5
3,8,1820,7,5,2,8,209067,135,6.2,3442748102,747344813.0,2643.4,4.6,22.9
1,2,705,4,1,3,4,457257,1331,8.1,12233590955,6373372366.0,2842.1,45.0,4.8
4,5,1128,2,4,4,6,431696,1476,9.9,7415026344,5437941569.0,1564.4,27.8,356.3
9,2,812,3,1,3,8,319916,394,7.7,8537982191,3412082164.0,1506.24,39.0,\N
4,3,953,7,1,4,1,399661,880,9.3,11774972246,5989006018.0,2262.52,47.4,12.5
2,3,815,7,1,4,7,360216,1357,8.6,10684510862,6788767984.0,3107.67,40.5,19.5
10,6,1549,7,3,3,1,284523,677,7.4,6556434202,4431832173.0,4844.26,16.8,290.5
5,1,144,3,3,3,8,6819,19,7.5,174753922,\N,2414.94,29.6,377.4
3,8,863,5,5,2,2,45745,102,5.6,930416703,388230549.0,4671.22,9.2,49.3
9,6,1217,8,3,3,1,444649,1042,6.0,10455476586,5725516493.0,4876.04,18.7,413.8
4,3,1808,8,1,4,4,159002,494,9.2,3730186920,1370111473.0,3060.94,45.6,9.6
6,7,375,5,7,4,2,244175,772,8.4,7785861720,5335737440.0,2825.11,27.4,488.5
2,2,677,5,1,3,7,26291,88,7.3,628168233,462855417.0,348.26,40.8,22.1
6,6,1290,7,3,3,6,443483,826,7.1,11902196754,3677449712.0,1154.87,20.5,\N
3,6,556,6,3,3,4,348727,809,6.3,5966997951,3526595812.0,4990.89,26.4,340.6
9,8,863,4,5,2,6,342839,885,5.5,6867408009,5003755565.0,3743.17,-1.7,66.8
2,7,2122,2,7,4,8,22158,42,8.9,530484678,297283646.0,3356.49,24.1,747.0
9,7,881,8,7,4,6,484281,960,8.7,9323910521,2892236641.0,2854.96,30.0,613.3
5,7,1843,3,7,4,2,64213,81,8.2,1624396261,557786364.0,3429.9,28.9,460.7
8,8,966,2,5,2,2,241372,343,5.1,2434912461,804575099.0,3419.74,2.1,79.2
2,1,476,8,3,3,4,362479,426,8.4,10988768372,3944287615.0,1146.63,26.3,469.3
6,3,1339,4,1,4,2,80475,217,8.2,2467347405,1609311636.0,3934.57,43.4,18.0
3,3,525,7,1,4,4,283589,1162,10.0,5578195630,3512553367.0,2353.13,48.1,1.6
10,5,1449,2,4,4,1,246063,679,8.8,5279134027,2799733778.0,3522.74,24.5,490.7
5,8,562,7,5,2,7,203679,249,4.8,2929066963,829709602.0,1770.23,9.6,1.7
8,1,569,2,3,3,1,362723,962,7.4,10331294119,5353093759.0,2908.28,24.9,504.2
10,5,1206,6,4,4,7,335316,517,9.6,8688171686,1824888816.0,3689.06,27.8,311.0
1,5,106,8,4,4,8,11181,41,8.9,377345332,\N,3078.28,23.7,383.0
5,5,1161,5,4,4,5,441543,706,9.0,8766394722,\N,3185.06,32.9,506.3
3,8,700,6,5,2,3,304753,336,6.8,6185876394,\N,966.89,-4.4,35.1
4,4,1144,6,1,3,3,217198,161,7.1,6008044196,3146256929.0,2554.19,30.8,3.4
2,5,72,7,4,4,1,398871,958,8.1,7153113191,5249575361.0,1407.93,32.3,707.7
9,6,755,2,3,3,5,286433,196,6.0,3370170678,1994715552.0,1882.53,26.8,394.6
3,2,905,2,1,3,8,62072,213,7.4,1545654872,1040642363.0,4019.05,41.5,26.2
2,6,52,6,3,3,3,30063,86,6.4,505058400,120389883.0,285.93,\N,424.7
10,6,1004,2,3,3,4,153302,305,7.4,1867279680,1289470117.0,1324.4,21.5,355.7
9,3,1288,6,1,4,4,210822,217,9.1,4120895469,2251575015.0,3956.42,45.9,12.0
7,4,1263,1,1,3,2,160639,507,7.2,4232002327,1743343037.0,4239.42,41.0,2.2
6,8,685,8,5,2,8,485965,423,6.2,5209447607,2174022960.0,1104.21,-1.3,5.4
1,5,1773,6,4,4,3,47858,174,8.4,769039773,591177880.0,868.05,25.2,335.8
5,3,1631,3,1,4,6,179631,621,9.1,4217376617,3236301242.0,4006.37,49.9,\N
3,1,2105,3,3,3,8,279110,1017,7.7,3292493204,2035212258.0,3600.88,22.1,403.6
1,1,950,2,3,3,4,452583,931,7.7,7279933329,4924786858.0,2837.84,29.8,590.0
4,8,1674,6,5,2,3,449662,893,4.6,4182396194,2714682243.0,2317.13,-4.7,21.1
2,3,1426,6,1,4,2,175912,650,8.5,5342535396,3569917968.0,4382.64,42.1,19.0
2,2,1585,5,1,3,1,437255,707,8.6,7637358183,4803808384.0,1432.72,37.1,24.9
3,8,1047,8,5,2,5,431420,711,6.9,6260206194,1529298763.0,3255.35,1.5,50.3
8,3,1291,7,1,4,6,312903,1000,8.8,4824213292,2778680613.0,4653.53,\N,5.4
8,3,2166,5,1,4,2,199182,300,8.4,3520262995,1940736187.0,901.11,43.1,3.9
7,4,1624,5,1,3,2,196074,639,7.6,4175435044,1744196301.0,1006.4,39.3,5.4
6,8,1177,6,5,2,2,24621,49,7.0,415356270,145543197.0,637.84,\N,55.5
9,1,2161,8,3,3,5,332654,1263,8.4,5018551305,3043176464.0,1371.81,23.4,515.6
4,1,1032,6,3,3,4,43384,120,8.2,1313424569,264055128.0,2865.82,25.5,347.5
1,5,431,3,4,4,3,245565,626,8.9,7808893330,3828003470.0,1680.36,22.4,720.8
8,6,1316,4,3,3,1,424828,1180,6.3,4472291804,1108532015.0,2818.64,21.2,233.9
7,8,893,2,5,2,7,127692,70,4.4,2069274398,528249951.0,2440.91,0.6,70.1
7,3,1074,3,1,4,1,229696,259,9.5,3548114112,1775212506.0,2678.13,43.5,17.3
3,8,107,5,5,2,6,205680,269,5.7,3881736936,2431882720.0,4762.02,0.3,7.8
4,3,745,3,1,4,5,263280,502,8.0,4220904960,2183711042.0,1074.51,42.5,11.9
10,2,1480,3,1,3,1,263443,582,8.4,4543127223,2335635999.0,3369.81,38.7,5.9
9,8,622,3,5,2,6,389307,602,6.9,7653035936,1883973783.0,2400.6,6.1,60.8
6,7,995,8,7,4,8,491945,1943,9.2,16460676478,10322755790.0,3413.75,26.1,822.0
5,7,145,5,7,4,6,446880,1937,8.9,6753339936,2122550031.0,3010.83,24.0,794.7
3,1,821,4,3,3,8,158703,501,8.3,4610322150,2114524581.0,3793.74,29.4,258.9
9,2,412,1,1,3,5,181006,519,7.3,5006571658,3408602018.0,2692.08,47.4,10.0
5,4,114,2,1,3,5,479945,1367,6.7,10058495332,\N,3523.76,34.3,0.8
5,5,124,2,4,4,3,222863,491,9.2,6075156234,3521377706.0,3689.63,31.0,701.2
4,2,86,7,1,3,3,117234,261,7.4,2290283424,1199474577.0,931.55,44.3,1.5
4,1,47,3,3,3,5,449541,1706,7.6,8018552725,4729030201.0,4628.28,22.6,639.3
1,4,1900,4,1,3,3,33884,80,7.5,932402970,519451665.0,3636.68,30.8,2.1
7,3,1573,5,1,4,4,249490,966,10.0,7192796700,4968741501.0,529.09,47.8,\N
9,4,1739,1,1,3,2,461340,1618,7.2,9423515376,7164275134.0,4311.34,39.7,2.4
3,6,2006,1,3,3,1,413973,340,7.9,12895134758,4414939375.0,994.21,15.6,\N
2,8,804,3,5,2,1,188396,435,5.7,2583700423,885604516.0,2952.55,4.8,50.8
3,2,1990,3,1,3,7,447482,1320,7.1,10494034626,8017848008.0,1599.93,43.5,26.9
1,1,1070,5,3,3,1,288248,829,8.9,7862973068,3825002718.0,2900.02,18.6,266.4
6,2,1192,7,1,3,1,460296,1614,8.9,15599983795,10209964600.0,4446.3,35.2,8.7
7,3,46,5,1,4,4,214137,899,9.5,7923604342,\N,4458.84,49.0,2.3
2,7,540,8,7,4,4,476576,650,9.6,14201202278,9552225694.0,3940.96,27.3,744.4
8,3,87,6,1,4,2,45797,51,9.9,1755527241,466317171.0,4082.87,47.6,18.9
6,1,1409,5,3,3,5,226710,460,8.9,5191590987,1073912259.0,2563.18,22.3,310.3
4,6,265,3,3,3,3,227933,535,6.2,5361622372,2503149736.0,4348.49,18.7,201.1
5,5,703,4,4,4,2,133238,227,9.0,3296441358,814610972.0,2362.0,29.5,438.4
8,8,1474,3,5,2,7,166804,307,4.0,2188468480,1746068815.0,1081.25,6.4,13.8
3,8,186,7,5,2,1,537,0,5.0,7585125,3644268.0,4494.85,6.4,52.4
3,4,326,3,1,3,3,262218,659,6.5,3357701490,1077658426.0,2324.78,32.6,0.3
4,4,1207,1,1,3,7,217923,622,7.6,4976925473,3680981113.0,3023.88,44.8,3.4
1,3,397,8,1,4,2,174692,487,8.5,4818442090,3356693417.0,3151.17,47.5,1.9
9,2,1505,5,1,3,1,246510,831,8.4,6506089128,4492131150.0,457.22,46.2,11.2
8,7,1427,2,7,4,2,480643,2173,9.2,7809102949,2483541432.0,1802.22,23.3,584.3
8,2,1441,5,1,3,1,421708,358,8.4,11119427860,8586479425.0,1826.03,38.1,14.2
10,6,1089,6,3,3,8,389469,1204,7.0,9413855199,3312525570.0,3597.79,15.2,557.1
6,5,956,4,4,4,6,450106,558,8.3,9522757610,4083491360.0,3402.29,29.9,670.0
7,8,555,4,5,2,1,279291,361,4.2,3539007977,1649858930.0,4945.17,7.8,29.0
6,2,1041,5,1,3,8,193910,629,7.7,4542031494,3054961168.0,3668.73,46.8,23.9
9,8,44,5,5,2,8,128056,212,6.4,2943853772,994020686.0,1152.49,7.7,51.5
3,4,901,3,1,3,8,23411,59,7.6,335208062,246183401.0,1761.41,44.5,0.6
3,8,1724,2,5,2,6,432370,517,6.4,5647789888,1435674718.0,876.93,-4.0,54.1
3,7,482,7,7,4,4,490758,583,8.4,11872417536,9418348301.0,4316.93,23.9,515.7
10,8,2037,3,5,2,1,157562,243,7.0,2944833780,2285172421.0,4237.12,\N,59.0
3,2,1287,8,1,3,2,234981,602,7.3,6084386531,2624679553.0,4572.26,47.8,6.5
9,7,1198,1,7,4,3,231497,699,9.2,7226317753,5217727078.0,3315.79,21.6,689.2
4,8,1465,8,5,2,4,18637,42,6.6,309232558,217764189.0,1380.87,8.5,31.6
7,5,566,1,4,4,6,156709,343,8.7,4068291007,2377674663.0,4488.56,24.1,715.8
9,4,772,8,1,3,3,64460,216,7.5,1928965500,1241681472.0,1399.9,42.7,3.1
7,8,1219,4,5,2,6,315378,442,4.3,4667783626,3447526741.0,1951.18,7.8,9.7
9,7,471,4,7,4,8,247417,479,8.4,4403923633,2590757695.0,158.27,27.3,\N
3,2,1371,2,1,3,8,169848,272,8.0,4159237824,2494868368.0,2911.11,48.0,4.2
4,4,672,4,1,3,7,469209,965,6.9,12503387590,3998292561.0,2206.07,33.5,0.8
8,3,1175,6,1,4,5,86576,367,8.7,2184312480,1057319064.0,3257.1,50.0,19.2
6,3,111,8,1,4,8,119023,529,9.8,3114355818,669843623.0,4841.32,45.0,18.1
5,6,1027,1,3,3,3,6361,17,6.7,147545939,41039091.0,333.54,25.1,303.3
4,3,344,2,1,4,8,176073,575,8.9,3558769868,2296379995.0,502.83,45.7,\N
8,2,1473,1,1,3,5,259922,406,8.2,6762806549,3813018146.0,2842.39,43.1,12.3
1,5,2131,5,4,4,7,126509,421,9.5,3518974344,1683527493.0,4989.57,22.2,485.7
9,4,777,5,1,3,5,97673,190,8.0,1391644904,387073557.0,1475.58,30.4,8.2
1,7,1404,2,7,4,4,437932,1531,9.7,9421931807,6459693256.0,2705.42,24.9,485.9
8,1,658,3,3,3,3,98794,244,7.5,2848971975,1073654251.0,1058.38,27.5,690.6
4,3,1834,6,1,4,6,294590,1246,8.9,6659501540,4518736510.0,2672.19,41.9,2.7
9,3,1833,7,1,4,1,52755,88,8.9,1550822908,1118085214.0,957.68,47.3,2.9
5,1,454,6,3,3,4,103556,168,7.1,2374114500,1061312630.0,926.74,21.0,428.2
3,7,741,8,7,4,4,473517,2078,9.5,16140300462,7662102591.0,1726.49,23.9,436.4
9,7,1770,7,7,4,1,94876,392,8.3,2339575746,977808569.0,4701.11,20.4,569.4
9,1,1444,4,3,3,3,149001,215,8.3,2155582566,1209911557.0,3314.25,26.6,314.0
4,7,1749,7,7,4,6,401731,768,8.5,11620270040,5320204366.0,1889.78,26.2,692.4
4,2,824,2,1,3,4,52509,72,7.7,1185059868,601535891.0,3211.43,46.5,5.7
8,7,145,6,7,4,5,34370,115,9.2,1059915808,771804841.0,1037.51,27.3,512.8
2,4,2007,7,1,3,1,302715,653,6.6,5773985910,1589808033.0,3205.46,40.7,5.5
9,7,1068,4,7,4,6,252705,757,8.5,3557075580,712860287.0,4605.24,27.9,453.8
6,8,1787,1,5,2,2,322723,545,4.1,3432288194,2745682101.0,4687.86,0.6,37.1
9,8,1410,7,5,2,4,383334,430,6.7,4047700372,2950562076.0,2953.07,5.4,14.3
8,3,1763,3,1,4,6,25462,34,8.2,679188665,200842843.0,4404.01,43.1,5.4
7,5,910,4,4,4,5,84032,364,9.6,3008211148,1637081007.0,1967.18,31.8,765.4
1,2,761,5,1,3,3,51217,192,7.7,1370044506,535458593.0,4433.65,46.2,19.2
3,2,1517,7,1,3,3,233231,464,7.0,5394166568,1561135974.0,1704.13,44.7,5.9
2,7,531,5,7,4,1,199615,203,9.3,3003686751,1814433208.0,3530.53,23.6,693.8
5,5,1360,1,4,4,5,150156,557,9.6,2195400844,1737364449.0,4598.61,27.6,726.6
5,5,2028,2,4,4,1,315800,632,9.4,7287716600,3111788015.0,2846.8,22.1,649.5
5,6,2178,4,3,3,4,470216,382,6.4,10884936140,8669985323.0,1409.19,25.0,512.5
4,5,1008,7,4,4,1,55462,122,8.6,1054587745,436314459.0,3504.77,24.7,572.2
5,7,1538,7,7,4,2,468250,1008,8.6,12882213050,8172833019.0,608.17,25.9,632.5
3,7,1274,1,7,4,1,146394,465,9.7,2181153484,1020969007.0,1761.48,26.8,\N
1,1,947,7,3,3,1,261190,378,7.0,3307448970,\N,4484.6,18.5,354.3
5,3,1162,5,1,4,4,348347,1269,8.4,7362104836,1605161147.0,3698.2,44.2,4.1
9,8,1299,7,5,2,5,310745,269,4.8,5538221688,1958380819.0,320.49,5.4,63.1
9,6,1002,8,3,3,6,229686,422,6.0,2315234880,1608467498.0,2890.22,23.0,432.0
4,7,2189,7,7,4,6,175561,275,8.6,2424778307,892299723.0,1278.65,29.4,570.1
3,1,1968,5,3,3,2,99444,244,7.6,2188722662,1579830986.0,116.96,25.1,413.0
1,6,882,5,3,3,1,497945,1486,7.4,11596043571,7977993114.0,1373.42,24.6,\N
2,3,1848,3,1,4,4,283114,921,9.3,9144270774,6076652331.0,3881.21,48.6,9.9
8,6,1976,3,3,3,4,109991,253,7.7,2885492894,1625250272.0,2041.75,27.9,295.7
1,1,1631,5,3,3,8,354994,601,7.8,7016527408,\N,1365.97,20.5,452.2
8,4,173,6,1,3,6,297511,1040,7.5,4493903655,2088976927.0,4994.66,\N,6.9
7,8,473,2,5,2,4,142406,306,5.8,2004592299,1359401215.0,2905.93,3.2,6.1
8,7,1447,3,7,4,5,387912,1085,8.2,5900529432,2029786941.0,1148.72,22.6,617.2
6,8,498,4,5,2,1,188591,140,6.1,2515935953,1610401969.0,1054.39,-1.9,35.5
9,3,989,3,1,4,3,80896,293,9.3,1129251532,872754571.0,561.31,43.5,7.9
3,2,1606,4,1,3,6,434382,1723,8.8,9048003307,\N,3078.0,37.7,3.3
10,3,419,3,1,4,7,455172,688,9.6,8442166118,5177288958.0,4402.56,43.2,7.3
4,3,1371,5,1,4,7,78313,139,9.3,1535279377,813595404.0,4306.67,42.3,\N
6,3,714,7,1,4,6,474951,536,8.1,7982738932,4886368803.0,4702.47,47.8,10.3
8,4,179,4,1,3,2,350353,890,7.3,8846658497,4772053200.0,164.28,41.2,3.1
5,7,2105,8,7,4,3,397465,597,8.3,5476272770,4286125594.0,2828.5,20.9,742.2
3,1,1930,7,3,3,5,5246,21,8.9,155989285,124211997.0,4588.56,20.1,408.8
6,7,946,7,7,4,7,321422,446,8.6,9262932049,1948369243.0,4506.49,23.6,555.0
4,2,2019,2,1,3,6,471833,1773,7.8,10164981418,5176138527.0,1391.34,44.0,27.5
9,1,739,3,3,3,1,122383,113,8.1,3150358709,2167476146.0,2534.63,24.9,614.0
3,6,1957,3,3,3,3,444301,511,7.8,12635387278,5289642911.0,524.87,23.6,490.7
4,6,112,5,3,3,3,367450,1394,7.9,7596771535,2969776112.0,1407.26,18.6,\N
7,6,715,4,3,3,7,472212,1031,6.6,12419647811,4852075657.0,4960.31,28.0,557.9
7,1,1402,6,3,3,6,261615,961,7.4,7178506308,3302074021.0,2946.24,23.8,594.9
4,5,1939,5,4,4,3,42899,102,9.4,1523480766,1019942486.0,4993.81,33.8,722.1
6,4,1382,7,1,3,2,365225,965,6.2,3555100150,2788495587.0,131.91,42.9,5.5
3,5,813,4,4,4,1,28044,131,9.9,914254030,465090936.0,4858.22,\N,595.3
6,7,1209,3,7,4,4,365835,1471,9.5,8208971565,5191144457.0,1801.88,20.2,729.0
2,6,37,3,3,3,1,205211,283,6.2,4347477119,\N,460.44,26.2,579.0
8,4,1829,3,1,3,7,78990,120,7.7,1505960148,1056999860.0,493.37,32.7,1.2
2,1,1252,3,3,3,6,497953,794,7.0,9421768713,7180230509.0,1752.36,19.6,264.4
7,6,810,8,3,3,3,144585,414,6.5,3249837045,1776305964.0,2394.72,20.3,445.0
9,1,23,1,3,3,1,220999,319,7.9,3175777729,2029744851.0,472.1,21.5,302.7
1,4,1527,3,1,3,4,463700,507,7.1,5850363790,2954571836.0,4265.14,37.5,6.7
8,1,796,3,3,3,8,324152,783,7.7,4006032492,1600155915.0,2455.66,\N,645.4
7,1,496,6,3,3,2,9168,11,7.2,111688243,76548553.0,1856.38,26.4,570.7
6,2,900,6,1,3,1,127800,226,8.8,4372600320,1162482225.0,2631.5,41.9,12.5
6,7,425,4,7,4,1,487393,1073,9.8,7933685775,1975410980.0,2463.35,23.9,\N
6,5,2066,7,4,4,2,386842,364,9.2,5783287900,1977931909.0,560.69,33.6,663.0
9,8,1983,3,5,2,2,22212,52,6.0,255615696,92725497.0,298.12,7.2,12.5
2,5,1469,3,4,4,6,5694,17,8.3,89794380,\N,3409.08,24.1,681.3
1,5,1234,8,4,4,3,293193,920,9.6,9516341116,1951413703.0,2463.85,31.5,359.1
6,3,1798,4,1,4,3,47890,219,9.7,1244019373,705761954.0,171.29,41.6,8.7
10,2,565,7,1,3,6,5850,21,8.3,164892780,33305029.0,3350.49,44.6,25.7
8,8,1305,3,5,2,2,399412,846,4.4,5013898718,1019764106.0,3543.06,\N,27.8
3,6,1857,8,3,3,4,98050,307,7.5,1314115125,402697452.0,4851.6,20.7,560.1
10,6,133,3,3,3,8,495677,1066,7.3,12371453539,8476125417.0,3168.63,15.5,276.6
1,6,449,5,3,3,3,304892,653,7.8,6937085719,2726212902.0,1411.36,17.9,363.2
9,5,1831,1,4,4,4,99072,436,9.2,1770971443,1058604560.0,1231.62,34.1,431.6
1,7,2159,4,7,4,2,380267,1156,8.2,7333981468,1930203176.0,2314.52,27.0,508.7
3,5,850,5,4,4,1,242464,468,9.7,8765534281,\N,507.23,26.3,779.0
8,8,1262,6,5,2,6,288241,702,6.0,3374149146,2324491126.0,2505.17,-3.3,70.1
3,7,1481,7,7,4,8,98893,464,9.5,2314887344,1187633433.0,1672.85,24.9,666.9
4,2,901,2,1,3,7,35193,67,7.7,558773338,277442604.0,4157.88,41.5,\N
8,7,759,2,7,4,2,422747,1968,9.8,6682530927,4143890218.0,3489.99,27.6,565.2
1,8,1540,6,5,2,2,79647,92,5.7,1549914690,367189106.0,1320.55,6.5,38.5
6,1,1900,1,3,3,8,388597,953,8.5,9486429964,2172630307.0,2418.66,29.3,473.8
1,5,862,7,4,4,5,358288,1399,8.3,5227923523,1093419786.0,3598.52,24.4,447.6
1,6,1848,7,3,3,2,364195,370,6.1,6204899473,3258233445.0,906.53,\N,572.3
8,1,515,8,3,3,3,280176,266,8.0,8450108160,3811024019.0,4846.61,26.8,\N
4,5,968,2,4,4,7,261375,1053,9.3,8257385137,6369868662.0,503.99,\N,758.0
1,4,1592,1,1,3,1,292042,790,6.0,5274278520,3990403950.0,4768.67,43.8,2.6
10,3,84,2,1,4,4,475493,441,9.0,11370464109,2567703127.0,132.62,41.7,18.8
7,5,798,2,4,4,5,75830,278,9.6,2324401824,474966363.0,2443.09,28.1,724.0
5,4,2128,7,1,3,7,464549,803,7.0,6506937843,2169180806.0,1476.39,36.8,7.4
5,8,1602,8,5,2,6,485630,716,6.1,11230242313,3481048573.0,4839.86,-0.0,34.1
1,2,522,5,1,3,3,205304,400,7.5,2479045800,1340621209.0,4284.88,38.4,4.9
10,4,1223,7,1,3,1,497952,594,6.6,8462694239,4730144505.0,4517.7,43.3,6.1
6,2,1595,2,1,3,7,391357,918,7.8,5873172770,3847910566.0,2483.94,42.9,25.4
9,5,234,7,4,4,4,354920,1146,9.5,13223964280,7820536573.0,573.72,24.4,426.4
9,2,1843,6,1,3,1,167401,274,8.8,3809511076,2650201550.0,1273.43,38.0,9.1
8,4,1417,1,1,3,3,377762,1226,7.6,11438028940,4435474051.0,2678.03,39.1,1.1
5,7,1590,3,7,4,6,270659,831,8.0,5822416408,1927153319.0,1975.41,\N,639.5
1,3,1470,7,1,4,6,12242,57,10.0,336165320,81462879.0,1671.97,49.6,16.6
9,1,393,7,3,3,1,4042,5,7.2,52820856,28683694.0,1548.87,25.7,594.5
1,1,9,3,3,3,2,132945,250,7.2,1771784604,1373870603.0,1209.13,22.3,403.1
8,3,613,3,1,4,1,333019,460,8.4,7944501264,5859345192.0,2712.75,\N,12.9
5,6,1944,1,3,3,2,53831,49,7.9,675745926,333006071.0,3456.71,\N,330.4
3,1,715,8,3,3,7,322636,685,8.8,11297164067,8291670891.0,3470.91,27.4,309.4
7,8,1928,1,5,2,6,77526,50,4.7,1295707543,1021621915.0,271.14,6.8,33.3
7,5,110,3,4,4,3,246712,845,9.3,4460355590,2399835800.0,183.39,26.3,545.1
9,6,834,6,3,3,5,491442,886,6.8,11552621959,8236406560.0,481.81,26.4,231.6
7,5,266,2,4,4,2,423522,1625,8.7,11661890031,5132030847.0,137.83,29.6,627.5
3,4,1397,3,1,3,8,348578,645,6.7,8804731702,4260983225.0,2230.03,34.7,\N
1,8,2032,4,5,2,8,137621,319,4.7,1988320683,1250253882.0,315.67,4.6,11.6
8,4,976,7,1,3,8,245759,652,7.4,6241492171,4098394370.0,2206.37,31.0,2.4
3,6,1619,1,3,3,6,153614,400,6.8,2265683608,1511693610.0,1717.66,15.7,432.4
8,6,955,4,3,3,7,436664,1558,7.9,10959524071,7108453392.0,340.12,25.3,533.7
8,8,1670,4,5,2,1,288348,162,4.4,1990639252,679499289.0,469.46,1.6,75.3
5,8,1350,1,5,2,6,26185,54,6.5,417506732,320027907.0,3871.83,-3.5,22.2
1,6,1575,8,3,3,1,64951,221,7.8,806535537,421236247.0,3636.05,15.9,325.1
10,6,1059,7,3,3,1,52202,166,6.6,980196953,401849951.0,1466.35,22.3,215.1
7,2,1958,3,1,3,6,336877,975,8.0,10742333776,2833445132.0,692.89,43.4,0.6
10,7,849,6,7,4,3,40296,125,8.5,789156864,354804158.0,1813.88,29.9,566.8
5,6,963,5,3,3,4,288399,881,7.6,3506931840,1939168715.0,2445.76,16.1,210.5
8,8,1826,8,5,2,1,391354,468,5.7,7898971729,5321434082.0,2611.26,-0.9,2.5
9,7,2102,8,7,4,1,164835,460,8.8,4074589332,1608408099.0,171.69,22.1,451.1
7,6,888,4,3,3,2,365984,313,6.9,9181952985,6786044138.0,3025.0,16.4,238.9
7,4,745,3,1,3,5,286165,440,7.4,4209830548,3014548918.0,3169.18,31.9,5.3
1,5,1442,5,4,4,6,328565,625,8.4,4617389658,3285627708.0,3232.58,25.1,\N
4,7,1249,7,7,4,1,30844,103,9.8,722428168,564934189.0,3150.59,28.6,435.0
2,4,176,4,1,3,7,470978,1527,6.5,6306395420,4467825928.0,4786.28,34.4,6.4
2,1,566,3,3,3,3,233490,212,7.9,7372750287,\N,3563.45,21.7,425.3
2,8,1688,4,5,2,4,300183,873,6.5,6749164480,4598039391.0,1618.71,-3.8,3.1
4,2,1409,8,1,3,4,138852,475,7.6,4173613416,2513524036.0,4070.09,42.1,4.3
1,2,262,3,1,3,7,149852,423,7.8,2210287029,625035974.0,2186.94,36.1,4.9
4,5,531,8,4,4,8,160002,169,9.2,5864521305,1672881479.0,349.07,29.4,626.0
2,6,1878,7,3,3,4,187732,648,7.3,2573693080,1494773510.0,3261.73,17.2,344.8
5,4,1395,6,1,3,8,495537,1807,7.4,11037591138,4102070905.0,1942.18,36.7,6.3
3,1,1707,7,3,3,3,486162,844,7.9,8280505648,5016323459.0,4655.14,21.8,368.5
8,4,1221,2,1,3,4,30094,33,7.8,618521982,401772346.0,1741.79,36.7,9.1
4,8,948,2,5,2,6,227573,643,6.0,4276551816,3289790724.0,272.83,-1.1,4.7
1,8,585,7,5,2,4,258748,172,5.9,4819517872,1013467175.0,4736.59,-4.6,37.9
1,6,1621,1,3,3,2,165150,520,8.0,1985763600,472791948.0,4170.31,17.3,317.4
10,6,1156,5,3,3,4,92014,287,6.3,2119919747,824429487.0,4897.77,17.7,209.1
3,8,1752,7,5,2,2,375796,652,6.4,6965153382,4845615282.0,946.0,-2.6,30.0
9,3,2082,7,1,4,8,4294,10,9.9,141007660,89364236.0,155.02,45.0,15.5
7,8,532,4,5,2,2,124668,144,5.6,1542193027,1060045814.0,4757.94,-4.2,28.9
2,4,1232,4,1,3,8,202415,383,6.7,3526069300,2031714899.0,3724.5,37.5,8.2
9,5,1994,3,4,4,2,386421,755,9.0,7644180222,5867291260.0,4292.26,22.3,542.0
10,4,1698,5,1,3,3,289624,1119,8.0,7379619520,5255764058.0,69.59,39.9,6.4
2,2,1546,8,1,3,1,65252,124,8.9,1904255641,629496157.0,3302.31,45.6,19.2
3,1,1438,4,3,3,5,467373,1770,7.7,7114772441,3037702013.0,3571.17,18.5,501.0
10,7,371,5,7,4,7,239284,292,8.5,6949884138,3052689337.0,1750.14,29.6,531.6
2,5,409,7,4,4,7,267873,237,8.7,4518829998,2680545341.0,2393.48,22.4,381.9
3,3,1407,5,1,4,6,396671,621,9.7,13828665067,8492748087.0,707.63,43.6,0.9
6,1,1902,2,3,3,6,94634,119,8.7,2850319299,1029631002.0,446.06,21.3,541.6
9,1,1471,8,3,3,4,442829,485,7.8,13557209834,8114530873.0,4062.05,28.3,425.2
9,7,617,4,7,4,8,265597,424,9.2,3968231657,1103877704.0,4119.79,25.4,489.1
7,2,71,4,1,3,5,235618,258,8.2,4061206095,\N,1189.7,47.9,16.6
3,2,84,1,1,3,1,202292,694,7.6,2735068756,908321059.0,4093.4,35.5,11.0
4,2,259,5,1,3,2,149044,250,7.3,2442607594,1877215031.0,1852.3,41.1,17.7
6,5,1326,3,4,4,2,492336,2196,9.7,18319428691,9983640543.0,1480.39,23.6,486.0
5,4,932,8,1,3,7,274654,595,7.1,6871952941,3748952587.0,3971.27,31.4,3.8
2,1,394,2,3,3,2,137810,271,8.2,3186718440,1846730719.0,3548.04,19.9,328.2
6,4,1335,7,1,3,8,144318,424,6.5,1470889056,792535282.0,3193.89,38.4,7.5
3,4,1930,1,1,3,7,309432,605,6.9,3621097036,975987484.0,3987.82,38.5,\N
8,2,1721,2,1,3,2,450838,1413,8.6,10937600382,3067054329.0,4322.65,39.8,24.8
2,4,626,3,1,3,8,459646,771,7.3,7663769687,5495845027.0,4745.71,34.8,2.7
1,1,1893,1,3,3,4,497335,442,8.0,13567298800,4945229225.0,3136.42,21.2,442.9
9,1,1837,2,3,3,1,272409,718,8.1,8042739520,3445844103.0,500.17,27.9,\N
3,6,562,3,3,3,7,389477,579,6.8,7312352779,3517436760.0,1801.47,22.7,351.1
1,3,1794,6,1,4,1,411162,1023,8.1,7783173311,1582150498.0,701.68,47.0,19.5
7,5,941,1,4,4,7,125576,131,8.8,3635676352,1012309341.0,651.79,32.0,488.5
10,4,2110,3,1,3,7,478059,586,7.2,9042199149,4633959222.0,4946.16,34.9,5.4
5,5,1166,1,4,4,1,295063,1143,9.5,9883725311,2309481910.0,965.04,30.6,605.2
5,5,1866,4,4,4,5,256865,884,8.6,6015213197,3861421916.0,3702.62,30.1,790.2
1,5,1892,4,4,4,6,30927,29,8.8,923975052,394455101.0,3919.95,30.2,356.1
9,7,1640,2,7,4,7,316347,788,9.8,9468012632,7526846980.0,2482.4,21.2,686.3
7,8,1551,8,5,2,2,201479,654,6.5,3393208578,1194778453.0,72.83,5.3,79.4
8,6,782,5,3,3,3,186398,283,6.5,3520871822,1288047897.0,3652.17,26.5,490.4
9,5,1695,6,4,4,8,462833,472,9.2,8818449715,6865344819.0,4762.74,27.2,646.2
6,8,597,7,5,2,6,407265,665,6.8,10803437202,4084684255.0,3860.22,3.3,\N
5,8,2057,5,5,2,1,269192,275,4.7,2134396448,1283963546.0,2666.47,-4.3,76.0
6,6,356,7,3,3,8,463510,1053,6.1,8018537596,4904567387.0,2958.27,21.5,393.6
2,1,2041,7,3,3,5,163635,160,7.2,2187865404,1530747477.0,834.23,27.9,287.1
4,7,392,7,7,4,4,108638,467,9.0,2701501146,\N,4423.23,\N,\N
3,4,579,3,1,3,8,185619,216,7.0,3749875038,2027191561.0,3005.19,\N,5.4
7,6,1641,1,3,3,2,335127,348,6.9,7556845748,3993584338.0,1278.42,17.6,314.8
9,3,2009,4,1,4,5,385116,890,8.7,12805646162,5168246733.0,547.16,48.3,8.6
5,8,1724,5,5,2,6,433720,863,6.5,5553784600,2775273528.0,1374.9,6.3,59.0
6,5,164,8,4,4,8,300640,898,8.5,4272695680,3091409946.0,3842.58,32.7,480.3
10,8,638,7,5,2,3,275111,115,4.1,3995216964,1273912724.0,4778.24,8.3,56.2
2,7,2065,4,7,4,3,424567,1489,9.8,6582316941,3118237383.0,1205.44,23.5,689.4
3,3,170,7,1,4,4,231418,739,9.4,3615397130,2484956951.0,1582.99,42.3,4.4
3,1,340,6,3,3,1,33237,56,7.8,926554496,221552196.0,4037.16,\N,512.8
9,1,726,3,3,3,1,232775,384,8.0,7000009800,4742090333.0,3656.53,28.5,423.1
7,2,1934,8,1,3,5,92646,98,8.9,2396965105,1860597477.0,661.52,35.5,3.2
8,5,1035,6,4,4,7,100282,198,8.0,2578450784,1718093135.0,4557.09,23.1,624.1
10,2,1646,6,1,3,6,353767,1064,8.5,9457076327,3526905208.0,1208.55,47.5,14.6
9,7,133,3,7,4,5,108427,423,9.0,1574034759,1130999633.0,3851.68,22.4,804.0
6,3,823,1,1,4,6,112776,120,9.0,4053846096,3218280531.0,3273.22,48.6,2.5
4,8,954,8,5,2,1,353212,346,4.9,2720721393,1117218849.0,2367.64,-0.3,9.3
1,4,2127,6,1,3,1,415110,332,7.4,10299792342,2966288689.0,482.64,33.1,4.0
8,2,346,5,1,3,5,437740,705,8.1,13672196064,8463488529.0,4468.21,35.4,28.6
7,1,609,7,3,3,2,283079,313,8.1,6757293885,5249740260.0,2675.34,29.8,686.3
2,5,639,3,4,4,6,20460,39,9.9,676530360,357383605.0,610.49,22.3,687.6
8,8,1048,3,5,2,6,483471,884,4.1,3217161075,2271405674.0,2410.25,8.3,57.4
5,3,1495,7,1,4,8,156051,387,9.9,2539823655,638470430.0,563.87,43.2,10.9
7,6,1225,4,3,3,3,56305,180,7.0,1190287700,626116767.0,1899.67,19.5,580.4
4,7,2179,2,7,4,8,98069,364,8.4,1509988006,1172158920.0,635.53,20.5,445.0
5,7,150,8,7,4,3,183016,421,9.6,5581841587,3600316607.0,1347.71,28.7,614.5
8,1,1550,6,3,3,4,480515,1439,8.3,12188166872,2736006561.0,4066.32,\N,505.2
1,6,1328,5,3,3,3,417305,806,7.0,10215209095,3501326444.0,1201.39,21.7,413.4
1,7,1565,1,7,4,6,362086,1314,8.5,11519947133,7038567326.0,3207.96,24.1,848.1
4,4,50,6,1,3,7,379877,291,7.1,7279544963,5785765185.0,1190.14,44.6,7.8
3,8,1506,7,5,2,5,272196,509,6.2,5594444388,3827903061.0,3100.03,-1.3,17.3
10,5,335,1,4,4,2,80830,146,8.5,2726921295,\N,3733.75,22.9,\N
2,8,1376,4,5,2,8,233066,553,5.0,4166054750,3329080818.0,561.29,-3.7,77.4
3,4,668,6,1,3,5,418347,1236,7.7,11412966341,3644977763.0,4246.42,\N,0.6
1,7,1673,1,7,4,1,218011,711,8.6,6048409979,2187441420.0,4572.64,20.6,411.5
1,4,1016,6,1,3,6,110187,353,7.1,2581681410,\N,1893.19,36.4,6.0
6,8,336,3,5,2,1,45605,79,5.3,460450882,169172132.0,4393.84,0.1,54.2
5,7,666,6,7,4,6,339808,842,9.9,7387561843,3265344533.0,624.72,25.9,830.7
8,5,81,5,4,4,3,31592,79,8.0,648520576,479692100.0,2155.88,32.9,622.2
2,5,2135,6,4,4,2,338331,710,9.5,10163124909,\N,847.53,25.8,365.1
4,6,1800,1,3,3,6,423773,388,6.7,11112938397,7699927565.0,4808.17,17.5,307.6
8,4,258,5,1,3,4,371269,1306,7.4,9777963145,6412165016.0,3882.77,35.7,1.8
6,3,991,1,1,4,5,496997,664,8.3,12890859687,9693726622.0,3119.02,43.6,11.4
1,6,185,8,3,3,8,482340,1189,7.5,6395828400,3555995572.0,402.21,15.1,442.5
4,5,1716,7,4,4,4,301603,418,8.7,4838556608,3539285383.0,870.67,30.4,308.3
1,1,123,7,3,3,4,268409,552,8.6,4750517209,2570124841.0,1785.13,28.9,561.3
2,7,605,2,7,4,4,418529,1523,9.9,6646073108,3166223577.0,1177.43,20.2,612.5
5,6,904,2,3,3,4,167379,200,6.1,1660165349,746763821.0,1590.01,17.4,533.5
8,2,1538,5,1,3,5,180081,309,7.0,2224900755,1139311289.0,4843.65,38.3,6.7
8,3,1982,7,1,4,1,58232,114,8.7,1973785286,1535515215.0,4018.06,46.9,16.4
3,7,1395,2,7,4,5,421698,1736,8.4,12426259305,\N,396.46,26.0,506.3
4,6,1309,2,3,3,8,222368,557,7.6,6285098099,3216415190.0,327.58,20.3,266.6
10,5,1866,3,4,4,1,86403,303,9.7,1431490342,874532169.0,276.89,25.2,325.9
6,8,1942,1,5,2,8,65891,74,4.4,977611588,276075871.0,3611.5,8.6,50.4
10,5,1598,2,4,4,1,82052,100,8.5,1779174542,1010171164.0,2592.56,31.3,380.8
3,3,491,5,1,4,5,49838,69,8.1,1476689972,1063641825.0,782.54,42.5,15.5
2,2,1055,3,1,3,5,310891,617,8.1,6844514077,2212491167.0,4701.26,43.5,5.7
6,6,702,7,3,3,5,421035,1049,7.4,12453289023,7648846816.0,1044.0,18.9,281.2
5,8,1292,2,5,2,6,69464,40,5.2,1434376028,568324637.0,3623.28,7.6,71.8
10,6,2060,6,3,3,1,158558,219,7.8,1996118373,1182755242.0,4992.56,19.9,497.4
5,4,1215,7,1,3,5,368706,1064,7.1,8717315958,5812517550.0,4953.18,42.3,\N
10,1,1424,5,3,3,2,159382,405,7.2,3986590089,1205634902.0,3115.72,19.5,393.4
5,5,1561,1,4,4,3,162299,420,9.0,4183419024,2232236196.0,807.85,26.1,538.9
10,6,1942,8,3,3,3,482390,784,7.1,7096535768,2207757240.0,4964.42,20.3,206.2
5,6,2139,7,3,3,2,102192,120,6.2,1096744982,259075623.0,3647.33,\N,387.5
3,7,600,6,7,4,3,196951,739,8.2,5783308554,3562705853.0,4143.28,25.6,809.2
7,7,1810,7,7,4,1,358926,318,8.1,8532927261,4754546542.0,4907.68,22.8,561.1
6,6,1135,2,3,3,8,480705,546,6.3,7683156085,2105819652.0,1055.85,20.8,251.6
4,2,80,5,1,3,8,413034,662,8.6,7679623768,3966533038.0,1644.87,42.8,12.3
2,1,836,6,3,3,5,62922,111,8.1,1491289153,742382319.0,1267.36,18.0,645.5
9,6,652,8,3,3,5,414471,950,6.1,3860673023,2675400442.0,4955.22,23.9,337.3
1,3,417,5,1,4,7,341292,1453,8.8,6526322140,5053144391.0,3289.6,42.7,\N
4,5,1471,4,4,4,6,48569,170,9.8,1413173337,486892942.0,1587.35,31.4,\N
1,4,2066,7,1,3,8,49099,142,6.2,1192388854,548776060.0,1883.19,\N,6.0
6,7,1078,6,7,4,5,466186,1409,8.2,9541522099,7441329825.0,2297.65,28.1,574.0
4,3,1904,5,1,4,2,219479,721,9.7,5737510278,2372194742.0,2221.15,44.1,11.6
5,5,746,6,4,4,2,269503,705,9.3,6160676878,1475657923.0,909.15,30.8,651.6
5,8,2003,4,5,2,1,184693,406,5.8,3585371331,1949214734.0,4289.61,-0.5,1.0
9,7,240,1,7,4,2,29070,91,9.9,463058937,164549938.0,3873.34,24.2,505.8
1,2,1945,8,1,3,8,475283,874,7.0,10306987138,5090081516.0,4572.45,40.1,7.6
2,7,856,1,7,4,8,29648,106,8.8,765226739,203942379.0,2651.32,27.7,489.1
6,1,1797,7,3,3,6,470693,625,7.9,12334180579,6481708182.0,3376.29,25.2,280.7
5,1,1772,3,3,3,5,134323,262,7.3,2980896016,901328429.0,3782.2,18.5,434.8
7,5,420,6,4,4,6,238049,826,9.3,4527334906,3395826389.0,2991.76,22.3,400.8
3,3,709,4,1,4,7,215067,749,8.2,5084312920,1151267677.0,3535.48,48.1,\N
3,4,1668,8,1,3,1,138075,443,7.8,3348346365,1376539002.0,2693.52,30.4,9.7
10,2,1354,5,1,3,1,247519,747,7.7,3203811680,1063550682.0,2027.24,45.3,15.9
2,5,2036,3,4,4,5,214548,609,8.8,3166213564,\N,4915.28,32.9,685.2
3,8,680,6,5,2,4,415760,495,4.3,3527266264,2448713793.0,2413.82,1.1,\N
10,2,487,3,1,3,5,484372,2025,9.0,13513978800,10395468940.0,4197.65,\N,7.3
1,1,623,8,3,3,1,72279,184,8.4,1123822803,245189165.0,3010.26,22.1,395.1
5,6,1439,6,3,3,8,105604,330,7.0,2811284084,2076470083.0,1398.16,24.7,455.1
5,6,219,7,3,3,8,181053,243,7.2,4647268404,1694974938.0,608.86,19.3,284.0
7,4,2135,7,1,3,4,177716,271,7.1,2797374241,1974949868.0,4579.5,33.3,3.9
4,2,1485,1,1,3,5,445037,1107,7.3,8193398192,5377692671.0,1719.59,\N,27.9
3,5,691,5,4,4,5,469022,1432,8.6,7066848278,3175392896.0,1511.91,28.2,731.9
1,4,2030,4,1,3,4,101810,216,7.4,1364396534,669365063.0,3748.71,37.8,6.1
8,7,1013,7,7,4,4,358760,1099,8.5,11435475000,7749223890.0,3247.61,26.4,660.3
3,7,447,1,7,4,3,284868,274,9.4,5682205022,2597569531.0,3320.4,27.9,864.9
2,8,375,3,5,2,8,335325,324,4.7,4389236587,2215296612.0,702.07,0.0,79.7
4,3,1923,2,1,4,6,379855,1108,9.1,7279769133,4074414243.0,1278.12,50.0,10.2
3,6,638,7,3,3,7,126169,309,7.4,3529199268,2304861206.0,2504.38,22.6,253.4
1,5,1771,3,4,4,8,53874,105,9.5,1870128162,964208263.0,4350.5,28.1,455.1
3,2,2126,8,1,3,4,19799,73,7.5,324901590,\N,2155.71,44.3,1.3
2,4,1505,2,1,3,8,407213,351,6.8,9201547833,5499735915.0,751.95,33.6,3.4
8,5,194,6,4,4,8,92384,266,9.8,1531874534,891243742.0,2031.56,33.0,651.9
6,4,1400,1,1,3,2,59982,109,6.9,1482916991,790875380.0,1493.41,40.2,1.2
9,4,1506,6,1,3,4,55326,130,6.2,581420934,327532748.0,4973.23,39.7,4.7
8,4,1747,4,1,3,1,248216,414,7.6,3423891503,1493518544.0,1910.54,30.8,3.5
10,2,250,5,1,3,7,350753,623,8.1,7972124635,3404872675.0,3097.14,45.0,27.8
3,5,1225,7,4,4,4,182796,294,9.0,3407134644,2460432854.0,2894.94,27.8,\N
5,1,536,2,3,3,5,129365,256,7.1,3051228763,2165889407.0,891.92,20.6,699.7
7,1,1107,7,3,3,2,131254,494,8.8,4076119220,1742567036.0,694.15,29.0,334.5
5,2,458,5,1,3,7,387920,1288,8.9,11855843792,7675949147.0,137.46,47.1,23.4
8,7,1388,6,7,4,8,79958,227,9.8,1811656380,1204250073.0,730.19,26.9,574.9
5,2,40,1,1,3,7,64990,273,8.8,1469813840,982649216.0,3647.04,35.5,\N
1,6,1540,1,3,3,4,77043,242,6.9,1731410451,680605019.0,3181.62,\N,527.2
5,4,2156,6,1,3,2,1372,2,6.5,14010178,9647225.0,1456.0,41.9,4.0
4,5,261,6,4,4,6,81830,294,8.5,2386449205,1301972244.0,1115.33,31.6,405.6
6,5,1642,1,4,4,7,155453,189,8.9,2421180475,1733326314.0,205.51,23.1,608.2
3,3,1248,4,1,4,7,22888,87,8.2,628921041,162541657.0,1451.34,48.0,0.0
5,3,126,2,1,4,3,318233,1305,8.9,10295314899,5002914658.0,1714.83,46.8,4.1
2,8,1230,5,5,2,2,439017,791,6.7,11650940457,\N,4332.24,1.4,4.3
6,1,1307,3,3,3,5,122521,419,7.1,1654548088,1124740663.0,117.55,25.3,341.7
6,3,2102,7,1,4,3,480553,767,9.9,11356092108,4203892765.0,1356.46,40.3,14.0
5,3,136,6,1,4,4,299444,619,10.0,5108514640,1804528052.0,4767.0,47.6,8.7
6,1,1460,6,3,3,6,80723,276,8.7,2546503902,563135256.0,4266.99,19.5,331.6
7,6,136,7,3,3,7,233136,757,7.1,4603293633,3355734100.0,4414.91,17.1,260.7
5,7,813,1,7,4,6,335346,553,9.0,11577485304,7280269601.0,64.1,28.2,592.7
1,1,852,5,3,3,7,9385,34,7.6,119257072,76039535.0,1843.17,29.5,359.3
8,7,1745,5,7,4,6,89862,296,8.4,1940695696,677114494.0,2430.75,22.4,643.5
4,8,1939,4,5,2,2,13526,29,4.6,197360571,103775272.0,583.33,-0.9,74.9
9,3,871,2,1,4,3,53689,115,8.5,1210713794,765095910.0,447.74,47.8,8.8
10,5,1473,4,4,4,4,24085,90,8.9,769539835,348926824.0,1818.49,25.4,398.8
6,3,635,8,1,4,6,13506,35,9.1,334546321,87394500.0,4607.88,43.3,9.3
1,4,1652,4,1,3,8,291176,1043,7.5,7914163680,3165393944.0,2032.21,30.1,8.0
3,8,669,8,5,2,8,464861,518,6.9,11630543303,6629097607.0,3795.75,-0.3,30.0
3,7,1294,5,7,4,6,7142,28,8.2,229923834,70253498.0,3010.39,27.5,464.1
10,7,269,2,7,4,6,145128,374,9.8,2720772667,2147774565.0,4442.71,29.6,758.7
4,4,861,2,1,3,6,304881,889,6.0,6309207414,4285877898.0,1700.63,\N,4.4
6,4,482,8,1,3,4,38496,28,6.6,714709036,419280378.0,708.95,44.9,7.6
7,6,1262,2,3,3,2,228150,607,6.2,3515107050,1922168727.0,727.5,21.6,318.2
10,2,103,7,1,3,6,402855,1142,8.0,5849454600,2275842621.0,981.75,42.6,16.6
4,4,1454,1,1,3,6,119768,397,7.2,1627215955,\N,4053.17,45.0,9.0
6,7,792,2,7,4,2,201481,293,9.7,5610983924,3130979836.0,2877.54,23.1,473.5
1,5,1678,5,4,4,3,211168,768,9.4,3005258508,1103490271.0,2751.04,24.0,329.3
8,7,239,7,7,4,2,177680,829,9.8,3066365904,1413506463.0,658.89,22.5,849.3
7,7,1589,1,7,4,4,328577,1260,8.2,9120311789,3411576361.0,929.46,25.7,769.7
9,6,882,3,3,3,8,115409,134,6.5,2531784937,1889497285.0,1066.12,\N,400.1
3,2,888,8,1,3,5,248625,650,8.6,4644116100,1065719557.0,3775.89,46.6,26.3
2,2,1280,6,1,3,7,310018,1150,8.1,4432172337,2421362535.0,3493.05,46.4,28.0
1,4,924,4,1,3,3,428261,1440,7.8,5304612050,3973740331.0,2938.47,37.8,9.5
3,8,794,2,5,2,5,463312,1067,6.3,6979007649,4641064469.0,553.59,3.8,10.4
5,3,676,8,1,4,8,31617,80,9.4,917158582,611751274.0,812.96,41.7,17.1
2,7,1682,3,7,4,8,315750,1085,9.3,9511242525,2280531779.0,1323.58,\N,875.9
3,1,1492,2,3,3,6,454582,786,7.3,11866772193,7605048187.0,4162.79,20.8,370.1
4,3,1850,4,1,4,5,213385,793,9.9,3371568354,1473397125.0,3625.42,48.9,5.7
7,3,1277,5,1,4,4,284756,1007,8.9,8304994166,4276125040.0,4578.26,44.6,17.3
3,2,672,5,1,3,5,471882,433,8.9,7471354894,4502107913.0,218.65,47.5,23.6
9,2,839,4,1,3,1,31600,107,8.8,491367360,280139926.0,4115.16,45.7,20.1
8,6,1313,3,3,3,3,130923,167,6.9,2755274535,1508614911.0,168.91,16.3,369.0
4,6,1074,8,3,3,8,17658,31,7.1,428771555,168652684.0,3344.08,26.1,418.6
1,2,4,1,1,3,4,99143,238,8.8,2119201453,1080328006.0,3267.1,38.6,16.4
1,5,1655,6,4,4,2,213498,992,9.4,7413419152,1685375525.0,1376.25,32.3,671.5
1,5,1909,6,4,4,8,67332,58,8.6,2151190068,926142944.0,3756.85,27.3,698.5
1,1,1894,8,3,3,7,328467,1036,7.7,5447887968,2647102289.0,2140.31,28.1,683.5
8,2,1923,6,1,3,4,116080,419,8.1,2666543328,1182069069.0,3185.23,44.5,26.6
3,4,1286,1,1,3,2,119467,181,7.7,1776318982,870853254.0,3169.66,41.9,6.1
6,6,535,2,3,3,4,51505,67,6.5,914625790,350624016.0,4413.52,26.5,458.6
3,2,1085,8,1,3,1,164909,508,7.0,2537289874,1896956000.0,3387.06,43.0,8.8
5,5,1380,4,4,4,3,21602,68,8.9,312418925,246193407.0,3369.65,34.9,521.3
7,2,646,4,1,3,6,64173,249,8.5,1897691869,709053822.0,3002.39,42.1,22.7
2,5,24,1,4,4,6,287862,736,8.4,7370188358,4714690216.0,545.79,29.2,706.5
6,2,1317,3,1,3,5,315468,502,8.3,4265348187,3157731447.0,1540.0,46.0,3.5
6,7,557,6,7,4,7,441299,1850,9.3,10030373230,4001976139.0,2324.07,20.1,894.4
3,4,356,8,1,3,4,384323,835,8.0,7837114616,3853206465.0,1289.1,43.8,5.7
6,8,2008,7,5,2,3,433257,582,6.3,9386816184,2545788082.0,869.61,3.1,33.6
10,1,870,4,3,3,3,126708,191,8.1,1549765548,1072763393.0,2582.9,19.3,367.2
10,7,575,8,7,4,3,281579,1208,9.7,4774340892,\N,4184.09,24.0,644.8
5,4,29,5,1,3,3,82529,204,6.9,932189813,322091250.0,3188.72,32.9,1.1
2,5,365,5,4,4,3,233526,851,9.4,6750069030,2740085836.0,3488.62,24.8,309.1
9,6,409,7,3,3,7,462471,991,6.4,9503964038,4577066488.0,750.16,20.6,486.4
8,6,1315,4,3,3,5,459983,1645,7.3,10023259561,7469865355.0,3997.78,18.9,461.0
3,3,1177,6,1,4,6,45769,52,9.6,1683273974,1293262841.0,599.44,47.5,2.1
8,4,219,6,1,3,5,470487,1090,6.9,9920877076,4363198656.0,1446.07,38.8,1.2
9,2,608,6,1,3,4,88113,348,8.7,2739767999,\N,4390.89,39.9,5.1
3,1,1036,3,3,3,6,402475,410,7.3,9880721002,\N,4612.9,24.7,455.9
3,2,1540,5,1,3,6,241116,754,8.1,4804477416,2405783535.0,484.05,42.9,3.7
2,2,858,3,1,3,8,104360,159,8.4,2246787312,1650517558.0,852.5,39.1,17.3
8,4,1603,1,1,3,2,417204,1351,6.7,6222263896,3780911425.0,1824.17,44.2,6.1
10,8,969,2,5,2,4,191787,338,5.3,2211841113,756776875.0,3596.5,7.6,54.4
1,1,1501,6,3,3,7,10049,22,8.5,337138925,90391797.0,787.91,18.7,619.2
8,3,1106,1,1,4,3,227232,291,9.5,8451326160,3579678953.0,815.93,44.6,11.3
7,7,1641,2,7,4,2,161090,654,9.0,4269690450,2728626015.0,2750.0,24.7,725.6
7,2,1717,7,1,3,6,466515,807,7.5,7435082812,5695630479.0,2971.28,43.1,15.3
3,1,617,5,3,3,7,244869,619,7.5,5786866642,2500423117.0,485.36,25.6,464.7
1,3,226,2,1,4,7,198179,632,8.6,2621273997,1710809527.0,2055.16,48.7,\N
4,7,28,8,7,4,4,319769,964,8.8,11126426308,5605572292.0,3674.53,20.5,470.4
9,2,995,2,1,3,2,466697,665,8.2,14285875188,7434939683.0,1740.76,42.4,2.0
5,1,16,4,3,3,6,366019,420,8.3,6835404825,3772172496.0,1248.91,24.9,273.1
1,7,333,2,7,4,5,188094,373,8.7,4920708324,1784791147.0,616.0,27.8,\N
5,4,483,4,1,3,3,166586,181,7.4,4678234638,1712935174.0,2350.06,30.8,5.7
8,8,566,2,5,2,7,437231,799,4.9,6461574610,3538253071.0,4703.5,7.8,2.7
8,6,2162,4,3,3,2,371516,820,6.5,5650758360,2475259177.0,3089.58,15.1,362.4
5,6,2086,5,3,3,1,248180,901,7.3,7085613454,2702157258.0,379.43,16.0,503.1
9,2,454,5,1,3,8,244125,364,8.1,6727157325,4104105504.0,1329.08,40.5,4.9
1,2,166,8,1,3,8,350576,1069,7.9,9399854057,2279550213.0,3716.51,38.0,6.4
4,7,878,2,7,4,3,41583,102,8.1,607290606,171625337.0,3796.18,22.4,\N
3,1,245,7,3,3,5,187067,291,7.3,3881004222,1125659972.0,1909.97,21.0,563.6
2,6,1895,7,3,3,5,66110,140,7.3,1921242543,815514980.0,381.48,23.1,208.3
8,2,1357,3,1,3,4,395704,1520,8.4,8928031929,6685508515.0,2707.48,43.5,8.6
7,3,943,7,1,4,7,369296,926,9.8,7278011708,5486434406.0,3676.12,41.9,7.9
9,2,1953,8,1,3,6,194169,380,7.8,3029036400,1466869921.0,1692.37,45.1,25.6
2,6,1283,5,3,3,1,424747,1100,6.0,7143395046,1505557590.0,3953.91,27.7,462.9
4,5,1746,1,4,4,2,368235,885,9.9,11388624786,4846568212.0,1680.39,23.0,648.9
6,8,410,7,5,2,7,69119,72,4.6,770704497,529644326.0,885.92,6.1,41.7
3,6,2116,1,3,3,4,348382,432,6.3,5247782580,1643378016.0,4004.55,25.4,429.6
8,3,2162,4,1,4,5,311578,1017,8.7,9755912231,\N,711.64,42.2,7.7
3,1,1497,3,3,3,2,258490,1002,8.6,3659081044,2763426132.0,1259.18,22.9,427.5
2,3,386,8,1,4,5,479327,1584,8.1,10455703649,7373472129.0,4274.31,42.3,4.7
3,5,930,8,4,4,5,45439,138,8.6,788193981,171639988.0,2638.26,32.0,579.1
6,5,405,6,4,4,1,407572,830,9.0,13586820192,9264166001.0,813.37,29.1,675.6
2,2,492,4,1,3,3,180467,320,8.9,5220007975,3472874986.0,3097.37,42.7,5.4
8,2,357,2,1,3,2,451142,974,7.1,9830339065,3351370126.0,2950.43,46.2,8.9
1,6,215,7,3,3,1,439464,368,6.0,6098881392,3287196366.0,2778.72,21.8,554.4
7,4,1404,8,1,3,6,177879,291,6.0,2493152064,920217912.0,1735.71,\N,0.2
2,8,752,5,5,2,7,298477,422,4.1,4757962161,1977268762.0,2063.0,1.5,63.5
10,3,827,3,1,4,5,8454,31,8.5,189779619,39796268.0,3816.6,45.2,14.5
6,6,1238,4,3,3,5,166573,314,7.6,2428101306,988667974.0,4635.03,22.3,553.8
2,4,1122,4,1,3,1,473416,544,6.2,11341532428,3151609600.0,2910.9,39.8,2.3
2,6,666,1,3,3,6,48838,113,7.4,1362843925,1026346153.0,4665.55,16.8,597.6
10,8,2029,2,5,2,2,436460,516,4.1,4971192107,1851824987.0,920.27,-1.8,47.4
8,8,554,4,5,2,5,246131,351,6.0,2644923726,672203850.0,1485.84,\N,63.9
2,5,1573,8,4,4,6,202736,306,9.4,4533704073,2260886547.0,4187.75,24.7,550.2
7,2,328,1,1,3,2,299580,911,7.6,5564518752,3798887200.0,4817.97,39.8,18.1
3,2,1189,3,1,3,1,86432,153,8.4,2721155942,763415966.0,4457.62,41.6,8.4
8,8,150,4,5,2,5,56838,107,6.1,1152470023,716821404.0,2482.5,-2.8,28.3
7,6,1056,6,3,3,4,6808,7,6.2,164321972,100875094.0,4063.71,24.0,408.7
8,8,657,6,5,2,4,166654,413,5.1,1339498190,719843994.0,1045.62,2.3,9.2
7,2,1937,1,1,3,5,206763,693,7.9,2571015199,906297209.0,1620.57,38.4,27.2
6,1,293,6,3,3,3,153203,460,7.6,3232215612,1323327058.0,4992.91,27.3,449.0
7,6,957,8,3,3,5,446860,766,6.2,9020852192,6469751528.0,934.22,20.6,557.2
5,5,1085,2,4,4,5,396630,1641,9.0,10337764320,7801849893.0,1250.78,26.9,422.7
7,7,1613,8,7,4,5,110520,96,8.3,2336403852,784004204.0,3628.03,25.9,755.8
1,6,416,5,3,3,1,42801,108,7.4,896021814,\N,3361.96,22.7,509.9
1,6,2055,6,3,3,5,86354,171,7.8,2197830195,620041314.0,3604.37,21.2,438.0
9,2,918,8,1,3,5,68737,70,8.9,1856077716,785269993.0,4753.04,41.5,24.6
5,5,85,3,4,4,1,463296,736,8.2,14375518924,5831638096.0,642.86,22.8,731.0
5,6,957,4,3,3,5,442901,500,7.0,5081403173,1040172229.0,2910.39,15.9,370.9
3,2,1422,8,1,3,4,363093,722,7.1,9842652425,6302559182.0,1322.67,36.1,28.8
5,8,1936,1,5,2,8,456389,872,4.4,4994173549,2843208077.0,2001.62,5.5,27.9
3,3,1795,4,1,4,4,318255,630,9.8,9559425435,7341054244.0,1655.04,48.1,16.0
9,5,1417,5,4,4,7,73523,214,8.2,1260640062,275291064.0,4656.98,32.9,564.1
9,4,1071,8,1,3,6,210105,292,7.4,5618964078,2585849921.0,4734.47,42.1,0.4
6,1,1522,4,3,3,7,245670,358,7.9,6940275768,3049946206.0,2516.2,18.6,357.9
1,4,1502,4,1,3,7,124659,161,8.0,1678408776,741195422.0,3657.57,38.8,9.0
7,7,736,1,7,4,5,317469,794,8.4,4989469791,1239142829.0,1096.71,27.5,900.0
7,8,1153,8,5,2,8,312200,320,4.0,3271856000,2541927885.0,1723.07,1.9,63.7
10,5,1273,5,4,4,1,169051,258,9.2,6132426455,2797136642.0,3308.21,28.6,734.2
10,6,741,3,3,3,5,35192,67,7.8,986544374,584081500.0,3378.76,24.5,542.1
4,2,1863,1,1,3,8,125237,158,7.8,3248998443,1763259729.0,4549.37,40.0,7.6
8,7,131,7,7,4,5,90041,201,8.8,1786773604,1140457209.0,3784.56,23.1,649.4
6,5,1764,5,4,4,6,378213,1167,8.4,9813719638,2409555397.0,4221.24,23.4,731.4
4,1,1713,5,3,3,2,325296,1271,8.5,8358643368,2582755106.0,4125.68,28.5,332.7
4,5,323,4,4,4,7,72059,165,9.9,2215771014,1503684292.0,1392.87,24.2,573.5
2,7,823,2,7,4,8,232778,425,9.3,7189418363,4851664414.0,4077.51,26.6,422.0
2,2,543,2,1,3,6,125319,240,8.0,3323459880,2090430617.0,1071.39,36.4,1.9
4,4,2114,8,1,3,3,343927,642,7.3,9658536333,3954591735.0,112.38,43.1,8.8
5,3,1856,3,1,4,1,376450,1037,9.6,13563041760,4359536596.0,3098.11,43.2,16.7
8,4,2079,4,1,3,7,83665,164,7.7,1698809458,799953599.0,1853.66,44.9,4.9
6,2,885,2,1,3,3,74667,249,7.1,1672047997,462464479.0,3366.55,43.1,24.5
4,7,191,1,7,4,2,422919,866,8.3,13784664177,6217876384.0,1150.38,23.2,651.8
7,2,415,8,1,3,3,177931,154,7.3,3742120240,873224423.0,1290.11,40.5,7.6
8,8,1839,3,5,2,8,437500,839,4.7,8002925000,\N,4502.8,1.8,38.9
2,1,1814,4,3,3,5,448235,997,8.4,12376126938,8887568433.0,3340.77,23.0,449.4
7,5,1761,6,4,4,4,480136,1737,10.0,12277077520,5034943494.0,491.63,33.9,526.6
2,8,1070,1,5,2,1,260569,426,4.8,4037360313,2691057141.0,1784.2,-2.9,59.1
2,5,1722,2,4,4,8,190194,675,8.1,5521407897,\N,3268.76,22.8,321.3
8,4,375,2,1,3,1,230172,701,7.7,3557055070,1016064424.0,3596.75,39.3,\N
2,7,558,2,7,4,8,434176,755,9.4,9680735436,2340888649.0,2510.29,29.5,\N
9,3,1281,2,1,4,5,85368,310,8.5,2817613524,1747815352.0,1297.16,45.9,18.3
1,3,1945,5,1,4,6,74163,182,8.3,1410847246,354539235.0,3362.13,41.0,7.8
9,1,1597,6,3,3,7,281633,545,8.4,6969402871,1933689239.0,465.4,28.8,510.2
1,2,1129,3,1,3,7,351041,755,8.1,7532251632,3343286991.0,3970.85,37.4,23.4
10,1,1361,3,3,3,7,221413,747,7.0,3742986765,2693001859.0,3791.34,29.4,480.8
10,5,1325,2,4,4,3,83514,97,9.5,1329709908,302263007.0,1474.06,22.3,413.0
2,6,1101,3,3,3,1,374201,1204,6.8,8600635784,5761468593.0,350.68,17.6,331.3
6,6,1535,6,3,3,8,424494,1438,7.1,7462434722,2125514141.0,492.15,16.5,514.0
6,6,1254,1,3,3,8,488639,570,7.4,6548446694,4973608234.0,2161.82,18.3,387.2
1,2,1703,1,1,3,6,398817,811,7.9,11395916603,3119816132.0,959.03,44.2,7.1
7,1,32,7,3,3,7,394790,1168,7.1,8619252675,4833032514.0,2210.64,18.3,440.7
8,8,1632,3,5,2,7,16899,45,5.6,157850179,97199662.0,332.85,-4.7,47.2
2,7,58,2,7,4,2,296939,547,9.5,9670115474,2117055377.0,2242.95,28.8,782.3
8,4,1128,4,1,3,7,123430,90,6.0,2703857580,834727038.0,4518.39,43.4,1.6
9,5,312,6,4,4,2,98515,294,8.2,1715008228,969625891.0,3407.5,26.8,437.0
6,6,1753,2,3,3,3,331379,321,7.5,5358398430,3546158193.0,370.84,17.7,236.8
5,7,2002,5,7,4,8,339613,606,9.8,11259325634,\N,467.51,25.2,517.0
9,3,1398,8,1,4,2,325886,843,9.5,6990580586,5090597704.0,2563.09,49.7,8.4
9,8,1783,4,5,2,8,223287,390,5.4,4015146834,1927951009.0,1355.12,6.1,45.0
1,1,1413,6,3,3,7,303212,740,8.5,7847884590,3810089578.0,2236.12,\N,326.0
3,5,1432,5,4,4,8,372176,1303,8.1,4995234619,3326825383.0,3851.96,23.4,602.8
9,5,802,3,4,4,4,79527,180,8.9,1636411173,1171930008.0,1996.74,33.6,662.2
2,3,239,5,1,4,5,470229,1412,9.8,8142767501,\N,1537.55,46.1,12.8
4,8,1776,3,5,2,7,100796,196,6.5,1778142236,\N,4481.81,2.4,47.2
4,3,1319,5,1,4,1,380285,592,8.6,11551232932,7493765678.0,3582.18,44.5,5.1
2,3,112,4,1,4,6,498491,1231,9.9,15436870495,\N,3190.44,41.7,14.9
3,6,1329,5,3,3,5,202930,647,6.8,2443845404,1285117892.0,405.81,\N,477.4
3,8,290,2,5,2,3,50583,71,4.9,654341688,214625328.0,2529.36,0.4,45.4
1,6,1810,3,3,3,5,154400,155,6.9,3486923280,1006221465.0,4479.03,27.7,501.2
6,1,582,1,3,3,1,237294,676,8.4,4100155567,888328196.0,4120.77,24.7,299.6
8,3,370,5,1,4,7,275449,719,9.1,5090875962,2095026447.0,368.67,46.0,19.0
3,4,220,3,1,3,8,236281,500,6.4,2578298272,1962459102.0,3767.42,30.3,7.2
5,5,1897,1,4,4,6,346702,1624,9.8,8704855135,5009390814.0,4375.39,29.7,598.5
1,8,349,3,5,2,1,398005,551,4.3,2950490666,1492719576.0,1257.64,2.7,60.0
10,3,452,8,1,4,3,315196,1280,9.7,10110825768,2541374621.0,2628.86,49.9,\N
7,8,2190,7,5,2,1,353843,711,6.5,3790366216,992700092.0,4433.72,6.6,20.5
10,5,89,3,4,4,2,145177,357,8.1,3439606072,1958587079.0,4409.08,25.6,761.6
1,2,871,8,1,3,6,373176,1243,8.0,8553193920,5025843704.0,2093.27,43.4,11.1
9,7,1160,1,7,4,6,402133,973,10.0,15212691390,11389685723.0,2560.47,24.3,796.7
8,2,2043,1,1,3,5,205744,525,8.6,5892096672,2350713235.0,575.6,36.8,15.4
7,3,1875,4,1,4,4,11073,36,8.8,279075033,130577511.0,2695.01,47.3,10.3
10,5,523,6,4,4,4,78269,343,9.3,1158819506,776123112.0,4312.3,29.5,492.0
7,7,910,7,7,4,4,290354,833,8.3,5521168416,3369988396.0,905.28,28.5,711.8
5,2,442,5,1,3,3,395618,1151,8.9,13499514766,4283835384.0,2318.5,42.6,13.8
5,3,38,5,1,4,4,242660,415,9.2,7409574568,4042625850.0,3234.01,45.9,14.8
5,5,1881,7,4,4,8,110650,227,9.6,2826620640,2069989148.0,290.41,35.0,703.9
1,3,210,3,1,4,6,135175,277,9.2,3667405890,1277700889.0,230.95,44.7,18.0
8,6,1601,7,3,3,7,223166,652,7.5,3863003460,1897784278.0,4252.4,22.0,438.1
1,5,981,2,4,4,6,350016,1307,9.7,10674367948,6540689885.0,4827.03,22.2,591.8
4,2,381,8,1,3,5,245226,352,7.2,2874441081,2218136516.0,3815.78,39.8,5.9
9,3,1561,2,1,4,1,336616,359,9.5,5340412840,2019346382.0,4817.78,45.8,7.2
9,8,394,6,5,2,2,109107,58,4.0,1149551352,769233104.0,809.49,\N,71.8
5,2,1074,3,1,3,7,463300,1283,7.6,6756952520,5302692038.0,4357.41,45.6,18.7
4,3,396,4,1,4,4,214296,611,8.0,6608888640,2294127048.0,4534.09,43.3,11.2
3,8,1777,1,5,2,4,221535,588,6.0,4763888640,2750407574.0,1486.18,-0.0,71.9
3,8,2080,3,5,2,7,255383,181,6.2,4675705193,2896563385.0,3258.44,-2.7,66.6
5,1,545,8,3,3,8,395476,427,8.6,10730450307,7671821438.0,1563.94,18.8,683.9
10,8,1085,5,5,2,4,358141,1064,6.8,9529558984,6616288941.0,591.05,-2.9,69.8
1,2,553,2,1,3,2,367253,1204,8.1,8451262761,4543517299.0,4074.66,41.6,8.7
5,2,1465,8,1,3,5,290336,1073,7.6,8534949324,3710430460.0,4534.45,44.0,7.6
6,4,1154,2,1,3,7,385330,617,6.7,8207259269,2713077240.0,594.85,41.6,6.7
7,7,1378,2,7,4,7,145664,552,8.7,4704131481,\N,3258.55,23.7,766.1
9,6,1687,4,3,3,8,107020,168,6.8,1637406000,1240400280.0,4856.64,19.0,506.7
3,2,1740,5,1,3,4,375154,1358,8.9,8811279513,2194266055.0,1401.95,45.3,24.1
2,5,694,4,4,4,1,86815,281,8.9,1298830533,910586321.0,3767.42,\N,652.8
3,7,1740,1,7,4,3,333524,1065,9.3,5955404544,2186736868.0,2090.85,26.1,503.4
9,8,498,3,5,2,2,139837,171,5.6,2057953161,1445819887.0,365.36,8.6,14.5
7,3,2096,3,1,4,5,46695,72,8.2,809831384,176567417.0,3513.58,42.3,1.6
9,1,1196,7,3,3,6,258699,662,7.4,7356933901,5293610692.0,1267.28,20.6,403.9
2,5,613,2,4,4,1,277560,502,8.1,6931311588,2046542573.0,3002.27,32.3,336.6
5,7,1339,7,7,4,2,434365,1674,9.3,9048691680,\N,399.94,21.8,515.5
4,5,376,2,4,4,6,143834,568,8.6,4063454333,2003450290.0,645.11,22.1,757.0
2,5,806,1,4,4,2,450850,1196,9.8,6658423310,4465176704.0,78.55,23.3,776.6
9,5,921,8,4,4,3,175694,556,9.3,5197608310,3634055738.0,1128.32,23.1,521.7
9,7,875,4,7,4,8,14373,26,9.5,514359364,227881373.0,696.86,27.9,891.0
6,1,1444,6,3,3,3,227687,593,7.4,4055515306,2809541987.0,1503.64,24.5,\N
6,8,1420,6,5,2,6,309655,308,4.3,4449928143,2855666149.0,1060.36,8.0,31.5
8,4,1546,6,1,3,8,266831,527,6.6,6618155926,1959980669.0,1354.81,41.9,\N
6,6,1211,5,3,3,6,470363,1492,7.6,9633974966,2179129558.0,687.18,15.4,318.9
1,8,1006,1,5,2,5,339166,561,5.4,4267386612,3034832856.0,929.09,1.7,16.7
4,2,2081,3,1,3,4,100214,153,7.0,1364413610,959278850.0,1445.85,35.0,21.0
7,7,2117,3,7,4,7,126866,451,9.9,2462963837,1552836255.0,2209.57,23.1,491.4
2,5,592,4,4,4,6,425263,1402,8.7,13833507705,9985177244.0,1350.73,23.6,605.9
9,8,1215,7,5,2,8,36880,66,4.3,548542056,347884360.0,977.83,5.8,26.9
8,2,2149,1,1,3,3,24223,79,8.9,346444612,206534936.0,3200.84,35.5,29.7
8,7,1509,5,7,4,5,201888,919,9.2,3846612441,1677125986.0,1844.78,22.2,444.2
7,2,1309,1,1,3,2,103271,96,8.8,2816324095,1160742593.0,3036.62,44.0,22.0
4,5,914,1,4,4,7,128997,374,8.1,2635176515,850874453.0,2027.52,25.3,410.8
2,4,390,4,1,3,4,366303,348,7.0,5089780185,3336118929.0,2097.8,32.3,6.5
3,7,160,8,7,4,1,222749,946,9.4,5609398967,1729894987.0,1912.03,27.2,711.1
6,2,892,5,1,3,2,13960,14,8.3,296042740,152547765.0,4270.07,41.9,28.4
5,3,1071,6,1,4,7,97555,448,9.2,2288640299,1013622366.0,1949.47,47.1,17.7
8,2,1470,3,1,3,5,283023,1004,8.5,4087276654,2121983883.0,3027.07,38.0,\N
6,6,696,8,3,3,1,449736,1429,6.4,4423963084,2854974963.0,2360.76,27.0,392.0
6,5,758,2,4,4,7,45218,188,9.5,1008203137,716785883.0,2982.39,26.1,513.3
1,1,339,7,3,3,2,140374,246,9.0,4783103676,1756787323.0,1019.13,19.3,271.4
4,2,1977,6,1,3,3,401361,579,8.3,7288876304,1928853006.0,638.01,39.6,7.7
5,4,795,5,1,3,5,430699,634,7.6,8533525426,\N,2973.25,44.0,4.4
3,3,1723,3,1,4,1,395554,700,9.1,10532258136,5793163310.0,4916.59,42.8,10.7
9,3,1598,6,1,4,8,169988,480,9.2,2849406851,1912709367.0,1326.62,42.4,11.4
1,1,899,8,3,3,6,334864,876,8.3,6331407593,4053675126.0,57.59,24.9,430.7
6,8,1168,8,5,2,3,420387,758,4.1,2816340667,1899029176.0,4568.62,0.1,31.3
6,6,103,4,3,3,6,325493,527,7.5,5011778467,3184305590.0,701.42,27.4,487.1
10,1,93,7,3,3,6,204052,349,8.7,6204507138,2305657163.0,4342.68,27.4,573.1
5,6,975,5,3,3,1,56947,87,6.8,1163267758,407757876.0,2595.74,15.3,241.8
5,2,1448,5,1,3,4,184297,189,8.5,3223907421,1949096420.0,935.14,46.2,8.7
10,5,119,3,4,4,7,303026,378,9.7,9902677561,4299087236.0,1024.57,25.5,799.3
5,4,2033,3,1,3,7,350263,561,7.2,8097800349,4969949822.0,2659.52,\N,8.9
6,3,2077,1,1,4,8,303597,1088,9.0,4440106125,1826763974.0,3983.55,41.3,13.2
8,1,1535,8,3,3,4,286180,828,8.8,9441421616,6750367274.0,4062.76,20.4,286.4
2,4,1390,1,1,3,5,6682,9,7.5,169438815,122815850.0,1228.22,35.8,8.9
6,6,475,5,3,3,1,459724,1216,6.5,4557014150,3621404461.0,3569.44,15.4,525.6
1,5,435,2,4,4,7,157304,334,8.0,1936726848,1334772791.0,2424.02,27.4,478.1
4,3,1258,4,1,4,4,365367,1418,8.9,7625391973,3779538246.0,3120.87,\N,14.1
10,3,55,3,1,4,2,107047,482,9.8,2687693257,2051492800.0,691.83,\N,19.2
3,6,931,1,3,3,2,368039,1132,7.3,4951559902,1126867344.0,2200.03,27.8,329.0
9,5,1316,4,4,4,4,16784,79,9.7,608564342,142980896.0,660.1,25.9,330.6
3,3,312,7,1,4,7,273019,601,8.9,8764537843,2329776317.0,2537.62,44.3,17.5
6,5,1572,6,4,4,6,59271,56,9.4,1530483907,809093081.0,354.2,22.6,323.8
1,3,957,6,1,4,6,497898,524,8.9,12208210011,8363515052.0,711.37,47.3,19.7
6,2,1901,8,1,3,4,49209,172,7.5,1162193557,686652017.0,1659.36,45.6,8.9
4,6,757,5,3,3,5,196631,478,6.5,3707772451,2594480078.0,2580.25,15.4,412.9
8,5,1433,3,4,4,6,420115,652,9.4,13296555727,6321344071.0,617.39,29.8,463.0
9,4,1264,8,1,3,5,187384,489,7.0,3514012152,2486605744.0,4401.28,39.7,9.4
4,8,1856,6,5,2,2,152411,493,6.9,2150595415,1524160870.0,1437.6,\N,34.9
10,2,1094,7,1,3,3,448647,1370,8.9,14813875293,5082349592.0,2939.92,42.8,18.5
10,7,744,3,7,4,1,24288,89,9.0,506040480,386096081.0,752.95,\N,\N
6,4,233,1,1,3,3,115255,413,7.8,1383544071,602087303.0,3706.24,40.8,3.7
1,6,2102,6,3,3,5,143578,305,6.3,1795514679,1325326876.0,2721.36,26.5,479.5
4,3,257,2,1,4,8,403081,1802,9.6,13586086953,6695690483.0,4674.28,43.6,18.7
7,7,2029,6,7,4,8,316372,1118,8.2,5795555393,1258363972.0,3451.72,21.3,878.9
1,4,2138,3,1,3,6,456594,643,7.8,13554814759,3341723716.0,4908.76,30.2,4.7
8,2,1762,2,1,3,3,268700,463,8.6,5966537240,1886232248.0,4071.54,36.7,1.6
10,7,1930,4,7,4,5,438992,1705,8.2,8110201603,1770051973.0,2673.67,24.8,899.9
6,7,1459,6,7,4,7,123640,354,8.2,2594437031,824921728.0,1163.91,20.5,543.9
5,5,1649,3,4,4,3,60157,112,9.8,1191457510,331504284.0,1735.05,23.0,798.2
10,1,408,6,3,3,2,470974,544,8.7,15090996005,11391595418.0,1908.48,24.3,266.2
9,4,1693,6,1,3,8,148632,543,7.5,2888291340,2297152288.0,4570.1,35.5,7.3
2,1,1978,3,3,3,5,7723,17,8.8,249897744,189502478.0,1323.94,28.6,699.5
5,6,1323,2,3,3,2,32073,81,7.8,916120342,500014772.0,3624.73,25.0,337.7
6,4,1930,1,1,3,3,367499,1326,8.0,9005195496,6481807052.0,2961.24,34.4,6.5
7,4,1183,7,1,3,4,359368,324,6.2,6782280390,1510508077.0,900.62,43.5,\N
5,5,842,6,4,4,4,282967,705,9.2,6659232191,5231121435.0,1378.07,32.2,583.2
9,3,984,5,1,4,1,130285,168,8.2,3263769535,667575103.0,1455.58,45.4,6.6
1,2,1761,4,1,3,8,479974,1664,7.1,6372614798,2856884752.0,937.02,38.7,24.0
7,2,1379,3,1,3,7,469379,1772,7.6,7391404988,2415900516.0,3933.21,43.6,9.5
10,2,621,6,1,3,4,351221,420,8.7,9221869308,4538526285.0,1600.56,41.8,11.8
7,8,930,7,5,2,7,337564,731,6.7,4652273291,3489389777.0,2692.17,8.1,\N
4,6,1731,1,3,3,1,44082,94,6.5,829799568,249163687.0,3697.15,\N,335.7
9,7,975,3,7,4,3,210852,433,9.4,6717027823,2659053332.0,4845.17,28.2,\N
5,3,392,8,1,4,8,328845,552,9.7,8787889357,3014462754.0,4555.36,43.5,10.6
4,1,352,6,3,3,8,162129,499,7.1,1833727628,675866858.0,1099.94,20.0,387.6
7,2,1690,4,1,3,1,218354,752,8.1,6383120646,3668716606.0,4475.77,39.7,\N
4,8,576,5,5,2,1,10293,18,4.7,118523895,94633908.0,4238.36,0.1,35.0
3,1,1694,3,3,3,8,270096,953,7.6,7133235359,3343270126.0,198.09,25.6,323.5
9,3,1312,6,1,4,1,56249,190,9.5,1988908391,981920458.0,4428.81,47.2,6.3
8,6,523,2,3,3,7,459439,1117,6.9,5760124574,2357403778.0,2695.51,16.7,482.8
1,3,726,1,1,4,2,320692,577,8.5,9982179884,5850358278.0,998.3,45.1,9.3
7,5,162,5,4,4,7,290587,873,8.9,8542298862,4264599222.0,4976.85,30.4,458.1
9,7,1938,3,7,4,7,434174,386,8.0,9624769232,6359790060.0,1593.85,22.8,590.0
8,2,659,6,1,3,1,455847,1150,8.0,6418325760,4025978085.0,978.9,41.5,15.3
8,6,1573,5,3,3,6,61297,119,7.3,1408182110,1043251145.0,906.39,21.3,370.4
6,5,2130,2,4,4,8,157514,281,9.8,5160379159,1107347011.0,2655.32,24.6,587.3
4,2,524,3,1,3,5,289869,482,8.7,7790026466,5689182165.0,915.18,36.6,\N
8,3,4,8,1,4,3,40658,111,8.1,1048915413,628280381.0,2623.14,49.1,15.4
3,3,1579,5,1,4,2,475970,1863,10.0,12532290100,9978886472.0,3699.22,41.0,17.5
9,8,1075,3,5,2,5,383932,993,6.8,6999387505,4490602216.0,4745.78,7.5,75.1
2,4,1285,8,1,3,3,352179,680,7.7,8794297026,6936435975.0,1869.62,34.1,4.3
2,4,1623,3,1,3,7,193749,218,6.2,3314231644,2226058280.0,4880.72,36.2,3.1
7,3,878,5,1,4,8,245850,1115,9.9,8185256145,2614479973.0,4945.1,42.9,19.7
10,3,1092,3,1,4,8,207684,861,8.5,5656066056,2463987217.0,2960.74,48.4,15.2
4,1,1167,2,3,3,2,179030,549,8.1,3306326040,1393713398.0,1547.28,21.1,473.8
10,8,1578,5,5,2,7,279383,620,5.4,2406325779,1369706650.0,4272.64,1.1,44.8
8,7,1675,6,7,4,3,51574,173,8.4,921895564,487901100.0,313.58,26.2,663.4
9,1,1609,7,3,3,4,398043,817,7.1,10792896140,8384499313.0,2231.29,24.3,487.9
7,7,1218,5,7,4,3,265982,683,8.8,5259421675,3951367319.0,3187.21,22.6,699.8
5,5,1691,2,4,4,4,394511,1462,8.3,8736209388,4280961813.0,4907.5,32.4,331.0
8,4,314,2,1,3,7,344753,546,7.2,5781094106,2420359150.0,3492.19,44.7,6.3
4,4,730,2,1,3,8,78371,217,7.3,1309555898,454214430.0,1194.11,41.5,3.2
2,8,384,8,5,2,4,319247,379,4.5,4893098769,1048677955.0,4274.73,\N,28.9
6,3,1789,6,1,4,6,435489,652,8.6,10591440871,2660930303.0,3305.7,40.8,0.3
9,3,1813,6,1,4,3,342451,1207,9.3,6809090213,5279689683.0,4329.07,40.2,5.5
1,5,1096,7,4,4,7,241478,681,8.3,4499580313,3010347244.0,3494.56,24.0,525.7
10,6,1153,7,3,3,8,48629,144,7.4,932023414,285159200.0,1770.82,19.7,546.8
7,6,1549,3,3,3,7,261343,942,7.8,3491908360,1549756225.0,627.07,24.6,390.4
10,8,1865,3,5,2,4,338622,514,5.0,6310220970,\N,3474.18,-2.8,9.6
9,6,751,4,3,3,6,387203,1250,7.1,5525774013,1379969079.0,1055.68,16.3,320.6
10,4,983,7,1,3,2,428542,1134,6.3,6763035573,3299307501.0,373.86,\N,4.4
9,1,228,7,3,3,4,127734,340,7.1,1430199277,411291526.0,1499.08,23.3,664.5
10,6,2044,3,3,3,1,104874,351,7.6,2395112411,1150301893.0,1619.19,23.9,453.7
3,2,1978,2,1,3,2,381725,1514,8.6,10475526485,4536042612.0,4962.96,42.8,11.9
5,8,2065,4,5,2,7,113808,146,5.6,1712491737,891244126.0,2839.1,0.4,20.2
8,5,1609,7,4,4,8,419512,1526,10.0,12170043120,3367621474.0,4950.54,34.3,574.7
8,6,12,2,3,3,8,174159,216,7.4,4790382622,1855531304.0,3873.59,25.5,544.4
4,2,1523,1,1,3,6,325522,996,8.4,10869179580,7206723615.0,2497.6,39.6,14.5
1,6,692,8,3,3,8,428864,1196,7.0,6019106240,3810170720.0,1456.75,18.9,541.8
1,1,1740,7,3,3,2,162444,408,8.9,4810015573,1676808647.0,1159.75,\N,473.2
4,1,1526,6,3,3,8,157547,253,8.3,3422094141,1238591533.0,1209.8,23.3,439.7
6,6,70,5,3,3,2,169391,240,6.1,3114321291,2264304576.0,4314.23,16.5,485.0
8,8,2156,1,5,2,7,338535,308,4.9,3281148927,1678562733.0,2012.08,8.9,42.7
6,8,1573,6,5,2,1,228918,179,4.3,3450137636,916277995.0,2283.12,-1.1,58.5
9,2,629,6,1,3,1,150665,210,8.4,2329943826,1208139037.0,3105.11,47.1,15.2
9,5,1288,8,4,4,1,231155,851,8.0,3389656920,717026330.0,327.42,23.0,422.3
2,2,906,2,1,3,1,377884,1360,8.0,4752269184,\N,2400.02,37.4,16.6
10,5,576,3,4,4,6,423080,1858,9.4,13426189952,6305197217.0,129.13,32.1,621.0
1,6,2173,5,3,3,8,219823,359,7.8,5570798430,2472000283.0,3737.02,18.2,\N
2,5,2021,3,4,4,1,27162,55,9.2,409320475,210465703.0,163.1,28.4,409.6
5,3,859,3,1,4,8,405802,941,8.9,6775432512,4741136632.0,3540.16,41.5,13.4
4,4,745,7,1,3,6,488403,1096,7.3,12574960881,7405032146.0,1044.05,34.9,2.4
4,7,2180,5,7,4,6,437649,413,8.1,6083146040,3630729254.0,4072.08,24.0,819.2
9,4,115,5,1,3,5,196410,437,7.7,2940022008,2311486155.0,1616.36,35.6,1.0
8,1,481,1,3,3,7,302284,326,8.2,6313322253,4983958396.0,4527.34,22.0,513.2
6,3,981,2,1,4,5,181877,681,8.6,3254979918,2008903542.0,3706.34,48.2,19.5
1,4,1025,3,1,3,8,171259,530,6.5,3670165999,1557469385.0,1089.55,36.9,5.4
2,6,1601,8,3,3,1,295013,276,6.1,3629751448,2459785417.0,4429.16,17.2,203.5
6,5,942,2,4,4,6,332338,1337,8.1,6067627801,3306346349.0,151.26,\N,660.0
2,5,955,2,4,4,2,99758,236,8.4,1761407054,644301964.0,3122.84,28.2,369.2
10,2,1661,8,1,3,4,342612,829,7.7,10125075391,2854195425.0,4214.3,46.9,20.0
5,2,768,7,1,3,4,79759,196,7.8,2335439230,\N,691.05,47.3,28.0
5,8,834,4,5,2,8,109573,312,6.5,2820409020,1681559545.0,273.9,-1.0,\N
6,5,2191,1,4,4,5,415665,564,9.3,9227388901,4639235206.0,4449.46,27.4,481.1
6,8,1782,3,5,2,1,225472,500,5.8,2748864435,\N,1517.23,7.6,9.0
6,6,628,6,3,3,3,302280,797,7.2,6146198784,1340520002.0,3342.85,19.3,340.6
2,5,377,5,4,4,4,440404,1932,9.0,7578472032,4504150148.0,4196.1,34.3,606.8
10,2,90,5,1,3,7,489738,1526,8.2,7449404717,3113372884.0,595.9,43.7,6.5
3,4,1021,2,1,3,7,486896,1730,7.2,10983205209,6381476504.0,1918.36,33.2,5.0
6,8,1066,8,5,2,6,442804,892,6.6,8583401296,5821817612.0,3648.24,1.3,50.2
8,8,1971,1,5,2,7,459487,368,5.7,10413445778,7861736296.0,429.78,-4.3,68.3
1,1,1059,1,3,3,6,426351,1544,7.3,11313436960,4828401340.0,3754.56,26.6,608.4
1,2,1518,3,1,3,4,356507,888,7.9,11006511912,4574323821.0,4409.11,35.7,16.0
2,6,124,3,3,3,2,307247,761,6.8,6058910840,4725585206.0,3984.37,22.3,522.2
6,8,2105,2,5,2,4,378440,594,6.2,8094831600,6295057186.0,1233.42,5.3,33.9
9,4,1480,2,1,3,5,280824,294,6.1,5228156572,3695134399.0,4201.14,44.1,2.3
4,4,1516,2,1,3,7,495493,1564,6.5,11430280270,7368358289.0,3466.02,37.2,\N
3,4,1855,4,1,3,8,71321,183,7.2,1213426965,343835149.0,3748.57,40.2,0.6
8,3,1367,1,1,4,1,171735,399,9.1,3461576527,1474146125.0,3750.42,40.8,17.9
10,3,52,2,1,4,1,173922,576,9.5,5212877145,\N,2277.12,45.6,15.5
9,7,1574,7,7,4,8,474512,1157,9.2,12389318515,9378194428.0,4510.37,20.2,846.0
5,4,1502,1,1,3,6,432013,1271,6.1,8098213288,5524541331.0,663.37,42.5,7.3
9,8,2053,6,5,2,4,208431,232,5.1,3829982154,1948839604.0,4795.65,-3.2,14.4
2,6,632,5,3,3,3,281239,838,6.7,4754092179,\N,83.23,\N,493.2
3,5,1862,5,4,4,5,325337,723,8.7,5007034031,3355369924.0,3852.95,32.8,542.3
7,6,1233,1,3,3,6,210277,260,7.2,4750914427,1638815977.0,971.36,25.5,258.6
7,3,2048,6,1,4,4,363589,1501,9.2,8469587601,3227852799.0,369.68,40.3,\N
6,2,536,5,1,3,8,20112,69,8.6,329840822,225632922.0,2521.46,45.7,8.0
6,8,730,5,5,2,5,327149,431,6.8,6800642552,3582958020.0,2593.16,-0.5,28.6
2,7,1276,5,7,4,8,427410,429,9.9,10151030241,5640563013.0,3360.06,24.6,661.3
10,3,2051,3,1,4,3,399538,1261,8.9,12641182551,3356320309.0,2992.92,49.5,6.9
6,5,1026,6,4,4,6,413021,487,9.4,11992725568,4441197251.0,204.69,28.9,454.2
4,1,2052,8,3,3,7,495847,609,8.9,10666313571,2785370771.0,1061.72,21.1,321.0
3,7,1521,3,7,4,5,175977,367,9.4,2590451830,1233361537.0,3594.24,20.1,708.2
2,3,1895,1,1,4,6,374501,1461,8.5,5612084735,2471741274.0,4714.99,47.5,10.3
1,6,468,1,3,3,5,360657,935,7.9,7621584052,6019926987.0,3842.13,25.4,233.7
5,7,2118,4,7,4,5,455098,1113,8.2,14516716003,5525161936.0,4928.77,23.1,436.1
2,8,201,8,5,2,7,212334,129,5.8,2887954734,1004148321.0,665.23,9.9,48.7
2,6,308,3,3,3,6,286363,457,6.5,6732537311,2103990114.0,4794.36,\N,396.3
7,4,2046,1,1,3,1,320108,1114,7.6,6882450043,2208164194.0,1901.39,32.2,1.3
8,4,922,8,1,3,7,181689,402,7.9,3526637996,1412947332.0,2823.99,43.1,8.4
10,4,883,3,1,3,3,256501,537,6.3,4388937310,2129193242.0,4883.36,43.1,4.1
8,7,586,4,7,4,6,234089,252,8.7,6502781739,2409127116.0,2265.36,27.9,653.6
4,1,1721,1,3,3,8,135291,393,8.8,3580016325,1110911176.0,1607.71,18.3,608.3
1,5,509,1,4,4,8,86333,70,8.1,2487400496,1433511270.0,3964.21,29.4,777.2
7,8,5,1,5,2,1,341106,325,5.1,2973045785,1537194942.0,3538.43,-3.8,\N
1,7,360,1,7,4,8,61668,188,9.7,1707204578,659158660.0,158.1,23.5,709.2
4,2,214,2,1,3,2,98286,159,7.1,2480787783,566932112.0,2451.45,36.3,15.5
8,8,1460,6,5,2,4,177001,400,5.7,3841912905,1659318812.0,4619.77,-3.2,61.3
2,6,563,6,3,3,6,446047,709,7.0,5620192200,1539345112.0,2758.17,18.8,325.8
6,6,45,3,3,3,1,429854,630,6.7,9648073030,7718184142.0,3086.6,20.6,234.3
6,7,634,3,7,4,8,126884,111,8.6,3701358540,1693881911.0,2464.72,25.7,825.6
9,7,1436,8,7,4,6,424547,1365,8.8,10147012937,4359091638.0,2950.56,22.3,555.9
5,5,1211,8,4,4,6,311177,876,8.3,4907261290,3368559488.0,1514.0,29.7,723.2
10,1,1750,3,3,3,6,455101,912,8.3,13473765716,9300423938.0,1056.1,26.7,599.5
4,7,594,4,7,4,7,97255,445,9.9,2100883059,542307192.0,1991.27,29.0,833.0
5,4,1425,7,1,3,5,351382,1056,7.7,9042253558,4343915617.0,1199.88,39.3,0.1
10,5,1927,2,4,4,2,219398,235,9.4,3728712889,2104410686.0,4557.66,30.0,523.1
5,2,857,7,1,3,3,141687,406,8.8,3885170889,2640203912.0,785.57,42.6,8.8
8,4,1893,3,1,3,3,284166,298,6.3,6013435642,3678308825.0,1238.13,34.0,0.3
10,2,552,8,1,3,6,454876,675,7.9,12110163748,6699130805.0,3957.28,37.3,\N
8,3,43,8,1,4,1,232967,958,8.8,7907272727,2804429940.0,555.02,45.6,19.1
2,2,179,3,1,3,8,10468,38,8.1,246995600,53501385.0,3994.42,39.9,1.8
7,4,1481,1,1,3,7,316452,763,6.3,5769616154,3308939870.0,2912.5,38.5,6.5
8,3,607,8,1,4,6,118765,117,8.9,3957439824,2416397518.0,2329.74,45.8,0.3
6,4,672,7,1,3,5,23181,54,7.6,684970732,244720630.0,4359.43,39.4,3.6
5,6,927,8,3,3,5,231414,165,6.4,3170927193,1586620161.0,2023.51,17.0,493.3
9,4,17,1,1,3,6,19751,20,6.2,450271447,194762718.0,1403.7,\N,6.6
3,3,1136,8,1,4,3,298961,1065,8.2,5525636370,2117938837.0,2737.92,42.3,16.9
10,2,1639,7,1,3,8,56179,209,8.1,739456087,358187205.0,2810.93,40.0,2.4
4,6,1054,7,3,3,5,431260,1472,7.8,7561885344,1632772715.0,658.06,16.0,493.4
9,1,1216,1,3,3,4,454329,831,8.5,8472781521,5494582520.0,3937.33,21.9,366.3
6,1,616,3,3,3,1,443046,718,7.1,5942088647,\N,1902.32,18.3,327.4
8,8,312,1,5,2,1,156762,465,6.7,1908404911,\N,674.08,7.7,58.0
7,1,2073,3,3,3,5,329934,676,7.2,8444990664,6006780952.0,542.19,19.9,388.3
2,1,525,7,3,3,3,385027,569,8.4,9062303493,6800355642.0,2847.66,28.6,356.9
3,5,1474,4,4,4,7,401954,1536,9.7,6542444476,\N,1900.34,24.0,300.6
1,1,888,4,3,3,6,139587,404,7.3,3499194833,1833272623.0,1620.83,29.3,652.6
9,3,1925,5,1,4,4,252961,683,9.9,6806725180,2218217294.0,2326.67,48.5,13.0
7,7,2008,8,7,4,4,176215,501,9.8,5090921836,3002578466.0,3971.97,21.9,512.7
1,1,462,2,3,3,6,187050,462,9.0,5959413000,4696768716.0,894.01,29.5,433.6
3,4,2152,1,1,3,7,72533,59,7.6,2105778055,776130768.0,637.5,31.1,6.8
4,7,428,6,7,4,4,461786,1202,9.3,15095553447,3324827938.0,4361.05,28.8,580.1
4,1,469,1,3,3,2,418507,1099,8.8,7218408736,5703319957.0,4066.37,28.9,697.5
5,7,1015,2,7,4,5,314735,873,9.5,9663623440,7183343709.0,859.54,27.4,717.5
3,2,1605,8,1,3,4,276378,501,7.1,3952039573,2822794530.0,2814.91,39.4,21.8
3,3,870,8,1,4,7,317561,862,9.3,6771956568,1869719782.0,2741.4,49.9,15.4
1,3,886,7,1,4,8,314672,627,8.7,10627543324,2716416633.0,3882.03,44.2,1.5
7,8,1274,2,5,2,5,441852,1125,6.9,8368897806,4426872437.0,1679.58,7.7,31.1
10,7,331,7,7,4,3,488932,1067,9.7,9973772761,4552154425.0,367.43,25.2,841.2
1,8,1956,5,5,2,3,288456,614,4.6,4987808078,1146335579.0,975.1,-1.4,24.4
2,6,587,2,3,3,6,294526,480,7.6,4946858696,3598864732.0,1099.22,17.1,\N
4,5,201,3,4,4,3,34275,30,8.5,445746375,112584947.0,2352.21,\N,669.4
4,4,454,1,1,3,2,136401,353,7.4,1832001831,749982896.0,2542.41,37.5,0.4
5,7,826,2,7,4,3,432948,356,8.2,7036444075,1729374243.0,1065.69,21.5,799.3
2,3,111,3,1,4,5,289358,1141,9.4,5872404866,1383558445.0,1627.97,41.9,18.4
4,8,908,2,5,2,1,467309,610,6.0,7539563406,1858494483.0,3931.55,-3.6,18.5
1,2,1773,6,1,3,1,95022,368,8.9,3296522228,1870460211.0,264.5,39.5,23.7
2,1,1568,3,3,3,5,166499,490,7.6,4972992132,2878948458.0,3729.37,26.2,517.8
1,3,1233,4,1,4,1,478820,568,8.6,9932259024,4265598377.0,4889.96,48.8,2.1
10,2,2081,8,1,3,4,451433,529,7.4,10526243834,5868667489.0,3819.54,40.7,3.3
10,1,555,3,3,3,1,279006,711,7.8,8052113159,3618406967.0,4662.81,24.4,296.9
4,5,1904,5,4,4,7,296698,1195,9.2,5773149683,4286830856.0,1353.08,33.9,536.9
4,3,107,7,1,4,2,90979,260,9.2,2120975231,1110329038.0,2613.02,42.0,16.9
7,8,1394,3,5,2,8,463725,536,5.8,5338865925,1135490088.0,2102.4,9.4,20.7
10,3,167,2,1,4,3,390448,1183,9.5,13472017792,6239936915.0,1401.93,45.9,17.7
9,7,1405,4,7,4,1,267564,643,9.7,7957406872,1840363573.0,250.89,21.6,823.6
9,7,2083,8,7,4,1,233801,982,9.1,3291380337,698283014.0,3808.8,25.3,644.6
5,2,1526,8,1,3,7,260167,314,7.2,5613987592,3142756312.0,3636.4,35.7,19.2
10,8,314,4,5,2,8,408608,575,6.0,3736311552,1807880939.0,2851.54,5.1,75.2
1,6,816,3,3,3,6,101920,89,7.3,1171825200,834565195.0,4870.96,21.2,472.0
1,7,743,2,7,4,2,411394,1223,9.9,7123328249,3794235711.0,4342.37,25.3,797.9
6,4,826,8,1,3,6,228322,234,6.8,4752476765,3122110145.0,2835.11,30.7,9.2
2,5,1125,4,4,4,2,430460,606,9.6,13066699392,9263654623.0,4606.75,24.3,331.7
8,4,569,6,1,3,1,253125,428,7.2,6132712500,4508221693.0,2820.24,43.2,9.5
9,3,1239,3,1,4,4,441505,1835,8.4,8822859318,5253959799.0,4195.87,40.6,8.1
4,4,1959,3,1,3,1,350954,590,6.4,7755802636,\N,2531.84,41.5,8.9
5,1,2110,7,3,3,4,197281,436,7.6,3563920721,909853929.0,4041.66,18.3,566.2
8,5,369,8,4,4,6,12823,16,9.1,459989220,270763333.0,2262.43,28.9,752.9
3,4,1392,8,1,3,7,62241,237,7.9,1787343676,1324841336.0,2879.17,30.3,7.1
5,1,94,8,3,3,3,229661,631,7.2,5575801622,1169940596.0,1019.73,28.8,693.2
3,2,1459,3,1,3,5,220817,189,7.5,3166515780,1077095598.0,3110.47,47.3,26.8
10,4,2098,4,1,3,3,254078,663,6.5,4716703992,2487288714.0,3999.84,31.3,9.4
3,5,764,1,4,4,1,202089,796,8.9,2915517794,889450899.0,4196.3,30.1,453.1
3,1,2084,2,3,3,1,4334,5,7.5,109054275,59959868.0,3856.55,25.3,314.4
7,4,1434,5,1,3,4,134001,403,6.2,1811157516,\N,104.99,33.4,9.1
7,2,2148,5,1,3,2,80225,278,8.4,1920586500,895788302.0,4666.07,47.9,17.2
7,4,329,8,1,3,6,187291,527,6.3,2900276051,1926885974.0,338.85,40.9,9.2
10,1,706,2,3,3,6,483641,1180,7.9,14392817611,7938898022.0,3560.73,29.6,411.4
8,4,221,1,1,3,6,440474,1039,6.2,4937537350,2273108997.0,4119.38,33.4,3.2
5,5,1815,7,4,4,4,491632,1706,9.8,15268221718,12206677501.0,3847.04,29.7,785.8
5,3,1862,7,1,4,2,470217,2019,9.1,16405588999,10836564353.0,3870.99,44.8,8.7
4,8,996,7,5,2,2,204570,305,4.1,2848350851,1656852492.0,1157.05,3.8,58.3
7,8,1022,7,5,2,7,320680,313,6.2,3570835936,1282747295.0,479.9,-2.1,3.5
10,1,110,2,3,3,2,259142,240,8.7,7552693590,3835904906.0,2393.44,23.0,256.3
4,1,149,3,3,3,2,28105,45,7.5,480173925,294387185.0,3176.89,20.6,327.1
2,1,699,6,3,3,1,113554,162,8.2,3488992071,2445416391.0,4130.72,24.5,480.6
4,1,1434,2,3,3,5,230749,383,8.0,5543513976,\N,1794.83,27.8,314.1
8,4,108,2,1,3,6,62258,102,7.6,1270909908,628515995.0,4128.5,44.0,1.5
9,5,389,6,4,4,5,216588,734,8.7,4742822365,3040746557.0,2532.77,33.6,323.8
3,8,425,4,5,2,3,386281,887,5.0,3546059580,1593023058.0,3941.47,-4.2,73.3
7,2,1092,5,1,3,3,348188,854,8.4,9230603155,2993127920.0,1173.33,36.1,2.6
9,8,2000,8,5,2,3,6053,10,4.0,63774408,49194797.0,3836.89,9.9,47.8
4,5,1664,5,4,4,4,338478,450,8.5,8470073472,2255714671.0,1103.04,25.9,345.9
10,1,1528,8,3,3,3,144036,118,7.5,2831387670,1688318132.0,450.95,26.9,429.7
3,6,2027,3,3,3,6,100369,157,6.5,1273481872,612415944.0,3940.26,20.1,345.9
5,4,1856,6,1,3,7,380448,383,7.3,10631391091,7405675086.0,3917.23,31.7,8.1
1,6,447,7,3,3,3,208823,723,7.4,5213809134,3919444675.0,595.45,18.5,226.4
3,4,1598,7,1,3,3,9000,14,6.9,183319200,115880873.0,2156.88,33.2,\N
8,1,210,3,3,3,7,25229,29,7.5,549487620,317594082.0,203.67,21.7,354.7
8,4,849,4,1,3,1,419258,296,6.6,4986319245,2058975919.0,3623.83,31.5,9.4
4,1,1863,3,3,3,3,245787,781,9.0,5417391267,2810872775.0,3905.7,29.6,407.5
2,5,1965,6,4,4,7,96739,213,8.7,2084715776,506395514.0,3372.21,28.4,325.5
8,7,1588,6,7,4,5,132735,339,9.0,4056912540,2611719501.0,2657.33,28.4,491.6
8,3,1652,1,1,4,1,52468,59,8.6,748581943,155106203.0,723.38,48.5,\N
10,4,1917,4,1,3,8,475193,898,7.6,9299527010,5075862085.0,4937.86,30.1,4.9
4,1,1919,6,3,3,2,58228,175,7.8,1426120176,479567280.0,1317.97,20.6,320.2
3,6,577,6,3,3,4,372859,779,7.7,6319102474,3045354817.0,4201.03,18.8,298.8
2,1,1666,4,3,3,1,52447,89,7.3,752325991,460729153.0,428.13,19.7,282.5
9,6,689,7,3,3,1,95331,227,6.3,1620379139,\N,994.88,\N,573.6
1,8,790,2,5,2,5,362004,322,5.3,4740912985,3559625914.0,3452.31,8.6,70.9
7,4,992,7,1,3,8,43191,110,6.4,647104838,272696730.0,257.71,44.1,4.2
5,2,977,2,1,3,7,274278,598,8.1,5152010524,1764499676.0,85.43,45.6,16.0
8,6,1356,1,3,3,6,482981,560,6.2,7758703380,5217015369.0,3097.14,22.7,207.9
4,1,1688,7,3,3,6,16219,48,7.8,488954193,316391140.0,3385.87,18.2,469.1
7,4,350,6,1,3,3,10361,17,7.5,173831677,103292949.0,3560.47,44.5,7.2
5,1,1772,4,3,3,2,479712,1266,7.3,5613541852,4348810277.0,4326.53,21.4,539.2
5,2,426,4,1,3,7,127407,119,8.6,4031081035,1432871342.0,1619.13,41.2,21.6
9,3,327,8,1,4,8,397490,1645,8.8,11630557400,8655426833.0,479.19,48.0,2.6
9,7,1130,2,7,4,5,1959,2,8.7,32859482,8760736.0,2018.64,23.4,668.9
9,7,255,7,7,4,7,244086,874,8.5,3253178208,1309742156.0,1308.82,24.7,554.6
6,2,2038,5,1,3,7,194882,322,7.5,2746374585,1864576250.0,4793.69,37.1,10.8
6,5,1991,5,4,4,5,106937,219,8.2,2376354013,557259801.0,1044.07,25.9,469.6
5,4,444,6,1,3,1,262649,487,7.1,5913305850,3085078176.0,3514.47,32.2,2.0
9,2,113,2,1,3,2,129304,324,8.9,1811368014,1123910932.0,4615.59,40.5,0.5
10,3,1054,6,1,4,7,496806,1265,8.5,10409327715,4633662488.0,3363.61,43.7,9.1
8,1,689,3,3,3,5,72974,240,7.8,1983083044,1581425887.0,378.65,22.7,433.6
7,4,991,4,1,3,6,469085,789,6.1,10484237384,2752814820.0,4634.31,31.1,8.7
7,8,1874,7,5,2,4,205276,402,6.9,3060849908,1210747948.0,783.06,4.9,\N
6,6,46,7,3,3,7,270753,232,7.1,3517893728,1865879086.0,1038.9,18.6,329.3
5,2,1195,6,1,3,4,4329,5,7.3,47750168,15840626.0,3657.64,42.5,16.4
4,8,757,1,5,2,5,276792,301,4.2,3316687819,2380375032.0,2488.66,1.0,\N
3,8,1377,7,5,2,1,186074,415,5.2,1542330171,730721671.0,3901.17,-1.3,49.6
3,3,1227,5,1,4,7,169860,271,8.7,5311148507,4055339828.0,863.99,49.0,12.4
6,8,1250,6,5,2,4,154826,402,5.3,2988544347,1018943092.0,4290.47,9.4,69.9
4,2,564,3,1,3,1,480516,1436,8.0,6515796960,4153422032.0,1555.7,45.2,20.1
6,5,1341,4,4,4,3,451676,1258,8.5,13122542828,8862855536.0,2630.67,29.8,582.9
3,7,1438,8,7,4,3,9577,32,8.7,304367594,\N,612.06,22.0,724.0
4,7,95,7,7,4,7,100874,331,8.6,1793156398,1390748981.0,1787.81,20.5,778.9
9,4,1803,8,1,3,1,433434,1480,7.1,4739167356,2775495106.0,1834.12,43.0,0.6
5,1,949,3,3,3,5,361108,408,7.7,10029377481,6070332805.0,4835.92,20.3,442.0
7,3,553,8,1,4,3,42677,149,8.9,1415229067,748559715.0,4163.54,44.6,11.9
10,2,66,6,1,3,6,496198,1865,7.9,6099464295,3768189208.0,336.09,43.5,6.5
2,4,1498,4,1,3,7,17051,40,6.8,179601593,65915522.0,1463.97,30.9,5.3
5,2,665,4,1,3,7,102716,105,7.5,2979791160,2050305044.0,1073.29,43.5,5.6
9,4,180,2,1,3,3,478338,480,7.8,7439686581,5267959834.0,1628.57,40.3,3.5
3,7,1483,2,7,4,6,379934,883,8.3,11160067335,4010233156.0,114.92,21.6,752.0
9,8,202,8,5,2,4,267083,391,5.4,4358474060,1066825615.0,3921.44,0.3,10.3
6,5,1499,1,4,4,5,348671,556,10.0,13141409990,8269022996.0,735.01,31.0,410.3
4,2,1542,1,1,3,1,217097,699,7.7,6492676559,4730608753.0,1053.49,38.8,19.3
7,5,1313,7,4,4,8,337925,1421,8.9,11609075450,9230231128.0,3297.6,25.8,426.6
8,6,1949,8,3,3,3,115637,405,7.5,2434447942,\N,3170.65,27.0,376.0
6,6,694,3,3,3,7,169009,339,6.5,2907884349,2254352002.0,4139.43,20.4,464.4
5,8,1720,2,5,2,5,260272,390,6.0,3543343008,978310756.0,728.57,8.6,\N
6,7,1268,4,7,4,3,184751,695,9.3,4144260531,3312277310.0,1139.4,21.1,468.3
5,3,1792,2,1,4,4,416834,520,9.1,5841511676,2027197290.0,4387.27,40.4,2.7
8,5,1722,8,4,4,5,347101,989,9.2,5952365628,3138904138.0,3347.37,33.0,428.4
1,4,1622,4,1,3,2,79514,103,6.1,802733587,188552208.0,440.79,34.8,4.8
7,3,1198,2,1,4,7,229820,725,8.6,4757319964,2330272513.0,515.23,48.4,19.1
10,2,1558,4,1,3,4,232585,549,8.9,4887285346,1705922803.0,2690.37,45.9,3.2
10,2,1533,8,1,3,1,324548,645,7.3,9232773958,4910688450.0,3765.71,47.9,0.6
2,4,2108,3,1,3,5,347521,451,7.2,8439755997,6330773881.0,3234.59,38.0,5.6
9,1,104,2,3,3,6,80082,221,8.7,2502594532,1786117028.0,3405.97,18.9,629.7
1,8,1695,5,5,2,3,3164,2,4.1,51461510,23245954.0,2881.35,6.9,57.9
10,1,1011,5,3,3,6,428273,1167,7.3,6305934479,3901654624.0,4412.72,28.0,253.3
6,8,1768,4,5,2,8,53754,111,4.5,541598427,234318802.0,4489.73,-3.1,57.4
9,2,2125,3,1,3,5,245218,952,8.4,5582142552,1207105607.0,3047.59,43.0,4.1
1,8,1042,4,5,2,1,134806,207,4.9,1823776893,372322437.0,3669.88,8.5,61.8
4,7,1558,3,7,4,6,245013,558,9.3,5874284680,3556659517.0,2339.14,27.2,897.3
4,7,1208,8,7,4,6,46774,80,8.8,1422939918,756365736.0,1383.2,21.3,680.9
9,4,1681,1,1,3,6,443186,688,7.6,12859839524,10208459920.0,3199.43,\N,1.8
5,1,1679,2,3,3,7,19061,73,8.9,403580459,225837529.0,4084.89,19.9,678.0
5,5,781,3,4,4,5,207456,736,8.8,6957410380,5273795109.0,1349.77,33.6,391.8
6,2,946,8,1,3,3,129742,477,7.6,3313091712,1626030491.0,3148.34,41.3,21.1
1,6,1831,4,3,3,8,175085,325,7.1,3708177740,2788184004.0,3131.63,16.8,450.2
1,5,548,7,4,4,7,492448,1096,9.1,15541067942,11458985083.0,4598.13,28.6,331.9
9,4,2175,7,1,3,6,129330,133,6.7,1395082710,487973875.0,3808.45,33.3,4.1
3,6,1798,1,3,3,4,357095,805,7.0,7786456475,2554120962.0,4065.97,22.4,344.2
4,5,1881,7,4,4,4,371625,637,9.8,9316044150,2371354946.0,2876.14,33.3,692.7
1,1,948,4,3,3,3,275238,618,8.2,3669803301,1211150480.0,3652.1,27.4,434.0
9,8,31,5,5,2,7,31004,88,5.9,570538708,428057288.0,1261.82,4.7,48.4
8,7,612,5,7,4,2,394616,1760,9.4,5864546222,4109171217.0,2919.35,26.3,740.4
2,1,1865,2,3,3,2,387144,488,8.0,7086283776,4764193393.0,3328.39,25.1,366.2
8,6,302,6,3,3,4,433906,834,7.7,9298215064,5174573746.0,4177.32,21.2,482.9
7,8,683,2,5,2,6,241466,592,5.4,4040836923,1659652906.0,870.22,8.1,18.3
6,8,257,7,5,2,1,261004,252,6.1,3655517622,2061184500.0,1667.45,8.1,47.7
1,8,940,1,5,2,5,34016,39,5.2,585483392,420550007.0,3967.6,6.1,6.0
7,3,2057,7,1,4,8,186868,247,9.7,4937575790,2147234699.0,2199.46,45.0,19.7
10,7,777,5,7,4,7,316668,1353,9.0,4782320136,1770896329.0,2447.99,29.7,754.5
7,2,732,8,1,3,3,201397,428,8.1,5243048659,3396079632.0,3115.47,47.8,18.5
9,6,1229,3,3,3,1,196022,266,6.4,4553983104,1552889199.0,3649.69,27.9,420.6
1,4,2072,5,1,3,7,368479,544,7.7,8083434366,5498415092.0,1477.01,36.3,5.3
2,2,2043,6,1,3,6,244056,696,8.9,4068340303,1936951533.0,4326.4,41.4,\N
9,5,970,2,4,4,5,424557,827,8.8,5656457822,2464125974.0,1852.68,32.1,556.9
9,7,103,4,7,4,8,207711,378,9.3,3293569471,2393606655.0,1341.32,26.4,892.9
6,4,1084,7,1,3,7,296439,523,6.2,4273168185,\N,3512.81,33.0,2.0
6,4,1110,1,1,3,4,209544,550,6.6,3511412625,2103332929.0,1831.32,32.6,9.0
4,1,767,6,3,3,8,437808,978,7.1,6760850040,2141089984.0,2556.44,18.8,561.5
4,5,372,5,4,4,7,126221,464,8.0,1894324768,1220855157.0,1684.98,22.3,458.8
5,1,679,3,3,3,3,362088,274,7.4,9873777672,2188483020.0,4274.73,24.2,564.8
3,1,1994,6,3,3,1,114847,344,8.7,2296090132,1725564882.0,2523.32,25.1,444.5
1,8,202,8,5,2,5,441665,972,5.6,5112360708,2335359367.0,373.81,2.6,28.6
1,7,1626,8,7,4,4,107233,154,9.1,1543747714,533463883.0,330.71,22.4,598.8
7,3,89,3,1,4,4,95869,177,9.5,3071978301,1830907761.0,1855.91,47.1,3.6
1,1,2168,3,3,3,5,283853,996,8.7,6603499421,2417914532.0,2067.62,19.1,259.7
1,2,1997,1,1,3,8,5053,19,8.9,101186325,63125234.0,235.05,36.0,25.9
3,4,399,8,1,3,2,109528,100,7.1,1356997155,801288848.0,4269.58,40.4,4.9
10,7,1724,3,7,4,7,31214,75,9.0,788278356,540052724.0,2557.6,24.7,583.5
4,1,188,3,3,3,7,147013,205,7.6,3399940248,2232880129.0,2761.87,21.2,335.6
4,6,1076,8,3,3,2,51406,148,6.1,830664413,\N,3276.43,15.0,\N
2,2,652,5,1,3,5,23876,46,8.4,682700793,347166865.0,1127.03,36.9,11.8
1,5,1555,1,4,4,5,226493,695,8.1,4758935020,2322789686.0,2638.5,29.1,456.7
3,4,1504,8,1,3,8,34878,67,6.3,756754941,501558647.0,1153.16,36.3,9.1
4,7,587,8,7,4,8,486946,1414,9.1,9159308176,5226257124.0,2105.68,28.6,784.9
3,6,230,4,3,3,5,103243,241,7.5,1780941750,1163073965.0,3152.85,20.9,462.8
8,7,1154,8,7,4,4,276294,520,8.7,8042973598,5846416519.0,1217.5,27.8,749.7
10,7,55,4,7,4,6,391903,1211,8.3,7992117069,2060239637.0,4423.71,20.2,642.6
1,6,271,3,3,3,7,321475,1102,7.0,4930462075,3559189751.0,1503.8,20.9,383.5
2,5,1124,6,4,4,6,5258,5,8.1,105622703,35335692.0,1553.55,34.2,614.7
7,6,970,8,3,3,7,383851,924,7.6,8743050997,3040425828.0,4609.62,24.5,475.7
4,2,1553,2,1,3,3,355950,892,8.4,5328144360,1091003110.0,1976.52,39.9,27.4
8,8,1378,1,5,2,4,409023,456,5.3,3290753644,1066053600.0,725.88,-2.5,55.6
3,7,1176,7,7,4,8,361193,1415,9.3,8112214183,1837027402.0,2166.42,24.0,437.3
6,5,116,2,4,4,7,141041,650,9.8,5361560782,3397308729.0,1728.28,26.5,583.5
9,7,323,1,7,4,4,212009,955,9.1,4404550577,2202341752.0,2500.93,23.7,501.8
1,6,1596,1,3,3,2,466094,416,6.9,9410158203,4070349024.0,3082.72,27.9,377.6
1,5,360,5,4,4,5,204166,826,10.0,5555356860,1719896147.0,1681.88,22.2,482.7
8,5,28,8,4,4,8,404236,1027,9.6,13194263039,4759384939.0,3570.53,27.9,336.2
3,1,1255,3,3,3,4,490038,1197,7.6,7254914582,5380077953.0,1548.75,28.5,566.9
5,1,1419,5,3,3,4,180352,714,8.4,4164616243,1800439223.0,4201.36,21.8,532.1
1,8,1736,8,5,2,5,198664,336,5.9,3238560928,2508066134.0,4812.39,6.2,70.1
5,1,1868,6,3,3,6,182281,168,8.8,2783066308,1290059063.0,117.71,25.0,\N
6,6,1295,7,3,3,3,232098,553,7.7,4905739377,3505752824.0,626.41,19.8,317.1
8,4,1875,2,1,3,2,423602,1473,7.3,11030214838,7462801415.0,2574.79,35.9,9.0
3,2,2076,2,1,3,8,117520,300,7.4,2293261776,1684500020.0,3133.91,\N,4.1
3,6,1543,4,3,3,1,336676,882,7.1,4178418500,1088701266.0,4557.38,27.3,518.7
10,7,744,6,7,4,6,372062,1633,9.0,10973224566,8174443392.0,3170.96,28.5,754.0
9,1,1112,7,3,3,4,484620,1689,8.9,11360752812,7496255512.0,4328.27,\N,436.2
4,5,1722,6,4,4,8,123786,419,8.7,4077288025,2796468965.0,2635.62,28.4,365.6
4,6,1779,8,3,3,3,49646,153,7.9,870691548,285565602.0,3463.69,22.9,363.7
7,5,580,5,4,4,1,324415,764,8.0,8245331640,\N,4621.39,34.4,605.4
2,8,433,8,5,2,7,125732,202,6.7,2542376479,1191395448.0,3403.48,1.5,51.5
8,7,374,5,7,4,6,289257,1177,9.4,5818693812,2290676616.0,2439.17,22.1,442.8
6,5,1211,6,4,4,7,101770,154,9.7,1972363661,1375401737.0,2984.74,25.2,740.9
3,5,1775,5,4,4,6,145656,447,8.1,3167799515,2421579612.0,2179.95,29.2,543.3
9,8,2042,4,5,2,8,142480,267,5.2,2480519808,1673605714.0,792.75,9.9,19.1
5,3,1132,8,1,4,5,27896,83,9.6,792424934,437032291.0,3862.27,46.2,8.2
8,4,1843,7,1,3,1,308250,492,6.5,7840184625,5229372570.0,2101.55,31.1,7.6
7,2,1574,7,1,3,8,332182,820,8.6,10372914441,7695160327.0,519.14,43.7,23.5
8,2,1931,5,1,3,5,264004,823,8.5,8614846526,\N,3534.69,43.1,22.4
7,1,948,5,3,3,7,206353,626,7.6,4513517898,1559634029.0,3832.03,18.2,520.5
3,3,349,7,1,4,6,377771,468,9.8,12209709828,2994167481.0,571.11,44.7,12.9
2,6,788,6,3,3,6,135925,240,6.8,3167541830,1843811485.0,2306.57,23.7,363.5
7,8,1546,7,5,2,6,345346,316,6.0,5799740724,1653755132.0,2432.34,-0.4,49.9
3,6,26,6,3,3,3,429094,1224,7.9,9684780308,6046303841.0,1210.82,27.0,246.3
3,2,1072,5,1,3,6,76042,255,8.4,1361820969,568356077.0,4005.9,41.7,20.2
2,4,859,5,1,3,1,459485,1106,6.4,11704001920,4185633255.0,2677.23,32.4,6.9
4,5,370,8,4,4,2,289293,377,9.7,6403616272,2153052623.0,2883.02,26.4,736.2
8,7,1636,8,7,4,3,383998,883,8.4,8031702168,1880144729.0,1821.98,26.9,480.6
1,1,1211,6,3,3,1,76659,163,7.6,2163807597,1525267667.0,1265.24,26.1,376.0
1,4,1548,2,1,3,4,147467,322,6.2,1620131448,887140449.0,4020.75,32.7,4.0
5,2,884,3,1,3,1,414588,1186,7.1,8674714935,2670910834.0,2687.96,44.1,0.1
5,3,1915,2,1,4,7,58305,153,9.7,2109533205,597830859.0,1242.39,47.9,2.7
1,1,279,5,3,3,1,379083,1415,8.0,8185160136,6114191481.0,2159.21,18.2,321.4
6,8,1352,1,5,2,2,34106,40,7.0,413501144,145237721.0,2801.18,\N,38.2
1,2,1703,1,1,3,3,380541,751,7.4,9129483022,7107621072.0,2798.03,43.0,4.4
5,6,1658,4,3,3,4,330964,1053,7.2,8609565110,6109904550.0,2810.78,25.2,329.6
9,1,1929,2,3,3,6,328020,1272,9.0,8889013980,6864189708.0,887.08,22.9,288.5
5,8,607,6,5,2,3,193121,611,6.5,4746238256,1454670756.0,2796.57,1.2,11.0
6,2,1049,8,1,3,3,350158,393,8.2,6015364281,4250942793.0,1761.45,41.2,3.7
8,6,29,4,3,3,8,132923,383,7.0,2514105622,1115288193.0,2857.08,24.7,331.8
1,7,956,4,7,4,4,66241,265,9.9,1840791021,1434671048.0,3349.12,28.8,587.6
2,6,323,1,3,3,7,443962,1658,7.5,8713864155,3046875089.0,1190.8,18.4,393.4
9,5,1877,2,4,4,8,127685,355,9.3,3258419052,\N,647.05,26.1,471.1
3,8,584,3,5,2,4,410284,931,5.4,5758171826,1708810508.0,3041.77,2.4,25.4
6,8,1294,7,5,2,2,351309,1136,6.5,6035312965,1781089501.0,3480.42,-0.9,28.4
5,3,656,6,1,4,7,72938,67,8.6,2477076593,885474899.0,4336.34,45.4,8.6
2,8,786,2,5,2,5,300914,567,4.8,2835332073,1477642715.0,1267.71,6.3,68.1
7,5,223,8,4,4,2,324974,473,9.8,11688014884,2446876909.0,663.5,35.0,614.6
4,2,2123,4,1,3,7,209794,730,9.0,5079112740,4047950144.0,4868.63,41.2,21.3
1,7,2150,5,7,4,7,376190,904,9.5,14209448680,8458213096.0,248.06,29.4,509.4
4,4,1028,4,1,3,6,55430,54,7.6,1264646536,819943467.0,2110.09,\N,9.7
6,7,1684,2,7,4,4,199837,782,9.5,4489837797,3028802195.0,2492.32,28.2,868.4
7,7,1650,1,7,4,1,193989,362,9.1,4000169573,2748979226.0,3568.19,23.1,730.6
7,8,833,7,5,2,1,450761,315,5.6,9031808004,5359205927.0,4065.77,\N,\N
7,7,1004,2,7,4,3,475949,1963,9.6,17714441020,4891744193.0,2810.19,22.8,762.8
3,8,167,3,5,2,3,498821,984,5.6,4491783340,2303784890.0,192.9,-2.3,76.8
6,5,2017,6,4,4,5,243333,930,8.4,7415621841,1577122703.0,4990.83,33.5,427.1
8,4,118,6,1,3,7,216585,433,6.4,5259030336,\N,3216.95,44.2,9.9
4,6,1810,5,3,3,5,147532,314,6.7,3796691760,3006543028.0,4166.31,22.3,486.2
8,8,1408,5,5,2,8,438633,627,4.2,6186304378,2579436344.0,2102.11,1.1,40.0
2,2,1251,4,1,3,5,479731,1006,8.5,9672336422,6568749023.0,308.53,42.6,11.5
10,3,463,2,1,4,5,412839,1580,8.2,9841008378,4485730252.0,459.26,42.3,15.6
9,4,1734,6,1,3,1,391967,596,6.3,6077173958,4296156135.0,3866.92,34.6,5.5
9,2,1672,1,1,3,7,492946,1581,8.7,13534916911,\N,1102.0,37.9,4.8
8,8,2152,3,5,2,4,3836,3,5.8,77959795,26288294.0,4288.8,1.3,57.4
10,4,982,4,1,3,6,429605,650,6.7,10097264078,4893574178.0,1299.28,39.2,9.4
10,8,1037,2,5,2,6,56537,56,5.3,1148543501,875949621.0,1332.97,-1.0,34.8
1,5,1880,1,4,4,5,40810,148,8.8,1378692392,859386048.0,534.42,33.7,730.0
2,2,597,2,1,3,7,27184,74,8.7,465197073,173307481.0,745.24,45.2,14.7
6,5,621,1,4,4,2,146950,309,8.5,3399982150,\N,679.53,24.0,781.1
10,1,1412,8,3,3,6,396071,585,7.7,7429182961,\N,258.77,21.6,250.6
5,2,71,7,1,3,5,63786,100,8.9,2081739031,1151119549.0,1222.19,45.1,17.8
9,4,956,2,1,3,1,189452,486,7.7,3366865163,1589928686.0,161.3,42.5,1.2
5,1,1804,2,3,3,3,417474,1074,8.8,12318154833,3395868179.0,3532.4,\N,482.0
2,5,438,8,4,4,2,474936,1478,8.0,6561715776,5205898440.0,3100.5,22.2,454.2
10,5,1068,7,4,4,5,184894,804,8.9,3417821058,2133322151.0,902.32,24.0,739.9
4,4,1926,6,1,3,8,235648,287,6.4,3197272064,1991824475.0,4317.7,42.9,0.5
9,1,1038,4,3,3,8,452501,1022,8.1,5695811087,2308833882.0,1464.07,27.8,637.5
1,7,1403,2,7,4,8,364347,1126,9.7,13281395452,4607982343.0,2701.6,20.6,704.1
1,6,1439,2,3,3,1,470796,1068,6.9,8803414404,4521644990.0,4064.56,20.0,\N
7,3,485,4,1,4,3,227406,297,9.8,5669504467,2888102029.0,1877.4,46.0,16.5
3,4,169,4,1,3,8,241214,416,7.8,4024462618,1755537263.0,1292.66,39.3,0.5
10,5,803,5,4,4,8,251955,586,8.4,3274104834,841663936.0,4310.32,29.9,486.9
2,2,246,5,1,3,8,269381,400,8.3,6009997862,4037955281.0,416.58,40.3,15.2
9,1,849,6,3,3,5,205037,739,7.8,3585605041,1354185144.0,3269.67,22.0,\N
3,8,2026,4,5,2,1,376957,280,5.5,6866648712,\N,4201.38,3.0,68.2
2,6,1694,7,3,3,1,197716,249,7.9,3364454085,968952307.0,3565.41,27.5,406.8
8,3,1351,3,1,4,4,476247,856,8.1,14253834586,10942390870.0,1902.52,42.6,12.1
10,2,530,6,1,3,1,99824,178,8.6,2817552364,2051727935.0,4756.53,\N,10.3
6,1,1619,1,3,3,5,177412,198,7.2,2208566505,1493458943.0,722.45,30.0,610.3
6,6,847,8,3,3,7,262884,673,6.0,5206680504,2791369226.0,3572.07,22.4,354.0
10,4,1789,4,1,3,1,395768,1349,7.7,9233663208,6772633452.0,3604.5,38.5,5.0
7,8,1703,5,5,2,2,5834,8,4.2,39572022,\N,3081.12,-0.3,74.8
7,6,760,8,3,3,1,100406,257,6.5,1844357814,539367357.0,2453.82,15.5,349.5
6,4,1404,2,1,3,1,195546,515,7.1,2668459825,2058056221.0,4763.94,41.1,9.1
4,8,798,4,5,2,6,207704,563,5.5,2901624880,2060185612.0,2358.45,-3.0,43.5
9,8,532,4,5,2,2,152445,279,5.1,2574201514,1188571546.0,1698.82,-2.6,\N
6,7,1918,5,7,4,5,229006,469,9.9,7969065291,4392423230.0,2598.83,29.9,849.0
4,1,864,5,3,3,3,262571,983,8.0,5333342152,3181496064.0,4014.62,20.5,640.3
3,8,42,3,5,2,4,59258,81,5.3,1160479042,753097386.0,856.92,8.6,18.3
4,6,599,6,3,3,6,377700,441,6.9,4602425580,2864152081.0,1884.0,18.4,223.5
3,8,306,5,5,2,3,346640,871,5.4,2865811536,1225684716.0,2850.04,-4.4,56.9
2,3,809,5,1,4,5,342308,624,9.3,11298115155,8334274785.0,4223.09,47.5,13.1
5,6,1264,5,3,3,5,92058,303,7.7,1664371816,376123225.0,2031.65,27.4,271.2
2,1,679,8,3,3,6,368057,844,7.4,7743256777,1996576984.0,2774.9,27.0,467.8
6,2,731,6,1,3,2,319996,620,8.0,6637997024,2498030458.0,656.3,38.2,3.3
3,2,2026,2,1,3,3,294587,942,8.3,6274055008,2629508571.0,515.86,44.6,27.1
6,6,933,4,3,3,1,200624,747,7.9,4320518089,2708560272.0,1106.37,24.8,590.7
10,6,903,4,3,3,2,365377,721,6.5,7585591897,5978622721.0,3443.91,28.0,382.4
9,4,133,5,1,3,2,185769,349,6.4,1829750342,1361445406.0,1100.0,42.4,0.9
1,1,2099,7,3,3,4,404185,487,7.8,10346974326,2469254824.0,4392.8,22.9,361.6
6,4,392,7,1,3,2,123772,96,7.8,3367390540,719474851.0,4498.8,33.6,9.7
9,3,508,6,1,4,3,84271,235,8.8,1862119432,1052751623.0,1364.05,42.6,0.8
4,7,1686,3,7,4,5,317223,1022,9.7,8037288817,5504084577.0,571.06,23.5,510.3
2,2,1419,5,1,3,6,147820,461,8.2,4683647136,3343613796.0,2085.9,\N,24.8
4,8,956,8,5,2,4,32574,61,5.1,527288367,418555975.0,3978.8,2.9,28.9
1,8,96,6,5,2,6,42238,40,4.5,724170510,362298705.0,583.86,-1.4,\N
3,5,106,6,4,4,6,429915,545,9.8,8337857493,6281118753.0,541.24,30.3,409.5
10,5,678,8,4,4,1,125078,283,9.5,2999120284,2109490367.0,1261.43,27.6,673.9
9,1,856,3,3,3,8,475198,1512,8.2,15095519826,4086539429.0,3478.83,20.7,\N
10,8,1963,6,5,2,7,114967,271,6.0,2054230356,795228201.0,1902.96,7.1,55.8
5,1,790,8,3,3,3,290474,791,8.2,8550973611,\N,3696.71,29.4,522.4
6,5,515,4,4,4,1,267126,404,9.4,8303825410,3721272343.0,2053.75,24.3,375.9
3,1,1085,3,3,3,7,399968,790,8.9,12142188547,6649994709.0,441.23,28.2,607.2
5,2,1008,3,1,3,7,351046,950,8.1,7984471060,4236173614.0,4992.88,36.9,25.9
8,3,1318,1,1,4,2,134843,198,8.0,3820911248,1374214062.0,3421.23,47.1,\N
6,3,1433,3,1,4,3,159400,456,8.5,3202983600,2103991124.0,3174.75,40.1,4.0
4,8,297,3,5,2,8,454671,268,5.0,5785688475,4276661304.0,2493.05,3.8,68.6
2,4,455,8,1,3,6,404520,652,6.9,9431424252,4564673799.0,461.52,\N,2.3
9,2,942,2,1,3,7,162027,347,8.4,5188234161,2011248747.0,4926.68,36.2,13.1
1,7,240,4,7,4,4,174377,343,8.5,2457495061,1419477293.0,2355.55,28.2,625.1
1,1,1622,5,3,3,6,266152,337,7.6,6242222547,2195597899.0,254.67,18.3,571.0
4,1,2186,8,3,3,4,302388,325,7.3,4542895879,2481288986.0,1749.14,26.1,539.1
7,8,454,1,5,2,1,20776,45,5.9,258150110,150982444.0,212.92,8.0,19.6
1,7,1250,3,7,4,5,429595,577,8.9,12513973471,8413625980.0,2558.56,25.5,692.7
9,4,2075,2,1,3,7,21201,15,6.7,351849675,102035342.0,3782.79,37.9,7.6
4,4,695,2,1,3,8,244508,746,7.2,5108847955,1365544183.0,4788.4,41.2,1.1
3,1,710,8,3,3,6,114841,422,7.9,3077371308,1551571845.0,4224.78,23.9,\N
1,1,2015,6,3,3,4,313662,728,7.6,7964380039,3861809629.0,1392.21,26.3,622.4
10,7,849,5,7,4,8,91664,111,8.4,1470657216,641402470.0,1767.84,23.9,\N
4,8,949,5,5,2,1,492946,697,4.1,5303310246,3724709598.0,2622.73,3.7,78.8
9,2,107,7,1,3,5,315568,580,7.6,8631542163,4157133178.0,3440.85,38.3,29.7
10,7,1725,4,7,4,3,489149,906,9.5,16766071124,11333779435.0,3694.95,20.0,895.1
6,4,2084,7,1,3,4,28118,89,7.1,610891668,259813875.0,4255.34,32.4,1.3
6,7,597,6,7,4,4,497947,1430,8.7,12476560031,9755947610.0,1162.03,20.1,775.8
1,7,155,3,7,4,6,376272,1234,9.7,8551571371,6303083965.0,603.02,29.7,\N
10,7,796,2,7,4,6,130008,520,10.0,2077527840,1059375850.0,928.96,23.6,733.8
2,2,272,1,1,3,1,193141,197,7.7,3488937652,2096153049.0,4719.79,45.1,18.8
6,6,1571,4,3,3,4,395811,877,7.3,9552423511,3600331136.0,705.21,21.7,413.8
2,1,1444,8,3,3,7,45300,73,8.3,756867870,599666117.0,1628.72,27.6,637.2
3,5,1208,3,4,4,1,337198,594,9.3,11951072675,6813941280.0,1019.08,27.1,745.2
4,8,1635,6,5,2,4,192403,193,4.4,2521941562,1124051044.0,598.1,-3.3,4.1
5,7,1261,5,7,4,1,37963,90,9.4,918180710,533344353.0,2657.46,27.8,878.9
9,8,1939,6,5,2,7,427253,240,4.4,5904807361,3299810794.0,1928.03,-3.9,53.7
4,5,1533,3,4,4,8,285742,1080,9.3,6545177677,2438693539.0,3646.68,27.9,389.1
9,6,122,6,3,3,7,422262,1310,6.4,5969771251,3157386172.0,1992.89,23.4,565.1
10,1,1441,5,3,3,4,337444,1033,7.2,7884041616,2308579387.0,2800.26,29.2,\N
3,4,1399,3,1,3,8,380107,884,6.3,6465620070,3503556559.0,4112.18,35.1,8.5
8,5,1504,1,4,4,3,441919,1899,9.0,12993744357,7426083553.0,2661.11,24.2,688.8
1,8,150,7,5,2,6,311317,384,4.5,3474297720,\N,2214.99,5.4,51.6
9,8,707,4,5,2,3,136939,303,4.8,2307148272,615530578.0,704.15,9.5,66.4
9,8,1616,6,5,2,7,293169,505,4.0,3272938716,1586215475.0,2818.94,4.9,0.8
10,4,1514,5,1,3,1,56085,140,7.2,659021184,479307479.0,540.56,30.6,5.0
2,5,845,1,4,4,7,21514,88,9.3,738295938,523647646.0,569.21,24.0,551.4
4,8,1977,2,5,2,3,90118,80,5.4,1205886981,493301446.0,2283.35,4.9,67.1
8,4,1836,1,1,3,1,486311,739,8.0,10449850768,5315933633.0,2621.03,44.6,9.4
7,7,804,1,7,4,6,474415,941,9.0,9982640430,5548266355.0,3745.31,29.5,708.6
1,8,355,1,5,2,7,399218,499,5.5,5429963627,2054013459.0,2309.81,1.4,\N
5,5,1606,8,4,4,1,374355,339,9.0,6219533970,1674223041.0,3126.0,30.0,465.5
7,4,378,5,1,3,6,27374,43,6.9,639360831,402477162.0,4603.08,34.8,3.4
4,6,2128,8,3,3,2,408292,1364,6.9,7643103752,\N,4703.08,19.6,478.8
1,2,1581,2,1,3,3,52623,73,7.3,1070620197,531295881.0,1356.36,44.0,22.3
9,4,988,4,1,3,2,291149,253,6.3,5467865564,3604503094.0,2307.87,37.3,4.2
5,2,233,1,1,3,7,365348,555,7.4,6740012973,1748083285.0,2679.13,38.5,13.5
2,2,154,5,1,3,6,441376,749,7.2,5008381747,1591371336.0,2262.52,37.9,28.1
8,1,907,5,3,3,6,79935,96,7.4,2016488271,821074785.0,4818.75,22.1,317.9
2,7,1621,4,7,4,2,149598,537,8.2,4008867364,1850617817.0,1487.13,28.4,558.3
3,6,323,7,3,3,7,411117,328,7.3,5167987360,3954723582.0,2620.26,20.8,283.4
10,2,332,3,1,3,6,374226,458,7.2,5262216321,1342815007.0,672.33,37.9,29.8
1,3,243,2,1,4,4,63535,253,9.1,1455250114,969260633.0,3167.79,46.4,7.5
2,7,430,2,7,4,1,53694,72,8.7,1181858634,509365420.0,1674.44,23.6,830.5
7,2,1206,6,1,3,5,124843,452,7.8,1838487955,1258430501.0,4037.49,39.5,13.9
10,4,1497,1,1,3,8,378843,759,6.4,6665212204,\N,695.35,32.9,5.4
2,2,81,3,1,3,2,333797,547,7.4,9423423107,3408465812.0,4404.95,38.7,23.1
6,4,1574,7,1,3,4,77701,88,7.8,1272742379,394658895.0,2178.95,30.1,7.0
3,8,420,2,5,2,3,32912,89,6.5,560919216,172920296.0,2066.23,-1.9,62.5
4,4,467,7,1,3,5,114146,152,7.4,1419063072,895796399.0,3828.92,41.5,8.4
8,3,1081,6,1,4,6,4971,15,8.4,152744911,44838922.0,1545.91,40.4,9.0
3,2,2001,1,1,3,1,440730,921,9.0,12724756560,8083530785.0,4294.38,42.7,21.0
10,2,1566,3,1,3,8,258090,634,8.8,6332083296,1751351414.0,1422.96,\N,13.9
6,5,1519,5,4,4,4,116909,402,8.5,3890439247,2324874378.0,3671.16,23.9,406.1
1,7,2036,1,7,4,5,443554,924,9.5,13509324178,10031242640.0,326.51,22.5,594.6
7,5,804,3,4,4,1,114706,176,8.3,3533093917,1937645328.0,3519.84,34.5,441.4
8,1,1078,4,3,3,1,414566,382,7.4,10608412287,3713277758.0,1350.02,29.6,547.5
8,4,1633,2,1,3,5,152206,512,7.2,4144630262,2697697480.0,3648.72,41.3,4.5
3,3,1985,7,1,4,4,15377,59,8.9,270289217,191373570.0,4142.93,48.7,4.4
10,5,4,1,4,4,6,79005,219,8.2,1971380163,1436563449.0,893.75,22.5,664.5
1,2,1903,6,1,3,5,81470,76,7.6,1710153064,736021136.0,876.79,45.1,16.4
9,1,603,5,3,3,2,102081,208,8.0,1452816792,502431897.0,3738.03,19.7,366.8
6,3,1399,6,1,4,1,465207,1077,9.2,11855335187,\N,891.06,40.2,3.5
9,6,501,7,3,3,3,274775,499,6.0,4380463050,1662302371.0,146.8,22.7,378.6
7,2,1686,1,1,3,6,142708,260,7.8,3671077675,803788256.0,355.11,41.8,27.2
1,2,185,2,1,3,7,348063,392,8.3,9400555116,1938718738.0,179.15,35.2,18.7
1,8,1296,2,5,2,8,273754,513,6.6,6468259512,2616776260.0,4541.89,3.0,38.0
6,6,55,3,3,3,7,133016,114,6.9,2899363053,1040456877.0,4332.35,24.9,477.3
5,4,1725,6,1,3,8,343188,648,7.8,10528115551,6074606105.0,2799.26,35.5,4.4
9,4,1871,6,1,3,5,245384,743,7.1,6223232700,4508511522.0,2586.04,43.0,2.7
2,5,77,5,4,4,8,378861,1435,8.1,7555321834,2253619859.0,1257.19,33.3,605.2
8,5,1602,7,4,4,5,126619,315,9.6,2116259318,1662378442.0,2521.81,\N,309.8
5,2,1672,3,1,3,1,491184,888,8.2,14431280630,6944714795.0,4659.72,39.9,5.5
2,7,1735,5,7,4,1,360960,988,9.1,6585895680,3653745770.0,2872.53,24.5,547.6
10,2,2091,8,1,3,8,159076,283,8.3,3877811559,2249548322.0,331.29,38.7,0.9
6,5,1385,1,4,4,5,32213,45,9.4,831192039,174778226.0,233.17,22.3,572.1
10,6,1252,1,3,3,7,30873,120,7.9,858760280,267698197.0,4363.35,16.4,261.3
8,5,1087,8,4,4,3,153232,303,9.9,5151721132,1150619932.0,1124.01,28.1,712.5
4,2,171,6,1,3,1,48808,106,8.8,1322892032,619119772.0,73.65,\N,28.5
2,3,1774,7,1,4,1,238387,529,9.6,3922515052,\N,3731.64,46.4,10.2
5,2,2082,3,1,3,2,283415,219,7.4,8116438770,5215183841.0,4105.48,46.2,28.0
2,3,827,8,1,4,4,145499,458,9.1,2640137554,671315090.0,1467.19,47.2,19.6
2,3,1666,7,1,4,2,343138,946,9.2,10237728112,6005173435.0,4166.65,\N,10.8
6,2,130,4,1,3,3,152824,611,8.5,2134263572,638573882.0,4032.09,40.3,7.2
10,7,1418,2,7,4,8,190599,671,9.7,7084641069,2164165266.0,2459.62,23.6,822.7
9,7,1175,8,7,4,7,55248,121,8.8,1621418304,1240451796.0,4695.73,23.8,471.8
4,1,1408,7,3,3,4,235646,436,7.8,6313663278,4431041567.0,4231.07,20.1,566.2
6,5,1041,3,4,4,8,294203,331,8.2,5406333168,2519408082.0,196.24,31.8,542.1
7,7,594,8,7,4,8,210319,483,8.7,3838868579,1789365554.0,4503.88,22.0,856.2
6,4,1038,7,1,3,7,63396,204,6.8,1326041452,984564908.0,2728.86,37.4,2.7
8,2,2129,8,1,3,5,458396,1135,8.7,9180480050,4810290918.0,2369.98,39.8,4.1
4,3,204,3,1,4,7,158597,602,9.9,5837670095,1212424234.0,4788.68,48.4,11.9
1,2,1808,1,1,3,8,53905,110,7.0,1224452075,532749540.0,1459.75,43.1,9.0
7,5,1568,2,4,4,3,127873,339,9.4,1952058068,573078892.0,2222.46,27.3,498.4
3,6,23,7,3,3,3,334379,413,6.9,3843820356,2836311067.0,958.97,19.3,343.1
6,7,1634,7,7,4,2,280124,249,8.5,6216931994,3787084903.0,4365.98,25.1,840.1
2,7,2192,7,7,4,4,279997,559,9.6,6475322620,4331249016.0,385.02,27.1,894.6
9,7,104,8,7,4,3,449771,1658,8.9,11024157072,8554342429.0,127.04,24.3,460.5
1,3,1406,3,1,4,4,183244,224,8.6,2409548653,1354008909.0,801.31,44.8,5.3
6,4,1479,8,1,3,7,233127,789,6.8,5242466725,2950689890.0,3185.1,36.9,\N
6,8,1195,7,5,2,6,61518,101,4.3,420069511,179217105.0,631.47,-1.6,22.9
5,4,576,1,1,3,7,459445,417,6.1,10246358612,\N,4607.23,39.2,2.2
5,7,1607,1,7,4,5,129206,398,9.8,2266531652,601851404.0,3408.39,24.8,861.5
1,4,274,6,1,3,4,486672,1557,6.7,6567054633,1399358956.0,3430.28,42.7,2.7
10,6,452,8,3,3,2,89971,97,7.4,2258344076,1431178437.0,4864.44,24.7,257.4
5,7,125,6,7,4,7,144619,120,8.2,2984849388,2102496235.0,334.25,21.7,425.8
2,1,1867,3,3,3,2,214744,262,7.8,2901105542,1806085452.0,3281.77,26.0,493.7
7,3,2155,3,1,4,3,410894,788,8.0,4934015152,3115192889.0,4500.63,47.2,16.8
3,6,1684,1,3,3,4,261431,384,7.0,5570571748,3851693496.0,3103.13,26.9,529.5
4,8,907,6,5,2,7,486550,531,6.0,10124132400,3268037796.0,2328.03,-1.8,76.0
3,3,430,7,1,4,2,231502,1084,9.4,3862610870,2873197983.0,164.01,40.3,8.8
3,8,362,7,5,2,1,278726,668,6.7,4795648065,3708824845.0,897.5,6.4,65.3
4,7,796,8,7,4,2,457469,756,9.6,17478975551,11991847745.0,4608.11,28.1,627.3
5,6,432,3,3,3,5,374898,321,6.6,8934794074,4329918873.0,4894.11,20.3,296.0
1,7,1544,2,7,4,1,300602,629,8.6,9779725347,4952393346.0,2486.83,28.8,712.1
4,8,859,1,5,2,4,434766,695,5.6,4457916657,1152080865.0,4497.6,1.2,\N
8,8,1430,1,5,2,6,45137,86,5.1,444743888,318850622.0,2417.88,-4.1,74.8
10,6,1346,3,3,3,3,204351,551,7.6,4797425816,961552636.0,837.92,21.4,555.0
7,7,1631,3,7,4,1,96347,201,8.2,2369346154,686456961.0,472.97,25.2,748.7
9,1,576,3,3,3,2,48048,152,8.6,782625043,162137728.0,4172.48,26.4,367.7
5,3,1089,8,1,4,8,7864,19,9.3,168649771,108037196.0,4692.73,44.8,3.3
10,6,893,7,3,3,7,425643,909,7.5,10116470002,6986573515.0,2078.26,18.1,598.0
4,1,270,7,3,3,7,184896,259,8.8,3667449139,2114659191.0,678.07,23.6,315.3
8,2,2020,8,1,3,3,77747,87,8.0,1108983208,384040289.0,4241.98,41.6,\N
9,7,1124,2,7,4,6,345884,929,9.5,10689026194,3003548461.0,1748.08,24.2,681.3
7,5,438,8,4,4,6,298871,1168,8.8,4857729685,3454096897.0,2461.83,28.4,583.2
7,6,1043,1,3,3,3,396085,1032,6.9,10079254212,3498839546.0,4966.35,21.7,242.0
5,4,1642,4,1,3,8,281496,927,7.6,5827642790,3611520388.0,3406.18,38.3,10.0
4,1,1384,8,3,3,3,44053,83,8.6,1200972886,873795098.0,3622.42,\N,619.7
10,1,1454,2,3,3,3,354413,1109,7.9,5395335422,3700063033.0,1442.5,22.5,691.0
1,6,15,2,3,3,4,143141,276,7.8,3648721346,2433809720.0,1322.13,27.3,344.9
10,8,1675,7,5,2,4,20921,29,5.6,288207696,219403697.0,1504.0,-4.8,29.7
10,1,1004,8,3,3,4,410445,846,8.0,13045583880,\N,3010.39,29.6,369.2
7,2,1379,6,1,3,7,163006,127,7.2,3308500180,763428820.0,4690.4,42.2,10.2
1,1,1481,1,3,3,8,94493,217,7.4,1799165618,929570970.0,3442.35,27.6,549.7
1,5,1746,7,4,4,2,313460,602,8.5,4428249420,2038182805.0,1472.38,25.6,396.5
5,5,1862,4,4,4,4,53525,114,9.8,949950995,260557559.0,3227.17,26.8,515.3
9,8,115,1,5,2,3,377981,730,7.0,5836782602,1189497671.0,737.75,\N,40.0
6,7,1376,2,7,4,1,38648,50,9.8,664328201,210264497.0,2163.38,20.6,525.6
3,7,976,3,7,4,1,227149,367,9.1,4256068098,914449961.0,4448.85,21.3,673.2
3,8,1686,1,5,2,6,41119,25,5.6,347241731,271822168.0,1282.19,8.3,74.9
7,4,2084,8,1,3,1,27782,44,6.2,570486700,294867817.0,2812.66,39.2,4.1
6,2,1687,1,1,3,1,465544,446,8.0,14223300288,4327077028.0,431.04,47.1,5.7
9,5,63,3,4,4,1,166252,568,9.5,3450975890,1375706362.0,483.47,29.2,469.3
6,8,509,4,5,2,6,359317,294,5.4,6158549653,4296261904.0,391.2,5.5,17.7
5,6,188,4,3,3,5,368144,803,6.5,7329562968,4995326215.0,1088.94,26.5,432.2
10,3,93,1,1,4,7,340057,1611,9.7,7758196420,6193073631.0,2305.62,42.6,\N
7,3,5,7,1,4,1,325570,1021,8.7,5460980952,2316097037.0,4578.55,42.2,3.3
1,3,2073,8,1,4,8,262427,420,9.0,5786515350,2368957317.0,1774.05,40.6,17.9
7,7,98,3,7,4,1,219587,546,9.5,6698391641,1970161142.0,3176.26,28.9,701.0
3,6,1292,6,3,3,1,156006,125,7.0,3363489360,2339657906.0,2802.03,\N,221.1
9,1,1788,1,3,3,7,324849,937,7.2,4579591262,2622329268.0,769.36,25.8,322.7
6,6,1309,3,3,3,6,321797,647,7.0,4027611252,1856847189.0,2401.17,24.1,243.7
9,1,684,2,3,3,2,139630,329,8.7,3871507047,1296557604.0,742.79,18.7,282.4
5,3,1133,6,1,4,5,38948,49,8.1,1217117210,519833095.0,1580.25,46.4,3.1
7,4,27,3,1,3,7,413360,455,7.0,7777781760,4843380545.0,548.86,35.3,2.2
4,4,1782,7,1,3,1,68148,268,7.9,1847144725,534343112.0,1121.93,40.2,2.7
7,8,2103,1,5,2,6,485310,367,5.6,6894896232,3913196463.0,1890.85,9.0,2.5
1,1,781,5,3,3,6,42135,156,7.5,867138300,432382479.0,3141.38,24.8,378.7
7,3,1615,4,1,4,8,326355,1355,8.5,6244313392,1582302673.0,732.03,43.5,9.4
8,6,1042,1,3,3,4,164815,358,7.5,4943213887,1800353915.0,2994.08,\N,563.6
5,4,1794,3,1,3,7,825,0,7.3,16206547,10723973.0,1250.69,31.9,\N
2,1,855,8,3,3,7,450554,1187,7.2,6426341812,1472420803.0,377.88,25.8,536.3
5,8,1643,6,5,2,2,376880,589,5.4,5535613440,2046270798.0,4593.27,0.3,13.8
6,6,1933,6,3,3,6,347827,787,7.5,9446111752,5860684102.0,300.35,21.4,207.8
2,3,2027,3,1,4,6,41307,152,9.2,723946481,382346308.0,4218.15,42.3,18.6
6,2,1988,8,1,3,5,477771,468,8.1,13440319332,9962570856.0,3610.58,46.8,24.7
6,3,1270,4,1,4,4,343997,1432,8.8,8915026252,3663748767.0,1489.13,46.0,8.4
1,7,1113,1,7,4,4,21137,69,8.1,306978992,242057481.0,3603.33,22.6,467.6
1,3,240,6,1,4,2,468740,615,8.5,14785700190,7060625962.0,1350.86,46.1,12.3
10,8,490,6,5,2,6,185759,112,4.8,3107376552,1192206280.0,3980.02,-0.2,36.7
3,6,1037,5,3,3,4,369083,968,6.5,6083964172,3521177975.0,547.57,22.8,447.1
10,8,1339,2,5,2,3,65343,106,4.9,1178264976,425362864.0,209.41,5.0,27.0
10,6,2037,5,3,3,2,459533,670,6.5,6864044421,3621365315.0,734.31,23.2,313.2
3,5,685,2,4,4,2,296068,499,9.0,5875469460,3278677332.0,3608.71,33.5,468.4
4,5,2027,6,4,4,3,2710,5,9.7,63561965,38544563.0,4839.59,33.6,335.4
2,6,1615,2,3,3,2,356001,752,6.9,9739653358,3174428406.0,3281.94,15.6,435.1
9,6,1768,1,3,3,4,425567,1185,7.7,8201995347,5823694845.0,4390.16,27.2,593.0
10,2,613,6,1,3,4,337272,440,8.7,10654321298,2549647102.0,182.31,43.2,7.9
7,2,162,6,1,3,7,302880,786,7.6,8931325440,5548615024.0,2082.19,35.6,5.6
7,3,656,8,1,4,4,308030,903,9.9,8889283755,5027372662.0,2899.47,46.9,10.2
6,8,621,2,5,2,3,492163,1006,4.1,5787246284,4132002372.0,2056.08,0.0,55.6
3,7,1257,3,7,4,7,392749,1774,9.7,11360421924,8201682042.0,3586.67,26.8,609.6
6,8,2159,2,5,2,4,216861,376,6.5,3855246427,2679904902.0,1146.84,4.2,55.3
8,4,1952,2,1,3,3,430417,599,6.4,8633132019,4214988592.0,1349.93,30.5,9.9
8,8,1256,4,5,2,8,319151,588,5.3,4470635292,3101067270.0,2560.34,-2.2,64.0
9,7,1976,4,7,4,3,322475,976,8.3,7151721560,5121812816.0,3338.73,22.0,491.3
1,2,750,1,1,3,3,445403,773,7.0,12143912795,7827476258.0,695.7,40.7,1.7
1,3,709,1,1,4,7,239481,624,8.5,6994282086,4927415493.0,1536.25,48.1,11.2
3,7,1622,3,7,4,8,124423,406,9.6,2845205625,651784236.0,1440.51,20.8,745.1
3,8,41,4,5,2,2,194247,407,6.7,2418103204,1175566958.0,2447.14,2.1,65.1
10,1,560,5,3,3,5,306187,617,7.3,3873541118,2505659860.0,4823.18,\N,669.9
8,5,466,1,4,4,6,110670,386,8.2,2710684577,2107818986.0,1985.6,30.5,517.3
10,7,1101,1,7,4,3,327094,508,9.1,10593560668,3940734678.0,4300.95,29.3,794.1
1,4,1714,4,1,3,4,457931,1264,7.2,8058120220,5345728728.0,2033.35,41.2,4.8
2,3,490,4,1,4,3,96295,359,8.4,2615102574,1715984830.0,1651.74,42.0,9.8
2,7,117,3,7,4,6,50301,181,8.8,1196479706,628484980.0,503.52,29.6,620.2
3,6,1595,8,3,3,1,283788,791,7.5,4080161970,2551591401.0,3564.88,27.6,578.9
6,8,196,4,5,2,2,85711,125,6.9,1545935022,1211448439.0,1478.73,6.2,71.6
1,1,619,8,3,3,8,122309,141,8.4,2390749561,979599448.0,3519.61,28.6,260.7
2,5,1475,7,4,4,4,60765,197,9.1,1503502318,735754178.0,1859.23,34.4,412.7
1,1,1308,2,3,3,2,484000,1107,7.7,8348032000,3086394428.0,127.98,30.0,501.2
5,3,34,6,1,4,2,183745,280,8.2,3792386552,2308580369.0,832.19,47.5,\N
7,8,1275,5,5,2,1,330228,382,6.3,7244079544,4471689594.0,3898.54,-3.1,46.8
8,2,339,6,1,3,3,360391,714,8.9,6485524357,1578164328.0,1122.86,44.9,15.6
10,5,180,2,4,4,4,61922,216,9.1,2037017072,1442995340.0,1189.26,30.5,538.3
1,8,622,7,5,2,8,290316,835,6.5,3711835218,2680849067.0,1700.1,7.1,72.2
7,1,1657,7,3,3,5,333503,855,8.5,7137964709,5600547765.0,963.98,25.1,281.3
5,2,643,2,1,3,8,437603,1291,7.6,9508413025,2646090866.0,2715.74,44.9,2.7
10,4,2071,6,1,3,8,395610,562,7.1,11134206084,6521148134.0,2594.8,\N,4.1
1,3,1681,2,1,4,2,131553,327,9.5,3516806349,1382703722.0,3176.67,41.7,12.0
3,3,1351,1,1,4,6,136892,516,9.3,2942123931,1142235666.0,4836.08,48.8,17.3
7,5,1178,7,4,4,5,168316,439,8.4,5378302137,1572093800.0,641.55,31.0,357.5
10,1,619,6,3,3,8,144797,261,7.0,1899447046,398966473.0,1953.12,29.6,699.6
1,4,1170,8,1,3,5,241330,562,6.1,5407071049,1579849681.0,2522.54,41.4,6.3
7,6,252,2,3,3,7,376156,846,6.7,5887292787,3627437308.0,4524.39,22.5,436.6
5,5,302,8,4,4,3,492428,1995,9.9,18949269596,4043444068.0,3181.14,34.0,797.3
1,8,1567,1,5,2,5,290769,650,5.6,4927255166,3099067360.0,2138.37,-4.9,19.2
1,6,612,4,3,3,4,380707,678,7.1,7598188376,4354628273.0,305.17,25.2,245.6
1,5,1072,7,4,4,3,389546,387,9.9,10030770545,7773002933.0,3801.11,\N,503.0
9,1,1944,5,3,3,8,400603,1408,7.4,6000071492,4685422846.0,2810.69,22.3,528.4
3,4,74,5,1,3,6,123087,308,8.0,3335165352,785052958.0,3397.62,31.2,\N
5,1,1728,2,3,3,5,246837,870,7.1,5411851857,2881243339.0,1621.13,18.3,465.6
10,3,542,5,1,4,3,326092,385,8.9,8172648140,4631367066.0,1322.27,45.5,15.5
9,6,157,1,3,3,4,270789,708,6.5,3321362479,2619490036.0,3188.05,17.7,428.6
6,2,1290,4,1,3,2,94219,243,8.2,2781344879,\N,2146.16,46.0,23.4
9,7,256,2,7,4,1,283205,311,9.4,9200310912,\N,1787.04,24.2,822.9
8,8,1052,3,5,2,3,427086,473,4.4,4432981845,1994229055.0,1098.78,5.2,55.0
8,3,937,6,1,4,6,86175,377,8.8,1478763000,582856893.0,2063.18,45.8,7.1
1,3,2166,7,1,4,1,440747,1925,9.8,6733820815,2087840791.0,4673.18,45.5,19.9
9,6,1892,8,3,3,7,384022,1160,6.2,6592812891,3903338693.0,591.6,27.9,522.9
6,8,1582,5,5,2,8,426005,511,7.0,5653938360,3487584915.0,854.46,-2.8,18.3
9,5,316,5,4,4,2,152025,644,9.5,3619259175,1719892535.0,3046.88,28.6,688.2
3,3,1776,2,1,4,6,442105,1412,8.2,12641285106,8781440497.0,1240.81,49.7,1.8
3,7,1971,6,7,4,4,350884,996,9.7,7624007552,4704960767.0,4364.26,27.6,407.2
6,4,1222,6,1,3,6,310403,891,7.8,5568629820,3088570862.0,4260.15,37.7,2.6
9,3,1723,5,1,4,2,300746,1059,9.5,10942643210,8381812689.0,2128.33,47.4,5.8
7,4,570,5,1,3,1,75215,78,7.5,1648336725,469135867.0,3417.65,34.6,5.4
3,1,908,8,3,3,4,496256,1598,7.3,6973637440,2110479663.0,3892.13,23.1,615.9
3,8,649,3,5,2,6,109311,365,6.9,2414341125,1185514017.0,1686.18,2.8,2.4
2,5,1641,6,4,4,8,152190,616,8.9,5107785561,1202098465.0,1625.49,24.3,381.7
9,4,339,1,1,3,5,36386,112,6.4,601271372,459428775.0,63.47,31.0,8.7
3,3,529,7,1,4,5,1583,5,9.0,43211151,\N,1212.96,46.3,15.8
5,5,2102,2,4,4,8,388132,375,9.2,8459259313,3144808460.0,3422.57,22.5,458.4
9,7,1136,2,7,4,8,256039,285,9.0,7496053803,3172006294.0,2241.71,23.7,723.7
8,5,1952,3,4,4,3,443952,2033,9.9,11000997374,3288079722.0,3172.04,28.2,422.0
2,4,419,7,1,3,5,444617,753,6.7,8570392830,2587697568.0,1167.82,38.4,2.2
3,8,1680,3,5,2,6,183890,298,5.8,2826389300,633469492.0,3066.25,-3.3,63.5
2,4,85,1,1,3,1,321643,1122,7.9,6880973027,1915062893.0,1260.8,41.7,6.8
8,2,1752,4,1,3,5,200654,638,8.2,3353249386,1084601738.0,3545.18,44.7,20.2
6,2,126,2,1,3,3,457934,1411,8.5,7072561663,5152767518.0,824.68,36.0,1.9
6,5,2028,6,4,4,4,369179,927,10.0,12356421130,6218335663.0,1482.96,31.4,418.5
9,6,1429,7,3,3,5,112461,433,8.0,2947377888,1858453522.0,1071.69,16.9,379.8
8,8,1290,5,5,2,3,427834,820,4.3,5811568705,4470598051.0,175.27,8.6,16.1
4,6,644,7,3,3,8,149950,311,7.0,2789969700,1432142274.0,4564.8,16.3,305.1
4,2,574,1,1,3,5,383912,1038,8.0,10921528576,5437945200.0,424.09,46.1,\N
9,3,2022,8,1,4,7,407856,1259,9.5,8721796632,6492510898.0,2105.53,41.5,12.9
1,1,1668,2,3,3,5,355209,818,8.0,5529893712,2666422821.0,1803.51,20.9,\N
2,5,1308,6,4,4,6,83163,112,9.3,1573127940,438933554.0,952.94,23.4,648.2
2,1,137,1,3,3,8,298694,1141,7.8,4368399749,2028324849.0,2249.45,22.3,\N
6,2,130,8,1,3,8,53785,151,7.6,1274941154,347645404.0,2543.91,40.4,13.9
4,4,1219,4,1,3,1,138183,432,7.7,3358012719,1909208388.0,1368.51,44.3,0.1
10,7,1018,6,7,4,3,305968,490,9.8,7963979878,1748898701.0,2654.51,25.7,660.5
3,5,432,2,4,4,3,321094,296,8.1,9084808870,6884316456.0,3228.73,25.0,381.9
3,2,909,7,1,3,2,53079,147,7.2,615673936,215492283.0,2625.56,48.0,\N
3,8,2014,5,5,2,2,124009,427,6.9,2456605889,1290281657.0,4495.41,7.2,78.4
6,3,209,6,1,4,3,234786,844,9.3,8651065827,\N,729.24,46.4,1.5
8,7,1985,8,7,4,8,62478,215,10.0,1262055600,416224612.0,4203.17,24.0,730.1
7,5,58,8,4,4,6,430469,504,8.9,5777410542,4514557772.0,770.61,25.5,565.9
4,5,2008,2,4,4,1,284784,581,9.1,7155226478,3185319173.0,2178.94,\N,562.8
4,8,1369,8,5,2,5,237319,122,4.8,2560766937,855649352.0,807.07,3.2,11.1
10,6,1038,1,3,3,8,246751,476,7.4,5187544973,1713835193.0,3042.43,17.1,314.1
2,4,1383,4,1,3,4,301853,489,6.7,5090418806,2684745853.0,1760.71,44.3,2.2
1,5,377,8,4,4,6,139548,309,9.3,2609868560,666344658.0,2287.42,\N,545.2
9,4,993,6,1,3,5,259131,214,6.8,5545299747,3865694448.0,861.92,35.2,0.5
2,2,415,1,1,3,4,414253,1188,7.9,5668140948,\N,2393.13,39.1,13.9
8,3,394,1,1,4,1,163611,634,8.3,2319414980,1832881547.0,3694.58,47.6,11.4
9,7,729,3,7,4,2,321470,581,8.4,8503395852,4837013220.0,4675.63,25.1,861.0
4,7,358,1,7,4,8,129130,156,8.9,4587833944,1302203063.0,1456.39,26.1,495.6
8,3,1600,7,1,4,3,461201,1952,9.4,7070857011,5510380569.0,2198.08,50.0,11.0
9,5,1182,6,4,4,1,453503,1768,8.5,14127752207,7419671323.0,3925.05,27.7,742.6
10,5,2066,4,4,4,4,284521,928,9.5,7779088661,4543834149.0,2811.06,\N,\N
10,2,1592,5,1,3,6,396849,794,8.2,7484572140,2796186341.0,3711.8,45.2,26.8
5,6,155,3,3,3,3,143281,275,6.2,1710947077,618222137.0,3935.58,24.8,310.0
7,6,1591,1,3,3,4,264778,790,7.4,7288808784,2635730294.0,3681.55,27.8,543.7
10,6,1555,6,3,3,5,485689,678,6.9,10690500579,6040202840.0,4762.45,16.2,324.9
4,4,487,7,1,3,5,164950,401,6.0,1854697800,\N,3671.47,32.2,3.6
1,6,1383,7,3,3,6,171906,276,7.3,2012881735,1342037933.0,639.95,16.8,322.7
3,3,1071,7,1,4,5,321135,796,9.5,11977372095,8129908918.0,4015.75,47.3,6.6
5,7,1507,2,7,4,3,285145,580,9.9,8736985372,6845135195.0,491.16,22.5,798.3
3,7,1876,3,7,4,2,426447,673,8.2,7067164973,\N,2015.3,20.6,753.8
7,4,924,4,1,3,2,131066,374,6.3,1360779638,1071989788.0,1788.01,32.5,7.4
9,2,2191,2,1,3,4,119929,241,8.1,2828789308,2140320393.0,825.66,40.8,7.2
6,3,1071,8,1,4,2,289550,487,8.7,7917484155,3900604451.0,581.78,48.7,14.1
10,7,191,4,7,4,8,166901,233,8.6,2431480528,798165146.0,1482.37,21.1,857.1
1,3,140,2,1,4,2,351609,1399,8.7,10746261027,6623000201.0,3447.68,\N,7.3
7,7,615,5,7,4,4,34096,135,9.0,1110233952,565359339.0,1069.03,\N,676.0
3,1,1515,4,3,3,4,149651,503,8.1,3400145545,2563008868.0,4852.12,27.1,564.7
5,2,624,2,1,3,4,436880,648,8.0,10820643840,2435444002.0,75.25,35.5,17.7
10,2,1340,8,1,3,3,305877,1013,8.8,10529999251,5036521174.0,2866.62,47.3,18.0
4,8,1346,7,5,2,8,470324,744,5.6,7024383004,4770160655.0,2816.18,-4.1,2.5
10,1,87,8,3,3,7,153730,329,8.9,2966251096,1098835483.0,1407.78,21.4,592.8
5,4,1918,4,1,3,4,36733,122,7.3,611384051,213935396.0,2997.66,32.3,9.2
5,7,282,8,7,4,8,180989,672,9.0,4459930938,2594773129.0,2827.53,26.9,548.1
6,8,1098,3,5,2,3,165629,406,6.3,4135242680,3230676794.0,3454.97,6.9,63.6
10,7,453,4,7,4,3,225304,232,8.7,7426988647,1724771856.0,4372.34,26.7,607.0
10,7,47,6,7,4,3,128787,340,9.5,4570908204,2937529355.0,547.43,20.4,848.4
6,6,1612,4,3,3,7,431895,349,6.5,10081077142,4905886822.0,4184.63,20.1,220.9
8,6,2079,2,3,3,8,28467,93,7.9,842885096,191044535.0,151.33,23.8,504.8
8,6,2065,8,3,3,4,345036,394,7.8,8875844078,3105113961.0,355.05,24.6,461.7
9,6,1684,8,3,3,2,105346,102,7.5,2780344305,1283559798.0,4542.4,19.6,539.3
8,6,1259,4,3,3,6,185916,475,6.4,2774759116,950979761.0,3542.9,20.5,431.3
2,1,392,5,3,3,8,338947,1175,7.6,10144276973,6259522208.0,3231.39,19.1,379.0
10,2,354,1,1,3,6,2396,1,7.3,53486866,17926737.0,2613.25,42.1,4.2
1,4,305,3,1,3,7,413254,753,6.8,10355318731,6873723333.0,3911.32,30.9,9.8
10,3,1623,6,1,4,2,481953,1347,8.2,9247714164,1890707967.0,3658.01,41.7,19.0
2,6,1574,7,3,3,7,58733,112,6.9,1458117204,651756731.0,1752.43,15.9,599.8
2,1,1564,2,3,3,4,143263,463,8.0,2461831392,1222663712.0,2501.81,23.3,387.1
3,8,1613,7,5,2,2,346175,215,6.1,6047815720,4591806917.0,2437.57,6.9,71.4
10,8,1949,7,5,2,7,416534,1012,6.9,10042051592,2012948032.0,2197.24,-3.5,25.9
7,7,712,8,7,4,4,414576,1131,9.4,9543788265,2802616173.0,3424.91,24.4,849.7
2,4,1419,4,1,3,8,457766,1492,7.3,10489570560,6320856304.0,4064.98,32.9,9.2
1,8,786,4,5,2,7,425822,382,6.8,8304550972,4561863743.0,4778.69,-3.5,30.5
6,4,857,4,1,3,3,287405,349,7.4,7888290073,3633476794.0,2094.41,41.3,3.1
9,4,177,8,1,3,8,472568,484,7.0,10545827488,7132281038.0,3507.68,35.4,0.9
3,1,1430,3,3,3,5,209305,362,7.9,4502506368,1623347908.0,2837.17,19.9,420.7
6,3,2069,6,1,4,1,167673,544,8.9,5255844323,1469635063.0,945.65,44.2,11.6
3,6,711,1,3,3,7,215718,230,6.8,5692970594,3198657950.0,1562.33,16.4,477.0
1,4,1868,5,1,3,6,265857,412,6.4,3183478060,1661668863.0,4253.37,39.5,0.6
5,1,152,6,3,3,7,381347,870,7.1,8585684492,4287699451.0,4048.5,21.2,651.2
10,7,1467,5,7,4,4,378623,580,8.9,6153153822,3311676301.0,4264.97,27.5,477.0
4,2,96,7,1,3,3,199625,625,7.1,3020346212,1410594233.0,260.56,38.6,22.0
7,7,1099,6,7,4,5,292320,343,8.6,7001356320,1897381503.0,4950.46,23.4,881.1
6,1,640,2,3,3,3,273884,366,7.4,4434510620,2369204209.0,2808.2,26.8,682.0
10,1,1157,1,3,3,1,123237,472,8.3,3752899389,778596097.0,2555.04,24.8,309.1
7,1,112,1,3,3,6,243255,711,8.0,4333831080,3311925718.0,3685.32,22.3,435.2
5,4,1194,3,1,3,2,494174,1384,7.7,9185607477,6554111146.0,701.81,42.6,5.7
4,1,1623,8,3,3,2,146478,527,8.4,2014189682,714049044.0,1181.4,29.8,529.8
7,2,1634,6,1,3,3,98565,285,8.9,3021174954,1236110584.0,4713.14,40.7,15.4
7,4,1162,4,1,3,1,347666,954,6.3,8099713868,4854888013.0,1073.71,42.3,\N
6,7,1618,1,7,4,3,413718,1698,8.9,13811520340,8818613281.0,1716.09,20.8,693.4
8,2,1260,6,1,3,2,282871,1116,8.0,4084657240,2575502347.0,1268.62,43.7,15.4
4,8,1672,4,5,2,3,476156,955,4.2,4959640896,1136985322.0,2442.76,4.8,29.7
10,5,1595,3,4,4,5,116832,435,9.7,3122159951,1637707471.0,4029.59,28.4,412.1
5,7,2164,7,7,4,8,263298,375,9.0,4180119048,1007462081.0,4195.97,27.4,782.9
4,1,1496,7,3,3,1,197149,602,8.3,2480686437,1109662439.0,1658.63,24.5,348.0
1,6,1225,6,3,3,2,65198,74,7.3,1662953227,1206482853.0,417.41,23.6,417.9
8,6,292,6,3,3,6,474184,789,7.9,14167574715,9236835551.0,607.07,27.7,583.8
1,4,1015,2,1,3,6,470355,442,7.8,14099079267,10174054873.0,4092.21,\N,8.0
5,6,1634,6,3,3,3,381116,688,6.8,5906230875,3028891035.0,2172.32,26.1,323.0
6,7,1240,2,7,4,1,119139,382,8.0,2601042648,1737935973.0,4115.15,21.5,697.3
6,4,1660,4,1,3,3,190739,246,7.5,5503296997,2534804271.0,120.0,40.9,1.7
5,7,585,8,7,4,2,275779,430,8.8,7001477252,1569750051.0,222.89,23.4,896.9
3,1,1914,7,3,3,1,251680,724,8.0,4493998080,1210214826.0,1611.64,27.8,344.5
5,3,2027,8,1,4,8,486136,966,9.5,16736690208,9084489567.0,1060.61,47.0,10.5
8,3,1493,4,1,4,2,198621,448,8.3,4714865298,1905344713.0,3243.73,46.4,13.1
2,2,27,7,1,3,5,349330,562,7.5,6853854600,1747740725.0,2947.32,45.9,2.0
6,1,1701,7,3,3,5,348300,819,8.8,5271868800,3335546121.0,4476.8,29.6,573.2
9,6,455,1,3,3,6,326827,602,8.0,7820316456,2082197637.0,3952.89,15.3,265.8
8,1,918,3,3,3,4,403188,1563,8.2,12259173052,2566923464.0,548.98,25.9,313.6
8,5,14,8,4,4,1,300336,792,9.7,5025372119,1498163102.0,4441.15,26.5,650.3
8,3,2146,2,1,4,5,290358,1140,8.2,9359457843,3643763149.0,644.1,49.1,1.5
7,6,279,7,3,3,4,499912,977,7.1,13203675743,10085101185.0,1023.8,17.3,326.2
8,7,1964,1,7,4,6,172751,276,9.1,2823373243,1961676660.0,2551.28,29.0,523.6
6,7,490,8,7,4,1,454454,2146,9.9,9097169281,5701301442.0,602.34,26.1,849.2
2,3,985,5,1,4,2,315805,656,9.2,10549529186,6193449054.0,1172.74,43.1,9.6
2,1,961,1,3,3,3,87379,199,8.3,2631191399,1651542650.0,2266.17,29.3,618.5
8,6,1783,4,3,3,3,45267,55,6.4,599117798,392984759.0,1279.7,21.1,578.5
1,2,1888,5,1,3,8,27108,74,7.1,738495111,587801548.0,4735.7,36.1,4.5
6,7,1870,8,7,4,2,100433,437,9.7,1518777955,806561480.0,851.92,23.5,\N
6,1,1597,1,3,3,5,155182,187,8.8,5036338700,1731798029.0,2887.28,21.5,308.9
4,2,1263,6,1,3,8,134821,204,7.4,3108756546,680836862.0,2514.31,40.5,15.3
10,8,250,3,5,2,3,17344,42,5.1,328077369,119485198.0,2289.92,-4.4,41.1
3,6,1607,2,3,3,2,344853,665,6.4,7464274214,3867998364.0,1207.29,20.9,\N
3,3,740,6,1,4,4,239203,941,8.4,3279186086,1279359592.0,994.21,44.6,4.5
1,8,306,5,5,2,4,196407,409,5.8,2266929593,589870522.0,1553.48,-2.8,33.8
3,5,1807,7,4,4,2,424617,1764,9.3,14919088141,10188448762.0,2983.08,27.4,759.7
4,8,1937,3,5,2,1,60357,110,4.9,928948551,\N,2925.34,0.8,29.8
5,4,1826,7,1,3,5,262867,235,6.6,4642651807,2119791263.0,3874.07,35.0,3.6
3,3,183,1,1,4,5,265089,919,8.9,7030690458,3008501512.0,1552.08,41.0,9.7
6,2,30,6,1,3,2,384659,813,8.2,8525812871,4811826425.0,3562.55,44.4,27.5
5,1,1412,4,3,3,3,345017,360,7.8,9432419763,\N,4416.69,26.8,\N
3,8,767,8,5,2,8,439134,1041,5.5,8888072160,6395024852.0,4296.58,-4.3,30.4
6,7,615,4,7,4,6,231922,977,8.7,7608827399,3221026751.0,2355.43,23.0,583.8
6,6,1005,3,3,3,5,31044,77,6.4,750221721,563009861.0,3323.57,22.1,584.6
8,8,2122,4,5,2,5,359675,255,5.2,3929521310,2237563058.0,4166.38,0.3,79.7
2,3,24,2,1,4,4,453782,957,9.0,13934737656,7544067540.0,818.26,47.9,7.9
1,7,1056,8,7,4,4,137483,301,8.9,2140074126,1076690948.0,4788.77,27.7,675.9
4,7,1971,7,7,4,8,373238,1413,8.4,6837869455,4246624522.0,3030.82,21.4,899.5
7,5,2005,3,4,4,8,406596,1114,8.1,10285374394,6076860627.0,1448.08,27.9,612.4
10,6,1539,8,3,3,4,45335,58,7.3,1278773412,797188900.0,2644.22,17.4,520.7
3,8,672,3,5,2,6,418982,269,5.3,7099272906,1843771935.0,3696.36,1.1,49.0
3,2,571,4,1,3,5,5979,12,7.1,158129602,105145114.0,4114.86,41.9,12.9
5,6,764,3,3,3,5,124228,283,7.0,2210513032,958056672.0,1575.44,19.3,400.1
5,8,1243,1,5,2,6,113068,229,5.1,1982511698,640019728.0,1744.08,-4.1,62.4
10,6,713,5,3,3,7,266030,821,7.6,3665574164,778202775.0,4098.37,26.2,363.3
3,1,767,6,3,3,5,316497,341,7.4,8611820070,5463917018.0,4205.12,21.1,677.0
9,4,1783,5,1,3,3,152780,416,6.2,3423310904,2378203896.0,3452.34,32.7,2.5
4,8,1294,8,5,2,3,39433,32,4.6,366048652,153133474.0,3433.1,-2.4,7.3
3,7,1675,7,7,4,3,150424,426,9.2,2329105046,721226982.0,1294.09,21.4,787.0
2,2,2126,6,1,3,7,186814,182,8.5,3784010977,1668733682.0,4782.78,\N,1.4
10,8,2058,4,5,2,1,423537,313,5.4,4773177282,1530245605.0,4258.57,6.9,71.5
9,8,1492,8,5,2,5,65791,91,4.0,559749828,353699374.0,4365.12,8.9,60.7
4,1,1360,2,3,3,6,92040,275,8.5,2537128620,2009388101.0,1018.03,27.2,693.4
3,7,636,2,7,4,5,235650,614,8.8,6888897840,1565750791.0,4919.85,29.7,671.8
7,4,1210,4,1,3,6,445183,1074,7.0,8616516965,3847366321.0,2255.46,38.3,0.0
8,1,1692,7,3,3,7,20809,64,7.8,253366222,145782286.0,3425.26,25.8,511.4
2,4,1298,4,1,3,2,179290,538,7.7,4715900728,1524210935.0,4498.5,44.4,8.0
7,4,358,3,1,3,2,44075,110,6.4,1051594240,687668882.0,549.26,35.9,1.2
5,4,1671,2,1,3,1,50390,68,6.8,1221211728,837214006.0,1625.48,36.6,3.0
5,1,2146,8,3,3,2,169565,501,7.6,3857061142,1204478825.0,1872.63,20.9,698.8
3,6,1007,5,3,3,3,103555,283,6.8,1561153758,751572908.0,3881.29,17.9,508.0
5,8,241,4,5,2,1,359444,570,5.5,7158506982,5553553715.0,1513.04,-3.2,10.7
2,4,1827,7,1,3,1,57448,118,7.4,873611736,181033297.0,1984.28,36.4,3.8
4,6,1265,8,3,3,1,330398,247,7.1,6465095904,4662362583.0,1928.74,26.8,450.9
6,8,156,7,5,2,4,224036,678,6.7,5669432612,2515806710.0,4564.28,1.9,50.9
1,7,352,5,7,4,7,408385,1259,9.7,12862453121,3416104481.0,66.84,\N,867.2
10,8,44,6,5,2,2,245253,456,5.9,2415030816,1742115289.0,744.89,1.6,3.8
4,7,138,5,7,4,8,139487,501,8.7,3195242657,2295645233.0,4645.21,21.8,422.9
6,2,1968,7,1,3,5,449411,1221,8.9,7027574630,4111382877.0,3068.02,46.1,4.3
9,5,754,2,4,4,8,372379,838,8.2,6616951402,1768848367.0,498.98,22.8,308.2
2,6,143,6,3,3,4,204214,178,7.8,4259332240,3191941803.0,2397.12,19.4,430.4
7,8,1847,8,5,2,6,197982,494,6.8,3422237659,2456888371.0,4687.6,6.6,69.4
6,7,62,5,7,4,3,474545,1303,9.9,14056402536,10203583030.0,3791.59,23.3,606.6
2,5,1591,3,4,4,4,294221,1177,8.4,3924672763,1819430305.0,1317.02,33.0,356.9
8,4,1447,3,1,3,3,402242,1145,6.5,7958760212,5993615516.0,2200.94,43.8,2.9
7,5,1420,2,4,4,7,432471,511,9.1,10425102678,3110837312.0,2479.08,33.5,581.2
5,5,2020,8,4,4,5,362126,1225,8.7,12255430217,8770586745.0,3835.62,27.5,632.6
5,4,2079,3,1,3,5,457955,1050,6.4,5653729248,2314959110.0,3902.24,44.8,4.1
7,6,1193,4,3,3,2,83049,262,7.3,2018838140,1447608967.0,1503.99,15.9,439.2
9,8,334,6,5,2,6,236395,476,4.1,2782629184,1352412096.0,3644.19,1.0,75.9
9,4,1796,2,1,3,4,465266,929,6.9,7868532065,3095736189.0,4869.98,38.0,7.4
9,2,254,6,1,3,5,426564,1458,8.5,8908575858,5729411890.0,409.23,43.4,24.8
6,3,1424,8,1,4,7,296321,1290,10.0,7176894620,3507821114.0,4085.64,45.5,19.0
10,8,1028,7,5,2,3,435125,715,4.7,7726340575,3868635490.0,2987.59,3.9,7.8
6,1,1912,5,3,3,8,429554,581,8.2,10014020580,5467312641.0,1934.32,27.3,442.2
3,4,2167,4,1,3,5,355726,367,6.8,7162471864,5070175403.0,3959.13,30.6,9.9
1,4,996,2,1,3,2,366377,990,7.0,3949544060,3042159950.0,1663.08,41.7,7.5
7,5,470,5,4,4,8,414178,1646,8.1,7293426073,3254396789.0,1708.79,32.6,466.7
4,2,1494,5,1,3,3,325963,496,7.1,8787538728,4933687341.0,2527.26,39.9,17.6
1,7,1888,5,7,4,1,346543,1325,8.4,5760792214,2701981562.0,2315.64,26.7,881.2
8,7,1524,5,7,4,6,136347,551,8.1,3151988137,1547471099.0,708.47,20.5,441.2
6,5,1094,5,4,4,2,220320,411,8.6,5761940832,3772188750.0,174.95,33.7,392.0
6,6,694,2,3,3,7,61239,70,7.2,1087751613,\N,3181.5,27.1,228.4
2,8,1394,3,5,2,7,263373,246,4.0,2688511584,1629514397.0,1707.89,-1.1,75.1
1,4,2045,5,1,3,7,93911,206,7.2,2536949318,874705553.0,2640.58,36.7,\N
2,8,181,7,5,2,7,437687,538,5.9,6481706783,4280384747.0,1067.14,\N,56.9
4,8,1221,7,5,2,2,96946,310,6.6,1391019986,1004380733.0,2860.25,-0.4,78.1
2,4,47,4,1,3,1,8405,8,6.5,186351457,143118025.0,1688.72,40.9,5.3
1,5,634,2,4,4,6,314816,547,8.0,9310998016,4108575260.0,3073.22,26.6,533.0
7,8,1164,1,5,2,7,206313,238,5.3,1700328589,\N,3400.5,4.1,4.2
8,4,1689,3,1,3,5,251035,535,6.7,5553747719,3916089773.0,64.98,40.0,4.4
6,6,1564,4,3,3,2,444188,1048,6.6,8973752488,3420831769.0,2184.36,17.9,221.7
4,8,1451,7,5,2,1,72368,52,6.2,1378349875,964442595.0,3643.53,3.5,22.7
6,3,589,5,1,4,6,36532,150,8.6,782924598,559045383.0,3711.91,44.2,8.6
3,1,1878,2,3,3,1,447476,1583,7.7,11273889334,4976863520.0,1934.88,27.1,405.1
8,1,1563,2,3,3,6,259580,904,7.0,4726173060,3779565155.0,4113.75,27.5,414.8
10,1,840,5,3,3,2,111678,268,9.0,2121770322,908374413.0,3268.92,23.8,306.5
2,3,1414,7,1,4,4,226627,221,9.7,5185747002,2170024593.0,4946.5,49.4,17.9
5,4,733,4,1,3,7,183632,411,6.1,3644985020,1742591752.0,2586.99,43.5,\N
1,5,1018,2,4,4,8,282071,364,8.5,5464138376,1685253010.0,1908.68,\N,376.8
6,7,1455,6,7,4,2,395906,1058,8.8,12051061915,9253201286.0,4600.65,28.4,713.0
2,2,758,7,1,3,7,203054,217,7.8,2597466768,1355789576.0,2047.15,45.6,\N
4,4,2003,7,1,3,6,261082,565,6.4,5985252633,3705750989.0,3219.81,30.2,7.5
6,3,621,3,1,4,4,387765,1711,9.2,7866200789,3466132593.0,4137.6,41.8,\N
10,8,1889,4,5,2,5,338941,494,5.0,5462034215,1230777988.0,2330.09,\N,20.4
8,6,182,7,3,3,1,151460,154,7.8,1902034680,1375389663.0,2237.03,22.4,580.8
8,3,1321,8,1,4,3,384638,364,8.8,10746785720,7378051954.0,1478.28,40.3,\N
6,8,1800,5,5,2,8,292369,187,5.5,6186089486,3907984493.0,4812.56,-4.9,74.8
4,7,2078,8,7,4,8,238857,296,8.7,5621141209,4320115880.0,4722.72,25.8,487.8
8,1,1326,7,3,3,2,90534,209,7.3,2099673581,741876418.0,2355.94,26.8,254.1
8,4,1500,8,1,3,3,128541,121,6.4,2624293056,791323195.0,1669.76,30.6,4.4
10,7,948,4,7,4,5,44759,78,8.6,852999118,268327020.0,682.5,24.9,759.7
1,1,1376,8,3,3,8,205072,381,8.4,4621748678,1574610917.0,2414.88,22.5,287.2
4,2,985,6,1,3,2,68000,60,7.6,1755569600,1030672989.0,4475.36,40.8,16.1
4,8,1421,7,5,2,3,63443,60,4.1,901563095,\N,4352.46,0.8,\N
7,8,126,4,5,2,8,123796,120,5.6,1724824908,1305763234.0,625.27,4.4,4.4
7,6,120,7,3,3,8,33178,28,6.1,789102234,566916354.0,2455.14,\N,497.5
8,1,1452,1,3,3,5,290492,1033,7.5,7370508270,3929506371.0,4087.25,29.4,455.3
5,2,1009,8,1,3,4,395060,1212,8.2,12575707943,6412808802.0,4183.3,37.1,14.8
7,8,1214,8,5,2,5,164037,171,5.2,1417673368,993277249.0,4674.9,-4.3,74.6
8,3,1452,5,1,4,8,101541,200,8.8,1428803719,715057555.0,1055.54,47.9,7.2
9,1,697,3,3,3,2,224099,500,7.5,4664060437,2556366710.0,2103.43,18.7,418.1
3,1,1516,5,3,3,6,478281,2004,8.9,12497673842,5796053088.0,4774.39,27.4,346.7
3,5,1035,1,4,4,6,306211,402,8.9,6935832255,2313368553.0,1391.16,31.5,586.5
4,6,1536,5,3,3,7,247064,726,8.0,3441107392,1188224487.0,1707.4,23.4,583.4
5,6,814,5,3,3,7,106825,349,7.0,1590517425,1199896068.0,1167.01,15.4,\N
10,7,310,3,7,4,6,174484,548,9.3,3415786026,921609585.0,2716.58,28.5,835.0
1,3,1012,8,1,4,2,416121,1770,9.7,6910271774,3468016744.0,2672.2,45.4,1.0
7,5,1058,1,4,4,2,97614,310,8.8,1303107854,816708824.0,4094.91,23.3,678.2
9,7,1019,5,7,4,5,290617,327,8.1,5418902705,2806707410.0,2093.45,25.4,479.7
8,2,825,6,1,3,2,21802,49,7.4,333479031,163831266.0,1288.61,46.3,4.2
5,7,2045,7,7,4,7,223647,222,8.7,3788334168,1583838302.0,4162.19,20.3,559.7
4,2,1117,5,1,3,5,47397,124,8.6,1169037525,321311166.0,3265.08,40.3,16.9
7,3,628,2,1,4,6,299817,859,9.1,6133296405,4561983658.0,823.47,45.9,13.7
5,8,1157,5,5,2,7,234674,460,5.0,3951910160,2535536398.0,2872.38,7.4,35.1
7,6,989,3,3,3,1,243548,193,6.9,3611354098,2844076721.0,2326.35,22.5,363.7
1,8,1492,2,5,2,1,248835,293,4.8,3804189480,845279411.0,4236.59,2.6,37.5
1,2,1829,6,1,3,7,449651,1389,7.8,7502067214,4670009400.0,3028.17,40.2,28.6
10,3,2078,7,1,4,7,421666,1052,9.1,7271419336,5761855749.0,3966.19,41.9,0.8
3,8,1993,6,5,2,1,300204,787,5.9,5628885040,2331518392.0,2344.49,5.0,40.7
2,7,1085,6,7,4,3,331893,1074,8.8,7774792660,3964754357.0,4903.01,23.5,434.2
2,2,340,1,1,3,1,159896,504,8.8,5522807840,3160366389.0,4008.97,\N,22.8
7,4,1860,6,1,3,1,238672,367,6.3,4426697318,1517361195.0,3013.08,40.8,6.0
10,1,1326,4,3,3,5,110346,149,7.3,1348450189,543155402.0,4073.47,18.2,378.5
2,7,77,3,7,4,5,78024,292,9.8,1250178552,509892019.0,1635.69,21.6,834.3
4,6,1657,1,3,3,6,158848,195,6.2,3192908339,906311075.0,4888.35,27.4,234.6
2,8,1573,2,5,2,7,125030,259,4.6,1246324046,360142240.0,2104.19,-1.2,76.7
6,7,92,4,7,4,2,201524,912,9.6,7407699801,4441980733.0,1883.42,26.9,513.0
8,4,1875,1,1,3,2,12240,32,7.2,278131968,138007299.0,3948.45,40.0,5.6
10,3,466,3,1,4,2,410403,387,9.1,13911635692,10550598030.0,3171.39,49.8,5.2
4,3,1353,2,1,4,6,377850,1447,8.4,7249278960,3732450756.0,3853.09,45.7,2.9
5,7,1309,3,7,4,5,30098,48,10.0,679010880,371264080.0,3908.78,26.4,607.5
4,4,947,3,1,3,5,381362,715,6.2,7254115419,4189592570.0,3200.97,33.2,4.6
3,8,554,2,5,2,1,189856,137,5.5,2617829456,1664665318.0,4230.35,-3.1,42.0
5,7,2041,6,7,4,4,97835,295,8.1,1809986634,517172950.0,3645.8,27.6,517.6
9,1,2157,5,3,3,5,350899,843,8.4,11521979204,5741073230.0,2908.48,20.9,555.7
8,1,92,3,3,3,6,203273,889,9.0,3711968253,2001309954.0,3817.7,22.4,460.7
8,5,1003,6,4,4,8,175410,361,8.6,2374419924,1090375911.0,2514.26,33.5,584.9
8,2,368,7,1,3,8,377411,367,8.7,8487784684,1787805342.0,2452.02,46.2,17.9
8,5,820,2,4,4,4,341775,1635,9.6,13120878960,10263067217.0,1731.28,30.9,470.9
7,8,423,3,5,2,5,326559,275,6.0,3374007588,1387505241.0,4243.44,\N,14.1
8,1,572,5,3,3,6,74330,213,8.1,1286027928,546536344.0,1531.63,25.1,505.3
8,4,1264,7,1,3,5,386252,912,8.0,9362748480,7068393155.0,1294.27,36.6,9.3
8,2,435,2,1,3,3,389761,446,8.5,7195767582,3543661588.0,1136.91,45.6,18.9
10,8,1424,8,5,2,4,474597,925,5.2,4486650199,2946242614.0,3319.46,7.4,18.9
7,4,1634,1,1,3,7,65608,54,7.7,992681844,225521770.0,1037.45,43.8,2.7
1,8,1754,1,5,2,8,35718,91,6.4,846716620,505891351.0,4344.42,3.6,54.4
4,5,468,8,4,4,8,337327,856,9.2,12062948450,6190384453.0,3505.44,33.8,615.9
4,3,1194,6,1,4,7,487488,1642,9.3,7870396262,3644629965.0,3959.63,47.3,3.6
5,4,1843,1,1,3,3,242933,550,6.4,4176115443,3087160611.0,747.08,41.5,1.3
10,5,792,4,4,4,1,415014,1608,9.2,13569629755,10193445405.0,124.13,30.3,470.3
6,5,1707,8,4,4,3,25815,63,8.9,732454158,150924016.0,452.28,28.0,525.4
4,5,73,3,4,4,3,497729,1011,8.1,9341228553,6670325998.0,3401.76,26.4,508.9
2,3,147,3,1,4,6,455317,1463,9.2,12885106846,5921437799.0,561.39,43.2,6.3
6,3,317,2,1,4,7,238661,880,8.2,7358395951,1989431911.0,2387.33,46.4,\N
8,7,606,4,7,4,1,178891,361,9.1,2778839126,1393069448.0,4024.9,28.6,806.8
8,3,575,3,1,4,4,167889,712,9.6,5960193811,\N,1820.41,44.6,16.6
7,2,1178,2,1,3,8,33830,129,8.2,1014196336,288305703.0,282.86,42.9,10.1
6,3,312,5,1,4,2,21894,25,9.9,772932639,506316146.0,4422.86,40.7,3.7
2,3,765,3,1,4,5,362647,684,8.5,9302983491,6948935742.0,3555.89,49.2,7.5
7,3,2182,6,1,4,8,350958,923,10.0,9079283460,3406481374.0,224.27,48.6,16.6
5,8,436,3,5,2,6,107720,96,5.9,1120471124,741471628.0,1656.24,0.8,62.0
6,4,358,5,1,3,4,458950,1460,6.4,4914069440,1385985714.0,1893.01,31.5,7.5
10,3,135,5,1,4,1,162153,332,8.8,4701788388,3521874091.0,4349.95,42.5,18.2
8,2,523,3,1,3,3,386957,954,7.4,5850093317,2322176680.0,474.97,45.8,11.3
8,8,804,5,5,2,2,15510,34,5.1,312528051,120756295.0,3861.27,-2.1,33.7
3,5,80,2,4,4,3,149298,428,8.3,4489525228,1564481415.0,4872.03,25.5,481.1
7,4,1477,3,1,3,5,182619,454,8.0,3721044744,1847816231.0,1958.67,30.2,5.9
1,1,2041,3,3,3,1,455543,1885,9.0,7515092871,4097735528.0,167.62,21.2,373.3
1,8,368,1,5,2,8,137800,213,4.5,1336935600,547920154.0,1238.74,5.6,76.2
7,3,1007,6,1,4,8,293878,1163,9.4,4273515100,1831223456.0,677.24,40.8,4.1
10,8,993,3,5,2,2,381432,779,5.6,5008965023,\N,3955.66,8.8,1.9
9,7,596,7,7,4,4,346846,517,8.7,11373184393,\N,1789.38,20.4,871.3
7,7,1897,1,7,4,4,229264,761,8.8,7402292620,2838317237.0,4496.71,27.9,501.4
10,8,1045,5,5,2,1,263018,718,6.6,3813813603,839003564.0,4573.9,5.4,56.7
5,5,1824,6,4,4,1,363270,1393,8.8,6818723208,3045592935.0,1875.27,31.7,474.3
8,5,2012,6,4,4,6,206694,180,8.4,2705045716,2095142448.0,3043.39,30.2,548.7
2,4,2000,5,1,3,3,161156,292,7.1,3370835589,1541258059.0,4723.65,37.1,5.1
9,7,411,2,7,4,2,356629,965,9.9,10524799385,8292565179.0,477.03,21.2,545.3
6,1,387,8,3,3,5,354311,401,8.0,6238708088,4000770031.0,3876.04,29.1,340.5
9,6,1749,8,3,3,1,288143,423,7.1,8142344893,3221384045.0,292.59,18.0,533.4
2,7,1022,1,7,4,2,140604,588,8.7,3723587611,2476460149.0,2246.07,28.4,599.0
3,8,2070,3,5,2,6,30589,28,6.3,688940752,166144745.0,2586.67,1.7,38.3
8,7,19,1,7,4,7,212104,453,9.8,3205230806,2168180365.0,2769.47,22.8,657.2
1,2,276,5,1,3,1,127452,426,7.3,2624657271,1312301673.0,4252.72,40.2,22.6
10,6,659,5,3,3,8,37991,126,6.8,709140006,364488339.0,1072.2,16.3,323.5
7,5,552,7,4,4,1,84471,309,9.8,2035599052,1060244209.0,2233.16,27.8,608.6
7,6,679,8,3,3,4,146441,267,7.7,4257801363,2103147814.0,1408.0,17.2,206.7
1,7,603,2,7,4,8,373050,1356,8.1,4577883075,\N,2972.28,21.5,407.4
9,5,365,8,4,4,8,145585,507,8.4,2617035960,1635212393.0,2812.83,31.6,680.2
8,6,1974,6,3,3,7,329727,936,6.5,7297682827,3179945524.0,3948.33,18.9,396.2
4,5,795,6,4,4,2,438654,1330,9.3,12050790418,6175369337.0,928.6,33.3,443.0
10,5,1359,5,4,4,4,494473,445,8.1,10105198569,6243809191.0,4089.63,23.3,523.9
5,4,1775,1,1,3,6,436112,591,6.0,9003968352,2776573441.0,1775.15,37.0,0.0
2,1,590,6,3,3,4,454320,1843,8.6,8623084464,6299521644.0,2865.13,24.4,254.9
9,5,199,7,4,4,7,265008,579,9.0,8185567104,2087721803.0,1180.57,25.8,358.9
6,2,2065,7,1,3,8,408590,1030,8.6,10850842912,2312688133.0,2413.63,45.2,26.7
3,7,218,3,7,4,6,434082,1349,8.9,15291059348,4796532421.0,874.37,25.8,864.0
7,7,741,3,7,4,7,383815,1346,8.8,5724984540,1525956466.0,3442.01,26.8,517.3
9,2,650,1,1,3,2,8321,28,7.5,101599410,62962897.0,274.82,40.5,0.7
3,3,670,8,1,4,6,267258,507,9.8,7118790991,4934057393.0,3025.37,44.1,8.5
2,5,1438,8,4,4,6,104834,336,9.4,3578131187,1039806509.0,3767.93,32.9,547.3
7,8,665,2,5,2,4,214415,192,4.5,2754696712,1809841059.0,4414.47,0.3,15.8
7,5,856,3,4,4,7,173982,768,9.6,4309186176,2055563963.0,4097.42,22.8,537.6
4,5,895,1,4,4,3,288765,907,9.0,4371324570,1174605925.0,4477.8,23.8,661.3
9,8,1894,1,5,2,7,234662,349,5.4,2327800107,1566555127.0,3091.59,-0.2,60.1
8,6,1187,5,3,3,5,98294,260,7.4,1579132427,492616643.0,306.69,21.8,275.0
1,5,1843,6,4,4,5,488895,1562,8.6,15922430139,6730148776.0,4854.34,33.8,334.1
1,5,2149,5,4,4,3,439744,509,8.2,12927154368,6626705771.0,3901.39,23.7,319.4
5,2,327,6,1,3,8,7258,12,7.1,111566346,44173246.0,2986.01,39.5,16.5
6,1,2058,2,3,3,1,155423,143,8.1,3906448308,2061343126.0,2324.42,21.9,505.0
3,1,183,2,3,3,8,384553,1412,8.9,11071857699,7687927379.0,532.79,\N,615.7
9,3,455,2,1,4,4,196245,363,9.3,7249211802,5303121178.0,101.81,43.6,10.1
10,2,1670,1,1,3,5,65460,73,8.1,1568408508,970284158.0,2204.15,45.8,1.0
6,5,6,1,4,4,2,78041,269,8.2,2048435776,1156184737.0,4868.34,\N,\N
4,1,1357,8,3,3,6,306508,1112,8.3,8415606251,4226607148.0,2652.41,22.6,604.8
7,4,211,5,1,3,6,297670,201,6.4,4817967552,3176394571.0,1991.82,32.2,4.1
8,4,51,3,1,3,1,94476,155,7.5,2236246920,681479225.0,2303.49,31.4,2.0
9,4,1469,7,1,3,8,463794,1394,7.5,5913373500,2655069279.0,1527.27,39.2,1.3
6,5,1010,6,4,4,5,229945,858,8.4,4121902092,\N,4884.87,\N,677.8
6,5,377,6,4,4,7,75552,172,8.1,2241038534,958952818.0,709.5,24.2,535.3
8,8,1075,2,5,2,4,241207,521,4.6,2628529161,1125877256.0,3491.09,5.5,48.7
5,3,154,8,1,4,5,497933,1302,8.3,15390710683,3487455573.0,2284.78,48.1,12.0
3,7,582,6,7,4,4,387853,1194,9.2,11097250035,5977321838.0,805.17,24.7,697.7
3,3,788,4,1,4,1,243341,354,8.2,7281200733,3883054263.0,2959.45,42.5,6.7
6,3,791,2,1,4,7,424897,1376,8.8,13060653944,9811183631.0,2993.96,43.5,7.2
2,6,2182,7,3,3,7,172465,243,6.9,2615638683,691245146.0,939.77,16.1,516.2
6,4,163,6,1,3,7,237267,585,7.9,6483581768,3394814457.0,2331.83,37.3,1.6
6,5,971,5,4,4,6,131939,457,9.7,4714813777,2087480566.0,4498.3,24.7,385.4
8,4,648,6,1,3,3,379215,696,7.6,4931160174,1182427967.0,614.69,43.5,1.8
7,3,1526,1,1,4,6,431792,1452,8.0,10894975744,5604571893.0,4878.87,40.4,8.9
8,5,946,5,4,4,4,416629,1368,9.0,6355675395,3404904766.0,90.71,26.2,\N
9,2,689,5,1,3,4,169416,126,7.2,2656713945,1813589845.0,3132.93,35.9,13.9
6,8,2163,5,5,2,8,354529,662,5.7,6543399941,4449999952.0,2829.81,9.1,2.1
3,1,1523,4,3,3,1,285953,305,8.5,7085200457,1747421421.0,106.45,19.0,401.2
10,1,1496,4,3,3,1,449688,715,7.2,8732221459,5452639024.0,3120.82,25.3,390.6
3,3,2048,6,1,4,2,381045,1378,9.8,12726293328,4822218807.0,3994.19,49.3,12.0
1,7,1173,2,7,4,6,322552,620,9.8,5661368193,1697156023.0,339.37,27.3,600.0
5,4,123,8,1,3,6,127321,132,7.3,3142447797,2414047662.0,2533.68,31.3,1.9
4,2,804,6,1,3,1,331381,631,7.7,7006786140,4119016259.0,3663.88,47.2,24.9
9,5,1093,6,4,4,5,346484,811,9.6,12230608012,4767886936.0,3975.38,23.2,505.7
9,7,63,8,7,4,4,222371,288,8.9,6823943351,4804481085.0,4122.87,27.9,423.2
5,4,733,8,1,3,7,273929,663,6.2,3119886952,862775909.0,453.82,36.1,2.8
10,3,1658,6,1,4,3,76316,103,9.2,2452460449,870717107.0,3334.35,45.3,9.8
4,4,948,8,1,3,1,49804,140,7.3,665695205,487003413.0,3617.19,39.0,2.1
7,3,479,7,1,4,7,447521,1440,9.4,16246265358,\N,1410.03,46.6,15.7
6,6,1138,1,3,3,4,24401,64,6.8,513377519,204534434.0,4877.22,22.3,391.2
4,1,1997,5,3,3,3,351740,769,8.7,4963543835,3325290096.0,3605.66,29.9,324.0
10,7,1404,3,7,4,2,274864,877,8.4,6788041344,1800175129.0,4589.5,25.2,836.3
2,1,977,7,3,3,8,309336,622,7.9,7531651060,4111925152.0,3485.66,29.8,425.8
1,4,237,2,1,3,5,140834,430,7.8,4046893156,1603965498.0,693.85,44.0,8.0
4,2,1955,2,1,3,2,39741,114,7.4,707270577,225719768.0,1332.6,46.4,17.3
4,5,598,5,4,4,1,331970,359,9.3,8925445011,6242444733.0,2145.36,29.2,798.5
1,3,1703,2,1,4,5,236772,428,9.9,8117420216,4347606353.0,2171.9,49.7,16.2
6,5,2177,5,4,4,2,299510,444,8.8,4596639872,2260871832.0,3245.75,22.6,666.4
4,1,165,2,3,3,4,488699,620,8.0,8526820152,4866635285.0,2917.18,25.9,501.8
1,8,570,6,5,2,1,155532,391,5.8,2489756256,1643166171.0,474.57,5.4,75.6
1,2,141,1,1,3,6,427543,1098,8.0,10760402224,\N,4210.73,43.3,4.9
1,2,686,7,1,3,2,445726,819,7.3,12660535021,3616315509.0,4274.09,46.6,11.6
8,5,687,7,4,4,5,307695,562,9.9,10283905368,6187872597.0,4263.58,22.1,481.8
10,1,2039,2,3,3,5,143585,296,7.2,3679336908,2653445943.0,1138.29,28.3,684.8
8,8,1075,7,5,2,8,221093,614,6.7,3186325988,1865111775.0,1628.51,-1.8,42.1
2,5,1527,2,4,4,6,252210,882,9.7,8929495050,3341375701.0,3692.72,25.7,442.8
7,4,1283,8,1,3,7,10133,22,7.2,214276471,64619401.0,2057.5,31.3,8.4
8,2,922,8,1,3,3,363214,1392,8.0,10231011952,4124300461.0,2264.93,35.6,25.7
8,2,1342,8,1,3,5,412348,1187,8.0,12980715040,5266272992.0,3004.39,36.6,23.6
10,4,1690,3,1,3,5,316285,309,6.5,4087034770,\N,214.37,37.2,1.0
7,1,364,7,3,3,8,172046,482,8.0,2938545680,1945743297.0,201.71,20.3,582.0
5,2,1079,1,1,3,7,107596,269,7.3,2573922271,2039274598.0,347.05,38.8,17.3
1,7,1068,7,7,4,1,260864,1156,9.5,5890700416,2013100155.0,1152.74,21.6,\N
9,8,2031,6,5,2,5,41254,70,5.1,417424473,264023590.0,4907.93,-2.6,22.9
7,6,2062,1,3,3,3,329015,976,7.4,8450881881,4135308157.0,536.1,25.7,470.7
2,6,1381,7,3,3,5,195183,660,7.6,2500996888,1834561911.0,4425.5,17.4,327.7
6,6,1507,1,3,3,3,238467,629,6.3,2303090439,1721769857.0,643.71,\N,459.5
2,3,618,7,1,4,7,338700,901,9.4,7048888920,4037402636.0,3697.17,48.0,19.0
1,7,359,2,7,4,4,198115,258,9.0,3410945955,845670397.0,3201.34,27.7,\N
7,3,1342,4,1,4,3,402674,739,8.9,6156965994,\N,3654.03,46.4,2.0
2,1,1983,8,3,3,1,361380,521,8.9,5985500802,4005967742.0,478.99,20.4,441.3
2,4,1615,2,1,3,2,287619,588,7.1,3763580900,1444624332.0,3771.51,42.9,4.8
5,5,194,5,4,4,6,392538,1411,9.3,10871496925,6845309267.0,1667.32,24.6,398.7
5,7,363,8,7,4,2,103925,104,9.6,2798492400,1695793974.0,1296.48,23.7,835.7
7,8,1120,7,5,2,4,33596,71,6.6,491583391,168139129.0,3141.56,7.5,30.1
1,1,1064,3,3,3,1,349294,411,7.7,9340855077,3698710317.0,548.52,22.0,546.6
8,5,107,1,4,4,4,288991,839,9.8,9555545213,2426825101.0,1244.47,32.7,470.0
3,1,527,5,3,3,4,47986,139,7.3,719511681,556168553.0,2786.3,27.9,554.6
4,3,1953,6,1,4,8,67648,204,9.7,1956089273,482779852.0,3909.58,47.7,15.4
9,6,784,8,3,3,5,356929,253,6.2,3511967202,2286339737.0,4351.11,19.7,395.6
4,4,1783,5,1,3,5,422719,1390,7.1,6203697228,3921304781.0,2160.98,39.8,7.7
10,3,1750,8,1,4,1,293526,794,9.3,9071098151,6014682076.0,4881.31,44.9,14.7
5,4,1067,4,1,3,2,184969,609,7.4,3660092584,2218119019.0,3879.61,42.0,2.8
7,7,1866,7,7,4,3,2504,11,9.5,89395304,43093060.0,2042.27,21.9,817.3
4,5,1465,1,4,4,5,465955,1517,8.5,14899843035,5939865247.0,1987.92,30.7,448.5
1,1,1006,2,3,3,1,105573,115,8.3,2431610122,1470957145.0,2227.13,28.6,452.5
9,2,1635,1,1,3,8,153580,527,7.3,1840902028,637939920.0,3748.62,35.5,16.8
4,2,94,8,1,3,1,187443,730,9.0,4664519055,3610610662.0,1633.03,41.9,7.0
9,4,2044,3,1,3,7,347574,1024,7.2,9004113014,4970260462.0,556.14,36.1,6.2
6,6,89,1,3,3,2,201353,238,7.4,5834887775,2828084698.0,2836.04,19.7,267.9
1,6,1954,5,3,3,1,272444,491,7.1,3860967390,2413659921.0,3103.45,15.7,485.0
3,4,2042,5,1,3,6,314914,269,7.5,8977410855,3505485278.0,4704.62,38.8,9.2
2,3,1446,2,1,4,1,180507,611,9.4,3223855020,2194004403.0,716.27,49.9,7.9
9,2,526,2,1,3,2,99165,375,8.4,3167845758,2253634611.0,2690.42,36.7,26.1
1,3,1831,2,1,4,5,232297,696,8.4,5288008908,\N,1120.8,44.7,10.8
9,5,555,6,4,4,8,48374,115,8.0,660595344,377292370.0,3793.41,34.4,583.7
9,2,681,7,1,3,2,299602,1015,7.8,9120903526,2422267707.0,1801.39,39.6,12.5
8,5,1498,3,4,4,8,433752,863,9.4,15819802944,11183499395.0,3207.83,32.3,724.4
8,1,1632,6,3,3,4,298873,505,8.3,5636027484,1971842581.0,903.4,22.4,448.1
1,3,203,8,1,4,5,217473,727,9.9,6069258231,1311113835.0,2926.42,46.4,17.1
8,4,447,6,1,3,8,211014,679,6.6,5070793028,1213769418.0,125.58,34.8,6.1
10,2,1116,6,1,3,4,15789,37,8.1,340445575,258252918.0,4211.69,43.2,14.6
3,3,778,8,1,4,1,272965,703,9.9,7804396908,3170585071.0,2972.58,43.3,14.3
7,4,1687,1,1,3,4,360941,689,6.8,5932281899,2292208616.0,1141.52,30.9,10.0
1,1,829,4,3,3,2,152684,123,7.4,4173708750,2497876082.0,1706.04,\N,403.5
1,2,559,8,1,3,2,474583,914,7.3,12350785283,6843664979.0,792.38,46.2,6.1
10,5,2023,7,4,4,7,273296,822,9.5,7659120400,4695189546.0,3381.4,30.9,797.5
5,1,103,1,3,3,3,412150,924,8.6,11147421050,5085018419.0,1904.64,18.2,350.6
5,6,1297,8,3,3,7,258560,324,7.7,5749753856,3863723841.0,4773.9,21.4,237.7
8,4,1558,2,1,3,7,86679,232,6.9,2271527209,1651972010.0,4478.72,42.8,5.6
7,8,116,8,5,2,8,267356,175,4.9,3736246628,1078063044.0,4080.04,8.1,57.9
8,2,859,3,1,3,6,10060,30,7.3,242418838,65630296.0,1361.27,35.2,14.3
6,2,104,8,1,3,7,106831,116,8.2,1720491888,1330919705.0,1492.51,41.0,14.4
6,7,1332,6,7,4,8,53913,99,9.2,1024735173,267789542.0,2073.83,21.5,656.4
2,7,929,1,7,4,1,339518,1399,8.4,4280778751,2085423166.0,4595.48,22.2,888.5
6,1,807,7,3,3,2,350767,625,7.8,4186053378,2032517631.0,2394.71,27.0,366.1
5,2,560,5,1,3,5,55516,184,8.9,1825671418,1363669569.0,524.25,\N,19.0
3,4,2075,7,1,3,7,23409,71,7.0,401300487,169818866.0,1204.93,35.9,7.1
6,1,527,6,3,3,7,294460,780,8.5,6943072340,3333899936.0,285.66,21.4,282.0
8,5,953,7,4,4,7,212233,601,9.8,5492972059,3727999821.0,334.58,23.9,581.4
9,1,298,1,3,3,2,353416,399,7.1,4501600958,1835345101.0,4618.28,18.9,\N
1,1,777,5,3,3,5,415342,709,7.9,6096472944,1448439882.0,3104.09,\N,507.2
3,8,361,8,5,2,1,21446,55,6.4,246234393,54257296.0,551.5,\N,64.4
3,5,504,1,4,4,6,401172,917,9.1,6866901241,4383267499.0,2939.29,31.8,688.6
8,6,1977,8,3,3,3,320503,296,7.1,6166798222,4187937483.0,4858.23,15.9,229.0
1,7,2078,1,7,4,3,326612,1033,8.4,5476107436,1138166265.0,125.19,23.7,680.8
5,4,1463,8,1,3,4,137952,311,6.4,1585675468,1134311704.0,3737.97,44.9,7.2
3,6,2174,6,3,3,2,468163,1321,7.2,9825805044,4873881634.0,922.99,24.4,303.3
2,6,596,8,3,3,1,352927,558,6.4,3817258432,828678692.0,1916.63,16.5,306.6
8,6,1590,1,3,3,4,46964,123,6.2,903230433,482626845.0,614.78,15.3,579.0
3,7,1390,2,7,4,1,362417,964,8.7,8563623776,2269645149.0,81.97,27.1,709.7
7,3,1876,7,1,4,1,427657,975,9.6,6560600505,2609403058.0,547.14,\N,7.6
1,7,263,5,7,4,4,145619,455,8.8,2758955821,835186393.0,2885.27,29.5,851.4
6,6,1864,8,3,3,1,300078,265,7.0,6379358202,3326786061.0,4510.41,23.3,313.5
3,3,2,3,1,4,8,103704,419,8.6,1654389911,886040685.0,156.61,43.4,6.9
8,5,1934,4,4,4,4,198282,797,9.3,3431726058,2551463129.0,361.11,25.3,555.8
6,7,394,7,7,4,8,217236,196,9.0,3599383284,1013477162.0,856.27,29.6,503.2
2,4,306,6,1,3,7,201316,559,7.5,5713348080,2857246803.0,4866.76,40.4,5.4
6,6,1170,5,3,3,7,308955,630,7.0,3304582680,1810913093.0,892.6,22.8,387.9
7,2,530,2,1,3,6,207241,239,7.1,3319503441,1431629235.0,2373.7,38.2,0.0
5,5,528,5,4,4,2,496051,473,8.1,8011918121,2065213314.0,257.22,33.1,369.1
3,3,965,3,1,4,4,367579,1075,8.1,10408955090,7372725290.0,4260.88,49.4,17.8
4,7,671,6,7,4,2,302513,279,9.1,5114829301,2494120015.0,4740.33,20.1,459.7
4,4,958,5,1,3,7,354153,484,6.8,7395706268,2946757285.0,3793.32,35.5,5.5
6,1,1714,7,3,3,3,463273,1528,8.5,8844344843,1837085046.0,2838.18,25.4,616.2
10,4,721,2,1,3,4,402605,823,8.0,9578778160,7095940770.0,1281.87,31.8,\N
1,4,636,6,1,3,7,133346,228,7.0,3640345800,2513411002.0,935.48,41.7,6.8
4,6,1039,2,3,3,8,22250,69,7.5,626115000,\N,2602.23,25.0,422.8
10,6,557,6,3,3,6,142975,396,6.4,3004076320,1024679525.0,1488.34,25.0,290.6
4,7,1118,4,7,4,3,228451,710,9.5,4149583964,1790181013.0,3368.71,24.9,752.2
10,7,2155,3,7,4,8,495493,888,9.6,15568786454,8209196453.0,1362.21,25.3,715.3
1,8,128,4,5,2,4,430547,700,4.5,5324144202,2565789564.0,892.59,7.9,40.0
9,3,1994,7,1,4,1,224438,344,8.4,3319976671,2193614295.0,2928.67,46.9,3.7
4,8,38,7,5,2,8,319919,380,5.2,6055426832,4670009229.0,3816.16,6.8,38.2
7,7,1633,7,7,4,8,465520,684,8.8,8713417152,3903457069.0,415.13,23.7,780.0
3,3,198,1,1,4,3,29410,107,9.2,600669840,156357706.0,3114.65,44.5,5.5
10,6,2055,7,3,3,5,388577,304,7.7,9197539874,6772361096.0,4086.72,24.6,327.2
3,6,519,2,3,3,5,185332,166,6.5,4060902118,2868002969.0,81.37,15.2,209.7
8,2,1025,4,1,3,5,199788,221,7.2,3437951904,2503575376.0,1158.46,46.2,10.8
8,2,1086,2,1,3,3,89164,217,7.3,1578425710,735698883.0,1527.96,43.2,9.5
1,5,1042,6,4,4,2,266247,1076,8.9,5556708013,2232766780.0,119.53,29.7,348.6
10,6,620,8,3,3,4,151300,306,6.9,3123558240,2402360840.0,3406.04,27.5,417.1
2,1,1395,2,3,3,1,210596,663,7.7,2539408687,1581009106.0,2125.96,18.4,536.7
8,2,1595,1,1,3,1,92041,308,7.6,2125116240,890622874.0,3254.52,44.3,28.8
1,3,1723,2,1,4,7,125541,360,9.5,2677475677,721502184.0,2054.4,47.4,13.9
8,4,235,6,1,3,3,30100,56,7.3,605575880,218942032.0,910.98,41.9,1.7
8,7,447,8,7,4,5,334093,1381,8.6,11015848033,2700159435.0,2603.03,25.7,514.6
2,7,610,6,7,4,6,303630,1046,8.1,8871066621,5975017068.0,3630.09,22.2,671.3
4,5,8,4,4,4,7,282799,1013,8.6,8697087326,2298218920.0,815.77,23.5,685.5
6,2,462,7,1,3,1,124821,398,8.8,3568782175,801863582.0,1801.06,47.7,25.6
9,4,1000,3,1,3,6,302154,211,6.0,3299521680,909338879.0,3685.55,31.9,5.2
8,4,1335,5,1,3,7,226371,529,6.3,3071899744,2288412111.0,3299.13,36.5,8.6
8,2,134,8,1,3,6,309185,1041,7.9,8851842876,2414900176.0,4997.74,38.7,17.2
7,1,56,4,3,3,1,191143,688,7.7,3823739257,1547729147.0,908.73,21.6,374.0
9,1,993,8,3,3,2,238634,874,8.7,3234588416,1368230451.0,1753.22,26.4,694.4
2,5,1384,1,4,4,1,329703,1358,9.2,9958217530,2269869318.0,1030.55,\N,588.3
3,8,1995,5,5,2,7,133936,214,5.9,1190074934,653830426.0,1258.57,-3.7,52.2
10,1,1112,2,3,3,8,319397,573,7.5,3744131332,2935795141.0,1018.76,18.3,524.1
8,5,2186,4,4,4,8,366300,365,9.4,12739914000,6768011344.0,4946.02,32.0,687.0
6,8,1524,5,5,2,1,333234,980,6.2,5508091432,1428930600.0,3249.44,2.1,71.8
10,8,144,7,5,2,4,360883,700,5.5,5003823236,1022808773.0,468.98,1.7,72.7
9,3,2104,7,1,4,1,70001,304,9.4,2132608465,936828214.0,2626.79,40.7,8.0
10,8,620,4,5,2,4,200800,628,6.5,2650861200,1284823151.0,459.96,-3.0,\N
4,2,1887,7,1,3,8,38349,157,8.9,948489651,537147210.0,1983.12,35.5,9.5
8,8,1030,2,5,2,7,2273,2,5.5,40929911,25343590.0,3218.7,10.0,49.1
10,4,2021,6,1,3,5,445805,549,7.4,9369037880,4447223800.0,284.9,36.9,6.8
3,5,1409,4,4,4,2,119078,434,8.2,2514331969,1141972109.0,279.56,\N,351.9
3,7,639,1,7,4,7,155492,544,9.9,5751089308,2015321315.0,1290.46,21.0,\N
8,1,1657,5,3,3,6,327822,643,8.5,5885060544,2372248866.0,3312.4,29.3,\N
5,7,837,5,7,4,7,253595,351,8.3,5779886521,1348962252.0,4626.62,21.9,831.1
3,5,1586,5,4,4,1,230967,498,9.2,3399834240,943164328.0,1395.42,23.1,458.9
10,6,780,4,3,3,2,81148,222,6.3,1384928571,900462148.0,4784.56,15.1,553.7
1,5,837,2,4,4,7,287147,519,8.9,9785424180,\N,2764.14,28.2,466.5
3,1,265,4,3,3,8,137678,364,8.6,2098102577,949281114.0,2538.75,24.3,395.4
9,6,1217,4,3,3,6,320734,298,6.2,7351672307,3592319437.0,560.85,22.1,569.3
5,6,1398,7,3,3,7,141338,440,7.4,3806034466,769443361.0,4779.54,19.2,436.5
10,8,2058,6,5,2,7,211074,491,5.5,2968439199,1941994213.0,3967.77,5.6,43.9
2,1,302,5,3,3,2,365388,739,8.4,11273389041,5751792131.0,66.05,22.5,663.9
7,6,1978,2,3,3,8,53253,71,7.5,1530890617,353242802.0,3974.99,22.7,565.6
2,2,805,3,1,3,6,158247,357,8.2,3920126333,1833028168.0,2789.04,45.7,28.1
4,4,1076,8,1,3,6,36784,133,8.0,633567616,147504035.0,543.73,31.9,7.3
7,7,1776,2,7,4,2,405713,955,8.8,13727705068,\N,3521.27,26.0,840.1
4,2,99,7,1,3,3,314648,1027,7.1,4139603482,2965660944.0,3347.06,35.5,22.4
7,2,1414,4,1,3,4,345155,1426,8.9,5019451103,\N,3425.92,47.3,16.0
7,1,1978,1,3,3,6,197800,623,7.7,5288064320,3990464777.0,4384.37,20.6,608.2
1,8,357,2,5,2,6,444031,595,4.4,7269853144,4558269612.0,3812.43,-1.5,3.3
6,1,1664,5,3,3,6,143556,417,7.9,1999404901,1337473985.0,4559.37,22.7,447.8
9,7,11,1,7,4,6,25484,40,9.4,771110162,331538231.0,1941.47,22.2,\N
2,4,81,3,1,3,2,461634,741,6.8,4758892579,1030002276.0,2832.78,31.1,\N
3,5,2054,3,4,4,6,349964,980,9.9,6052732369,\N,4929.72,33.5,672.7
10,2,222,8,1,3,8,336776,457,8.2,4879682174,2766813665.0,2971.2,42.6,20.9
5,6,1941,1,3,3,8,129645,394,6.3,1269250479,329417334.0,2140.88,17.4,219.7
9,4,1947,7,1,3,8,497862,756,6.7,5300388210,2863006435.0,2362.52,\N,1.2
4,2,515,3,1,3,5,88395,183,8.2,1455476711,1100391156.0,3706.74,37.8,18.4
1,5,221,1,4,4,1,218234,314,9.8,6961446366,3947718155.0,1857.55,26.8,375.2
4,8,228,4,5,2,7,378815,367,4.7,5635062532,4191360794.0,288.14,0.5,\N
6,6,293,1,3,3,8,64676,77,7.4,1392732984,501145941.0,4577.37,24.3,233.5
5,2,956,4,1,3,8,448026,1306,8.7,9873193764,2174156318.0,2435.41,45.8,3.0
1,3,1498,8,1,4,8,404030,1197,9.0,8327058300,6097252655.0,2617.93,40.7,19.8
4,7,1281,7,7,4,6,91476,109,8.8,2270068416,1776683848.0,1841.67,26.4,503.9
6,4,1979,5,1,3,2,329764,1059,7.2,5126115427,3034669647.0,4604.57,41.2,1.4
10,7,1530,5,7,4,7,335593,1381,9.9,12608396806,7937022364.0,963.73,26.1,890.5
10,1,388,3,3,3,8,279770,771,8.5,6549135930,3997268683.0,1984.07,\N,662.5
4,2,189,6,1,3,6,496533,1110,8.7,12505928404,9575706643.0,1927.59,37.8,0.5
9,6,918,6,3,3,8,405746,924,6.7,4996599691,1033582536.0,2539.3,18.9,558.5
5,6,1202,1,3,3,8,454334,397,6.1,7990054024,2067960159.0,4847.14,26.7,526.2
8,4,924,7,1,3,2,390275,362,7.4,10965868895,4916651671.0,1041.07,34.8,1.4
9,4,1622,8,1,3,6,140627,329,6.2,1393276065,887095051.0,3193.32,32.7,5.6
10,7,760,4,7,4,1,20866,20,9.1,645214278,313664672.0,2811.47,25.9,\N
5,6,1478,5,3,3,6,494875,1111,6.9,6900982387,5271758601.0,1348.72,27.1,206.3
6,6,1066,7,3,3,5,348610,1004,7.3,8291131074,2154167152.0,2096.15,15.0,213.6
1,6,194,5,3,3,6,30714,57,6.7,692462487,451126313.0,2140.28,26.4,527.2
7,2,1351,5,1,3,8,299096,1009,7.8,5886029822,1295326071.0,1196.57,39.9,11.3
4,6,1397,3,3,3,6,307995,694,7.8,5811311259,2809878083.0,2448.2,\N,291.4
2,1,1489,5,3,3,7,484277,1671,8.0,13211076560,9230727258.0,969.51,27.1,372.5
5,6,163,8,3,3,8,131385,272,6.4,1557280128,1106076155.0,1072.05,17.2,\N
3,1,276,6,3,3,7,358103,444,8.6,4693441159,2251457065.0,4252.62,27.6,595.2
6,2,364,8,1,3,8,371290,1154,7.8,10281020100,7468519946.0,4672.39,42.9,1.9
8,4,1666,2,1,3,2,491993,1796,7.8,10526387032,2604106721.0,1978.73,\N,4.2
7,8,2003,3,5,2,2,476751,582,6.3,9193809309,5001067992.0,101.72,-0.0,33.1
3,1,460,1,3,3,6,68873,107,8.9,1290914188,869733333.0,4456.85,20.8,622.6
8,2,2133,2,1,3,5,397144,1214,8.0,5547307392,1550221871.0,3966.65,47.5,1.2
2,8,1732,3,5,2,2,351608,910,5.3,3516466768,2475253780.0,2109.09,\N,1.0
10,8,1340,7,5,2,7,133765,234,5.7,2718171682,2168571295.0,3116.25,5.2,2.0
9,6,1366,3,3,3,5,20222,18,7.0,338172506,104496864.0,4574.72,15.9,454.1
4,2,657,8,1,3,2,395882,602,8.4,8629435836,6818559075.0,4938.5,43.7,3.3
1,8,1107,4,5,2,1,51178,130,6.6,805592898,276146885.0,2356.57,-1.2,0.2
8,6,1384,2,3,3,5,189179,259,7.0,5021567376,1250938886.0,2372.24,19.8,568.0
7,7,2136,2,7,4,8,435975,1502,9.9,13738313407,4621218618.0,4362.13,21.4,768.0
5,2,742,8,1,3,1,229566,491,7.3,2525478522,1468591623.0,3741.7,44.1,26.5
10,8,1996,6,5,2,1,212526,459,5.4,4154458248,3175737283.0,3990.81,-2.9,3.9
5,4,1522,2,1,3,8,413518,611,6.3,8706456082,4224538117.0,3114.01,33.6,8.1
7,1,1624,5,3,3,2,60880,52,7.6,862913120,369277692.0,1856.32,29.8,544.7
5,7,682,6,7,4,7,19596,20,8.2,592293019,232154982.0,994.49,29.6,775.4
8,4,1113,7,1,3,5,260781,563,6.4,3967209196,1530355913.0,4766.62,43.4,6.4
6,3,1725,5,1,4,3,65126,79,8.9,1202134783,719007383.0,802.72,40.2,16.0
5,6,899,6,3,3,1,181510,355,7.6,5039225828,1042193551.0,2265.81,16.5,437.1
9,8,601,1,5,2,7,365936,752,6.0,6040139616,4283216906.0,2415.07,4.8,66.3
2,1,1868,7,3,3,8,242037,420,7.3,3143261907,1282222226.0,4458.27,30.0,429.8
1,4,1200,6,1,3,1,174941,324,7.0,2386720063,1650888980.0,3564.98,42.5,4.2
8,1,483,1,3,3,1,306650,1001,7.3,3998041370,2548828240.0,1240.54,26.4,293.2
3,3,2011,6,1,4,2,312031,1178,9.2,8256090635,4010171526.0,1042.12,42.1,5.1
7,5,1143,1,4,4,2,243629,961,8.3,4881399369,2809455664.0,4738.31,32.2,665.8
10,6,169,5,3,3,1,145461,459,6.7,3687843640,1999758330.0,265.93,20.5,504.8
8,6,2022,7,3,3,8,380666,1080,7.2,7901712561,4717327539.0,4479.52,\N,233.8
6,2,439,7,1,3,7,149030,315,7.9,3606183231,2622376735.0,1129.24,38.1,11.4
10,8,160,6,5,2,6,111442,189,6.5,1976089544,1204812167.0,495.42,-0.5,77.1
9,6,814,4,3,3,2,340884,717,6.9,8067701628,4863081167.0,1455.58,16.9,244.3
7,6,586,6,3,3,2,208190,473,7.2,2946971088,1358301680.0,2783.42,22.0,273.1
10,4,864,1,1,3,2,427227,690,6.5,6453691062,2732458815.0,4310.23,37.9,4.3
5,7,1042,7,7,4,4,225627,472,8.8,3425017860,\N,3399.13,24.1,870.0
8,6,140,3,3,3,5,345569,238,6.3,4208304725,842087130.0,3877.09,24.8,\N
2,6,1139,5,3,3,7,8704,15,7.1,154990387,45258084.0,4573.28,18.2,464.3
7,8,328,4,5,2,2,458621,981,6.3,5827742909,2411286248.0,77.22,3.9,35.2
4,3,225,3,1,4,4,187748,558,9.5,4719421476,1414911009.0,3272.9,41.1,9.1
9,7,558,8,7,4,4,477486,995,9.0,9153406620,6162615109.0,1958.0,24.0,581.2
1,3,1574,3,1,4,2,349465,1218,9.5,5042954682,2134652141.0,3083.82,40.3,15.2
7,8,1742,5,5,2,7,167943,173,6.4,4269245414,3044673919.0,311.67,7.5,11.1
6,1,386,6,3,3,6,297672,826,7.2,6716909145,5323907986.0,794.4,27.1,651.7
8,1,521,2,3,3,4,127745,250,7.2,3129037128,2258602781.0,3603.87,27.8,422.9
5,6,1277,4,3,3,3,320971,1140,7.2,3593591316,1549304893.0,4413.22,25.5,509.7
1,6,1122,6,3,3,4,228891,616,7.9,5744774985,4218462567.0,2513.12,21.2,311.0
1,2,1834,5,1,3,5,270458,1016,7.8,6419428813,2671603253.0,1009.41,44.3,13.2
9,1,447,2,3,3,4,489912,1372,7.5,10144852740,\N,3697.09,26.1,425.0
10,4,1243,8,1,3,2,292089,334,7.9,4328875815,3333207052.0,304.57,37.8,7.5
6,6,107,5,3,3,7,321947,995,6.2,6175844911,4662262873.0,3658.32,18.5,\N
10,4,1500,5,1,3,6,338600,1034,7.6,6816830640,2998345253.0,4053.04,42.8,6.4
5,6,1478,3,3,3,1,338134,914,7.6,5065112066,1401697262.0,351.86,15.9,374.0
1,8,904,7,5,2,7,444156,965,5.5,6859545264,4871512698.0,2046.75,-2.9,\N
6,4,1632,6,1,3,7,337388,927,6.9,5335723742,3296319318.0,655.93,30.0,3.1
6,5,1150,8,4,4,3,346717,609,8.5,10479868042,\N,4111.44,33.2,580.8
3,4,1171,5,1,3,4,15668,12,7.0,369498444,184247888.0,4111.37,33.6,8.7
8,7,24,6,7,4,6,103386,108,8.9,2404313800,\N,4615.5,28.8,741.6
1,1,952,2,3,3,3,185223,441,8.3,5456058344,1975941327.0,704.86,29.1,293.0
1,6,1745,3,3,3,7,365433,468,6.8,6073204113,1941057119.0,3613.62,27.8,573.2
6,1,2040,2,3,3,7,296019,630,7.1,3730579447,2004604519.0,4450.95,20.7,341.9
10,7,120,2,7,4,5,233920,1028,8.8,3334763520,1299352736.0,2229.99,29.7,759.4
1,7,1676,3,7,4,7,98586,235,8.6,2923350940,949896629.0,1674.94,25.3,640.2
6,4,1321,6,1,3,4,499163,925,6.5,7394351100,5210841975.0,3586.72,35.3,6.7
1,3,855,2,1,4,4,291438,247,8.1,8500692727,4576397004.0,2062.18,40.0,18.8
6,3,1016,1,1,4,3,3336,11,8.3,42308486,21291475.0,2254.75,45.1,12.1
3,7,448,6,7,4,4,193048,752,8.2,3471504964,1025655060.0,3624.15,22.7,612.3
8,3,1936,7,1,4,8,407807,1757,9.9,11090433707,5476444183.0,2290.02,43.9,19.9
6,6,1744,7,3,3,7,255161,319,7.1,6922288285,3314608406.0,4130.07,\N,553.1
1,2,996,5,1,3,4,427250,1139,7.2,11935656000,9266678866.0,3540.39,\N,17.6
5,5,1943,3,4,4,1,275434,639,9.4,9835913400,7140847071.0,4737.01,30.2,486.9
8,4,1447,7,1,3,3,224648,268,7.3,3940752751,3020574202.0,2717.94,35.5,3.3
3,2,1085,3,1,3,2,48200,150,7.8,1008324720,319377975.0,3309.31,36.3,5.4
6,3,1725,6,1,4,8,459351,702,9.1,15483068546,4013866666.0,343.2,40.1,3.9
5,4,2132,1,1,3,7,241092,173,6.9,6108499785,1618781979.0,3875.75,40.9,3.6
6,2,186,8,1,3,2,171962,299,8.9,3318041182,834580610.0,3129.5,\N,2.5
10,1,72,1,3,3,5,182474,190,8.8,4333976468,1984572676.0,2430.35,23.9,305.0
1,3,74,1,1,4,1,61792,235,9.5,1534480736,339772403.0,4861.14,44.6,10.2
7,8,1921,1,5,2,3,413769,208,4.2,5976396682,1526754489.0,2007.62,\N,40.4
9,2,1365,4,1,3,3,33661,36,7.8,424815284,275148171.0,720.29,41.3,7.3
2,8,2144,8,5,2,1,287813,204,4.3,2956616605,890702364.0,1432.02,3.7,4.9
10,6,1482,3,3,3,1,355637,367,7.4,8871507219,\N,4558.11,20.2,461.5
5,1,765,2,3,3,5,75113,161,7.5,1131201780,367465916.0,1087.7,29.4,264.8
10,3,1097,3,1,4,2,467391,1479,8.9,11231405730,6368705981.0,4830.5,\N,5.0
4,5,212,7,4,4,6,3552,8,9.8,134016960,33428787.0,3413.41,30.3,772.1
6,7,724,8,7,4,3,435180,982,9.8,13630185744,9419733980.0,1049.09,26.1,738.8
6,3,1766,3,1,4,6,218728,448,8.1,3970372528,2123557758.0,378.64,46.1,4.6
2,8,751,3,5,2,8,184474,428,6.1,3127184800,630446131.0,2390.01,3.8,61.5
2,6,1518,8,3,3,1,264421,230,7.4,3641447359,2813079335.0,2538.19,22.6,394.9
4,5,1469,1,4,4,3,89353,373,8.4,1613715180,357594368.0,1776.67,23.0,564.1
1,5,394,1,4,4,2,457694,2162,9.7,17074823902,7251620458.0,274.32,30.1,310.2
9,5,512,4,4,4,3,144201,418,9.8,3082123333,937635316.0,4627.2,28.7,537.2
7,4,686,6,1,3,6,257949,216,6.0,4144724532,2176865268.0,3013.24,33.8,2.3
7,4,1739,3,1,3,3,490441,1087,6.9,12734153432,6049445731.0,2448.01,31.1,1.6
3,8,1721,5,5,2,1,238201,453,4.6,2421551365,1472951862.0,1815.71,6.8,12.5
3,7,1827,8,7,4,1,462177,1614,10.0,11975006070,8028529132.0,3400.54,24.4,880.6
1,5,1283,6,4,4,1,450215,1730,9.2,11125352907,6361879420.0,2664.31,33.2,303.1
3,7,1858,7,7,4,2,400536,754,9.0,8943568344,4321591706.0,4246.8,21.7,835.4
3,1,1313,8,3,3,7,275143,336,7.4,5906604838,3861766576.0,2805.72,24.9,426.8
4,5,1865,4,4,4,7,65529,183,9.8,1646560288,1166188140.0,2633.04,31.6,561.4
4,2,1412,8,1,3,7,197692,238,8.0,3275361056,1447428514.0,1032.19,38.2,5.6
3,5,1808,7,4,4,4,255888,944,8.6,4447486972,1883871145.0,415.18,31.4,\N
10,8,1569,1,5,2,2,336728,425,5.4,6020494603,1356409892.0,1095.07,2.7,16.3
8,4,1064,7,1,3,1,211896,510,6.2,5126272790,1075482494.0,848.7,40.3,8.5
8,4,998,3,1,3,5,368550,1349,7.9,7820409870,5718861096.0,3632.74,31.4,9.8
1,2,599,1,1,3,3,169536,265,8.8,3674591078,2716536483.0,1315.76,44.2,17.0
7,2,1084,8,1,3,3,208654,355,8.6,4739074840,2678595400.0,3395.1,44.7,18.3
2,3,722,6,1,4,8,403658,491,8.5,9085534264,4796498234.0,2928.43,\N,0.7
1,1,1155,2,3,3,6,247960,198,7.6,4415374128,3379862902.0,1291.27,28.8,\N
3,1,1709,1,3,3,3,75937,81,8.8,1973329256,1379037041.0,3080.25,26.3,690.3
4,8,17,1,5,2,7,4181,4,5.8,81746075,63780769.0,3493.8,4.6,35.8
6,8,992,4,5,2,6,402444,825,4.3,5719332906,1485833287.0,140.88,9.8,24.9
10,8,878,2,5,2,3,183192,316,5.3,3043826676,2427160021.0,2814.43,9.7,29.0
5,8,1447,6,5,2,5,369290,751,4.8,3704717280,1551903453.0,3872.31,-0.1,26.1
4,8,1466,8,5,2,6,272591,676,5.3,4883195174,2559504922.0,614.09,0.5,61.3
8,8,1679,5,5,2,1,478186,342,6.0,9003286008,2512182627.0,1990.16,5.3,52.5
4,1,1544,5,3,3,4,114751,252,7.9,2451264961,1345802938.0,1513.46,27.3,580.8
10,6,80,8,3,3,7,214379,346,6.7,3902533878,1336077947.0,3208.46,18.5,414.9
2,4,1272,5,1,3,3,44455,86,7.0,531192795,349064641.0,3820.22,34.4,4.4
3,1,1565,3,3,3,6,365786,394,7.3,10053445317,3833993959.0,4824.45,20.7,604.4
6,8,1296,5,5,2,4,84982,238,5.7,1597542625,610692085.0,2513.41,7.1,14.4
8,3,2181,3,1,4,6,223292,713,9.4,4552611271,2502338068.0,3606.11,41.4,14.8
8,3,1029,6,1,4,8,204898,858,8.7,6889797698,3432400805.0,2642.95,44.6,16.0
9,1,1566,6,3,3,2,47938,110,7.9,772190097,360400778.0,1824.93,21.5,381.4
7,2,1714,1,1,3,2,171067,326,8.7,5296798841,1844351818.0,1062.36,40.5,8.1
2,3,1010,8,1,4,7,169871,565,8.7,3455278062,1306625025.0,4445.12,48.8,14.8
8,7,773,5,7,4,3,311026,519,9.1,7010743758,3420433530.0,2942.51,26.0,490.0
7,2,2189,4,1,3,8,9933,34,8.2,314073513,167141290.0,3220.78,36.6,\N
8,7,483,6,7,4,1,492227,2310,9.7,12466485560,3784726958.0,3104.05,24.9,815.6
3,4,1586,2,1,3,5,53484,104,7.8,1457610148,576582809.0,1224.33,31.2,0.9
7,6,1582,2,3,3,6,265543,560,7.6,5951455933,4333313130.0,1648.41,21.8,202.7
10,3,1106,8,1,4,3,490548,742,9.8,8677303572,2626217823.0,4231.61,47.8,9.4
9,2,1108,8,1,3,2,418251,1446,7.9,6955305004,2636759414.0,2272.91,42.4,13.1
3,8,175,6,5,2,8,259856,329,4.8,4320677683,1013554899.0,122.27,3.0,16.3
10,7,1852,1,7,4,2,322743,685,8.3,5164662583,1415310505.0,2210.89,23.7,472.5
6,1,842,8,3,3,6,317546,528,8.8,8570439521,2299173251.0,1201.88,19.0,662.7
2,7,1873,7,7,4,6,196785,822,8.5,3410579227,1583486784.0,4317.31,29.1,865.7
2,7,1887,2,7,4,8,224409,581,8.0,6213436392,2713259452.0,2585.17,27.6,\N
5,4,955,8,1,3,8,117467,374,7.4,3006755812,873954373.0,4970.93,42.4,6.9
5,5,1596,2,4,4,6,170101,405,9.0,4254396111,992829474.0,211.11,31.8,445.2
7,5,340,7,4,4,7,173520,504,9.1,5859787752,\N,2782.31,27.1,630.9
2,1,744,1,3,3,4,259428,278,7.9,4992536203,1470643819.0,309.99,19.4,397.3
7,4,1495,7,1,3,5,72783,131,6.1,1410956681,830720924.0,1456.21,35.9,5.4
5,4,1849,1,1,3,6,449343,641,6.2,8218483470,6044025560.0,1187.56,37.0,1.6
6,8,15,1,5,2,7,139376,140,4.1,1333173252,464033966.0,1446.95,-2.0,\N
8,4,1989,4,1,3,8,240927,284,7.7,4528391613,3157587571.0,4904.8,43.6,5.7
10,4,208,1,1,3,6,127682,320,6.9,3096735387,1439505868.0,1428.12,40.1,1.1
4,5,1084,1,4,4,3,329829,470,9.8,6694143418,1346762413.0,863.97,34.0,746.3
7,2,397,1,1,3,1,428892,1807,8.8,9046876291,4468772651.0,4759.15,43.7,8.2
6,4,1958,6,1,3,4,128850,218,6.8,3000916500,954481688.0,3144.81,44.6,1.5
10,2,794,8,1,3,8,306024,758,7.3,8227730661,1932421568.0,1468.49,37.0,29.0
2,7,209,8,7,4,5,239192,644,8.4,3692933126,1007267968.0,3313.06,25.5,808.5
8,7,1157,5,7,4,4,162835,731,9.7,2768862623,2168434837.0,3954.05,23.9,499.6
10,4,433,6,1,3,7,96201,88,7.4,2742902152,1079455909.0,133.33,33.3,4.7
9,3,1755,5,1,4,8,342646,803,8.1,9714014100,7080788186.0,1213.14,49.4,6.8
5,6,583,4,3,3,6,320516,717,7.5,3963981630,1293566603.0,2875.9,24.7,530.5
10,3,432,4,1,4,1,88016,345,8.8,2731030860,616070055.0,2578.92,44.9,4.8
4,7,1298,8,7,4,6,8042,25,8.1,210337705,157184820.0,2135.33,21.5,709.2
6,6,351,8,3,3,8,165759,527,7.3,1904604061,1499273369.0,202.65,17.0,440.4
8,3,134,2,1,4,2,235571,924,8.6,7447247365,2290668621.0,4757.84,\N,\N
3,4,639,7,1,3,7,156082,121,6.1,2822024992,564462583.0,3589.63,34.0,2.9
10,2,1229,7,1,3,6,37441,127,7.4,557728624,258083779.0,4976.63,35.1,0.2
1,6,117,6,3,3,3,67771,97,7.1,786719653,474373431.0,4380.08,17.8,359.8
4,5,1291,5,4,4,3,111132,284,9.5,2631994722,1967624785.0,2889.62,34.4,399.6
4,1,1818,4,3,3,7,195317,690,7.9,3792704569,1029996702.0,1793.67,\N,579.7
1,6,1704,4,3,3,1,439976,399,7.4,7853043628,5941173710.0,861.66,23.4,561.5
9,6,1848,8,3,3,6,496405,523,6.8,11591652436,6438652241.0,1096.1,23.7,537.1
3,5,465,6,4,4,3,263792,560,9.6,9205285631,7137290815.0,4346.63,27.5,537.4
5,4,976,2,1,3,3,172363,529,7.3,2909073768,2138377711.0,4312.68,43.2,4.6
6,3,2026,8,1,4,6,31843,76,8.9,1131060175,749533917.0,4310.15,47.6,9.5
8,3,1029,8,1,4,4,251847,538,9.5,4897542685,3478095798.0,4310.58,46.6,0.7
6,7,526,1,7,4,1,79582,257,8.4,2173925577,1726928387.0,972.66,21.7,560.3
3,2,836,3,1,3,7,42983,164,9.0,688974507,484796092.0,4275.79,39.1,27.0
6,4,1240,2,1,3,8,437437,858,6.8,4786085704,3449151287.0,670.32,30.5,1.3
1,5,1539,7,4,4,4,351259,346,8.6,11693622865,8920972992.0,2101.63,22.4,531.7
4,4,1911,8,1,3,8,468154,1372,6.9,11525576956,2830791571.0,4963.78,\N,1.4
6,4,1304,7,1,3,3,91572,252,7.7,2647667022,1961235466.0,3504.09,41.3,3.8
7,3,132,3,1,4,7,472362,1173,8.1,11141696966,4653822679.0,3251.56,41.8,7.6
10,5,393,2,4,4,7,77937,222,9.5,2932730341,1500681912.0,1173.32,22.9,580.4
3,8,481,2,5,2,6,129597,163,6.2,2095531651,1376625705.0,3696.51,8.9,28.5
9,1,2035,1,3,3,7,450726,1097,7.9,12971759062,4892038307.0,2760.53,18.5,342.7
7,6,1226,4,3,3,5,328184,994,7.8,6007933214,1428959468.0,2433.28,25.3,332.6
1,3,462,5,1,4,6,70955,83,9.1,1142872185,817759014.0,1208.27,47.0,10.0
2,5,1802,2,4,4,5,221801,348,9.6,4980408374,2680877844.0,667.58,29.4,610.3
1,2,152,1,1,3,4,85211,229,7.9,2300211297,1014331173.0,1182.06,45.0,13.8
9,6,79,7,3,3,2,160904,169,7.2,4364102649,1076731679.0,2550.65,\N,274.6
9,6,1224,3,3,3,6,423725,1093,6.8,10678208980,7141843692.0,4824.76,25.7,346.7
7,8,1786,6,5,2,2,407228,659,4.5,5347310868,1321727181.0,1300.29,4.0,34.0
10,8,2147,7,5,2,1,475472,644,5.2,9222254912,2564571960.0,3403.81,-3.4,48.1
3,3,2025,8,1,4,5,469010,1893,9.8,17364813844,13240008388.0,918.67,47.9,14.5
5,7,1837,6,7,4,8,220384,415,8.5,6747496928,\N,2067.66,25.4,477.8
4,2,1398,4,1,3,7,334753,1290,8.0,9648920472,5551752924.0,1418.83,47.0,9.1
7,3,1076,6,1,4,5,193678,196,9.5,5061677691,3855165428.0,1759.86,44.2,17.9
9,4,1648,2,1,3,4,202937,203,7.0,5595581901,1320574051.0,1151.43,30.5,4.7
2,7,2183,3,7,4,7,47762,141,8.8,886844816,686800862.0,4867.23,20.7,577.6
8,5,411,2,4,4,6,253084,800,8.7,6924757865,4677324928.0,1693.73,33.0,779.9
9,8,2009,6,5,2,3,200480,538,5.4,3787989408,2550653205.0,4367.97,3.0,74.8
10,2,1494,5,1,3,1,153495,247,8.2,4871010330,3751063318.0,1718.66,39.2,3.4
10,6,1136,7,3,3,4,93941,285,7.4,1792131245,798328183.0,2587.3,\N,\N
9,3,1549,8,1,4,2,251441,398,8.3,4130094433,2320046777.0,4575.49,44.9,14.7
10,8,785,6,5,2,6,390635,1203,6.4,8572719456,6369878245.0,1131.58,-3.6,\N
7,6,1068,8,3,3,3,355464,596,6.1,7801652779,2977727900.0,2331.68,17.8,226.5
9,2,1421,5,1,3,7,222869,220,8.2,6343342051,1301245544.0,4743.1,38.1,16.3
9,8,2010,6,5,2,1,171593,212,6.5,2048906216,1012819638.0,4264.11,\N,68.2
3,8,1609,4,5,2,6,54784,80,5.8,499498598,354770235.0,2724.54,-1.3,43.4
4,6,743,3,3,3,3,421638,657,6.7,6175394475,2215395856.0,1242.56,\N,210.1
2,3,2064,5,1,4,2,234388,513,8.2,5385392443,3342001746.0,2752.44,41.4,0.3
10,7,2021,1,7,4,4,423257,1334,9.0,10875588615,6981708357.0,4186.84,27.6,739.2
3,3,662,4,1,4,4,396782,754,8.6,9257638267,6366447786.0,3420.32,48.3,8.2
5,1,1828,2,3,3,5,484443,483,8.3,8753449011,5676070149.0,2569.38,22.9,313.8
5,8,2150,6,5,2,6,462372,771,5.9,10658275683,4645984444.0,1262.33,2.3,77.2
6,6,951,3,3,3,7,345590,599,6.3,7618082283,3038431300.0,3202.98,\N,470.4
7,1,25,3,3,3,8,292249,664,7.5,4896631995,1762446576.0,1522.86,28.9,431.6
7,7,1617,6,7,4,4,396786,860,9.3,7406050368,3543095454.0,111.18,20.4,760.4
1,1,18,1,3,3,5,484589,410,8.2,13315633459,8091507423.0,1929.64,22.4,406.1
2,6,570,7,3,3,4,194800,316,6.5,4762178200,1973442406.0,1048.94,16.0,581.1
9,2,1017,7,1,3,1,55494,100,8.7,1027876516,762459862.0,4474.33,39.2,10.5
10,4,1356,5,1,3,6,158778,359,7.6,2494275357,1543360137.0,647.76,30.9,4.7
2,7,1593,6,7,4,7,45826,53,8.7,667400698,179730025.0,1728.92,28.5,703.5
6,3,831,8,1,4,2,170009,545,8.3,4131626721,2456035185.0,1113.22,46.5,5.3
1,5,1036,3,4,4,6,253744,996,9.7,6470801867,2287569053.0,885.61,25.0,658.7
3,7,1933,1,7,4,6,207305,720,9.3,6107702832,4608510203.0,2501.55,22.8,825.6
2,1,1307,7,3,3,3,496842,1493,7.3,9317625815,6313434355.0,4906.49,22.2,689.9
3,2,1753,1,1,3,2,353189,677,8.9,7685569234,\N,1940.86,45.5,19.6
5,6,872,7,3,3,2,62461,71,7.7,1872818131,561012137.0,2467.66,25.9,382.2
10,2,835,2,1,3,5,339288,487,8.0,4486744512,2128720382.0,3200.4,35.0,1.5
6,2,857,1,1,3,5,490917,1807,8.5,7519375689,5599862086.0,3479.97,43.6,1.6
9,6,970,4,3,3,1,405870,1258,6.9,5452579341,\N,2282.33,24.6,245.7
10,5,593,8,4,4,3,388061,361,8.2,11913783148,8860539469.0,446.64,27.2,548.7
4,6,255,3,3,3,4,423197,1482,7.2,6618123964,3180584641.0,4203.64,18.1,599.3
7,5,2115,4,4,4,4,97501,349,9.5,1663562062,448491903.0,2783.23,30.5,596.3
6,6,603,7,3,3,2,378554,1275,6.8,4309155892,\N,2367.78,25.2,204.5
2,1,1066,1,3,3,8,291751,445,8.8,5586681548,1536289226.0,4214.51,29.6,544.5
10,5,1812,1,4,4,6,490657,1743,8.3,6727692521,1716068854.0,3011.47,26.9,356.1
8,1,1840,8,3,3,1,43724,155,8.9,1254598966,855332031.0,1101.46,22.1,677.7
7,7,1810,4,7,4,6,272369,1219,9.1,8833580355,3018669718.0,2145.83,28.6,680.0
7,5,1258,2,4,4,3,350747,452,8.8,6312043012,4621556984.0,3456.92,32.9,\N
8,5,966,1,4,4,4,316589,1101,8.2,4184800037,1547947546.0,4928.93,30.1,347.9
1,6,1738,4,3,3,2,481244,1176,7.7,6870143095,\N,3080.87,18.0,433.9
1,5,485,4,4,4,1,304395,784,8.6,8552342799,6747427776.0,1012.35,\N,632.1
8,1,39,8,3,3,3,499768,599,8.6,7663342558,\N,135.76,22.9,603.7
4,8,11,3,5,2,6,472812,784,6.1,9612882615,6798026260.0,1552.69,9.8,0.6
5,7,624,2,7,4,2,486984,1302,8.7,6829658409,2081161269.0,2167.89,29.7,\N
8,8,409,5,5,2,2,81051,120,5.9,919580330,691612306.0,3132.5,2.1,38.1
5,6,2156,4,3,3,7,220039,433,7.7,2754932287,1120885759.0,1013.82,20.1,253.3
10,3,2028,8,1,4,6,91664,161,8.5,3056581912,889439960.0,465.1,45.7,19.1
4,7,1118,8,7,4,1,395800,1545,8.4,10456244400,3843066873.0,1157.16,25.8,446.1
6,8,2132,3,5,2,1,314350,481,6.9,5431213560,4019104054.0,2695.42,5.8,47.7
5,7,2106,5,7,4,1,143367,273,10.0,4722508980,1261480355.0,694.7,23.5,663.2
7,8,605,8,5,2,1,460933,1547,6.9,5457631093,4059540935.0,809.76,\N,\N
10,1,969,8,3,3,3,92919,72,7.5,2655857317,1353425985.0,4485.74,21.4,\N
7,8,165,3,5,2,1,4222,9,5.7,81244790,50676855.0,492.41,2.3,10.7
4,7,437,3,7,4,1,28402,47,8.8,455886182,313629811.0,3509.99,27.5,\N
5,3,1680,6,1,4,8,395752,707,9.3,11858550379,6891154246.0,172.19,44.6,12.9
3,2,1810,2,1,3,1,265801,868,8.0,5996470560,4136156919.0,2955.61,42.0,1.2
4,6,1410,1,3,3,7,426023,753,7.5,8968849207,6490317952.0,4133.2,15.4,538.5
4,2,1978,2,1,3,8,327966,1067,7.8,9649284465,5488888506.0,2695.08,40.9,16.8
3,6,1162,5,3,3,8,12417,29,7.5,268579710,168593438.0,1314.44,24.9,582.5
10,7,814,6,7,4,3,486509,1721,8.6,7836589670,\N,150.56,24.5,464.3
5,6,1830,8,3,3,4,306063,284,7.2,6767420205,1670019193.0,99.32,22.4,213.8
5,8,293,2,5,2,2,8055,17,5.7,103534942,82259391.0,4115.12,-0.4,15.9
7,1,1499,8,3,3,5,417667,1071,7.6,6015240133,4477929624.0,3158.16,23.9,435.0
4,3,462,1,1,4,6,443826,1911,9.9,7605801779,3058688895.0,2302.52,43.6,4.7
4,6,2092,2,3,3,7,294026,369,7.2,4066732411,946081116.0,2555.83,24.5,314.0
9,3,1107,2,1,4,2,366400,1023,8.7,10685103359,6722069311.0,2677.08,42.6,1.2
6,6,1435,2,3,3,3,15850,44,7.9,314915725,226373230.0,1824.7,16.7,500.2
4,3,711,4,1,4,6,473223,516,9.6,12679347772,8623677260.0,4160.73,42.8,18.5
2,2,1648,4,1,3,1,128952,373,7.7,3355111821,1982067526.0,4968.53,44.6,1.8
6,1,89,2,3,3,3,223730,574,7.6,6296388644,3542779365.0,2581.2,25.3,649.6
2,6,1664,1,3,3,7,123974,228,6.3,2611004016,1008715922.0,2492.88,21.6,454.5
5,4,1042,8,1,3,7,489096,411,6.2,5333983156,3142130725.0,4637.08,36.9,6.3
6,3,1934,7,1,4,4,51869,191,9.2,1150993857,260807760.0,3328.75,42.0,1.8
4,3,422,1,1,4,5,255800,894,9.1,8552263720,5115161454.0,3211.02,48.5,8.3
3,8,876,1,5,2,4,216321,378,5.7,4308205771,1121517640.0,355.94,9.1,76.8
7,4,338,1,1,3,8,328407,396,6.7,3824168152,855979049.0,2473.14,39.2,5.3
2,1,266,8,3,3,1,57145,132,8.9,1399132465,997413885.0,3027.34,\N,439.7
6,3,1379,6,1,4,3,147960,437,9.3,2380528440,818208371.0,4100.49,44.9,7.4
4,1,1815,6,3,3,8,311947,746,8.2,7707149750,5766063999.0,3680.68,25.2,456.6
6,3,321,3,1,4,8,191184,386,8.7,5768327174,2356987806.0,4952.72,46.8,15.6
4,7,850,2,7,4,3,471696,840,8.6,6965157475,2300421653.0,437.61,20.7,873.3
4,5,719,7,4,4,1,405237,645,8.2,8397077971,2900760159.0,2757.03,29.2,593.7
4,7,992,7,7,4,1,101881,222,9.5,2261911021,1747348836.0,599.47,27.2,483.2
9,3,1809,2,1,4,5,187157,431,8.7,3702676656,1530790429.0,4028.95,\N,6.2
7,5,717,3,4,4,4,294591,1003,9.3,9734140953,6020384420.0,2896.69,33.4,387.1
3,6,985,1,3,3,1,92937,60,6.1,1545412198,1141833249.0,1406.3,20.4,\N
3,1,1940,5,3,3,1,70007,262,9.0,2372187195,1675557000.0,2229.35,27.1,329.1
6,3,896,5,1,4,4,394720,442,8.1,9741965904,5136711552.0,4659.06,44.5,3.1
6,8,1177,8,5,2,1,324964,310,5.7,7214688246,5767903676.0,3908.79,3.5,29.7
4,2,1777,3,1,3,6,270646,798,8.7,7148626927,5154955754.0,2682.42,45.8,21.3
9,8,1460,7,5,2,5,364608,284,6.7,6454072051,3793450032.0,4015.27,-2.3,44.6
4,2,1616,5,1,3,5,484822,1544,7.3,7035930792,3421694364.0,201.49,35.2,11.9
9,4,1173,4,1,3,7,367437,1165,7.7,6928869740,5050101815.0,4490.41,42.1,1.5
4,2,542,2,1,3,4,409191,1309,8.2,12354458348,2682059538.0,3772.31,45.2,22.5
2,5,635,5,4,4,7,59580,78,8.3,1816844436,1201711675.0,3992.77,31.3,604.1
2,2,1350,8,1,3,2,314423,517,7.8,6803233335,2490374275.0,2705.11,39.1,9.8
5,2,698,6,1,3,5,5208,18,8.9,157130568,100320395.0,3489.9,42.8,4.4
4,2,1953,8,1,3,3,334267,644,7.1,4060708942,2163600727.0,3227.41,36.1,15.5
7,3,2123,6,1,4,3,351381,950,9.3,9663012638,4492228102.0,4074.95,42.8,10.9
5,4,1605,7,1,3,2,154412,174,7.1,2461250074,749593443.0,3537.76,36.7,6.3
6,1,498,7,3,3,5,307096,1016,7.0,3669490104,2175192334.0,2538.75,20.7,400.6
10,4,722,4,1,3,7,18809,64,6.9,433342431,162348471.0,471.06,30.3,4.0
4,8,1775,8,5,2,1,137274,236,4.4,1707523831,1259084383.0,4970.58,7.5,2.4
2,5,1364,2,4,4,6,221856,835,9.6,5878296576,3338895111.0,1793.37,27.7,396.9
10,3,308,8,1,4,2,124572,181,8.4,3248040499,2032503104.0,3814.1,47.1,19.2
9,6,884,4,3,3,1,403034,699,6.9,7669817626,5170341036.0,3075.17,19.5,332.9
10,3,1265,2,1,4,6,328407,596,8.1,5615464133,1958276420.0,4889.96,41.1,14.9
7,7,253,2,7,4,8,351864,543,9.7,10543006591,4318915633.0,4821.0,\N,658.5
4,2,936,7,1,3,3,430127,702,7.6,12288040186,5551308282.0,2200.87,38.9,11.2
3,8,1244,5,5,2,8,92598,215,5.1,823603651,633589164.0,4268.42,-1.3,41.8
10,2,1753,8,1,3,8,135300,244,7.8,4212917280,1328626182.0,645.87,43.2,25.6
3,5,1738,6,4,4,6,206534,406,9.5,5191645158,2228855097.0,1096.57,25.8,538.9
9,6,1053,3,3,3,2,366176,858,6.4,5947870003,1951980616.0,2887.98,23.5,246.2
5,8,494,5,5,2,5,195252,236,6.1,3732710584,2294118092.0,1099.44,0.0,47.9
3,7,959,8,7,4,8,442200,1653,8.1,10888732800,7513307432.0,638.63,27.2,890.7
5,3,2022,7,1,4,3,405674,575,8.0,8525644784,\N,1054.31,43.6,5.3
2,6,1748,1,3,3,5,250876,825,6.9,4898855652,3049258669.0,1695.31,28.0,\N
4,1,1178,4,3,3,1,282743,995,8.8,5929233807,1715571163.0,4913.6,24.4,577.2
10,4,992,7,1,3,5,70557,147,6.1,1004117834,298486077.0,485.22,40.0,8.5
2,3,2150,8,1,4,6,425377,1072,9.7,8788714197,6757655706.0,472.85,42.0,\N
2,6,927,1,3,3,2,84541,123,6.8,2219607046,1069528832.0,267.02,21.5,366.9
8,1,2060,2,3,3,1,417363,1048,7.0,7388577189,2097782059.0,1234.55,18.1,347.6
1,1,1210,7,3,3,2,499316,720,7.1,12645527221,2673952088.0,603.21,28.0,599.7
7,7,932,5,7,4,6,49994,189,9.5,713839329,566794663.0,268.49,20.3,696.9
5,7,1926,8,7,4,1,226150,902,8.2,6859536569,3396723247.0,2253.21,20.7,419.9
8,4,1159,1,1,3,7,23428,32,6.5,432024034,244646333.0,4032.84,42.9,3.8
1,1,757,1,3,3,7,44391,113,8.8,1134811524,\N,542.92,20.4,549.3
7,8,1055,6,5,2,2,316113,392,4.6,3851963350,2686865972.0,574.0,7.4,6.0
5,5,456,7,4,4,3,341107,830,8.5,8402488731,4955163494.0,4066.54,31.1,701.3
4,1,259,1,3,3,7,30707,67,8.2,650392684,\N,1671.36,22.3,686.3
7,6,431,6,3,3,2,179534,330,6.4,3612511334,1675071691.0,2526.12,26.7,358.4
10,7,1965,6,7,4,3,212972,331,9.6,5168574873,2341104846.0,3915.57,28.8,408.7
2,5,1974,2,4,4,6,174953,322,8.9,3173332504,787677133.0,2073.63,30.4,492.3
1,8,647,8,5,2,4,458713,1090,5.5,9140544594,5423939264.0,148.02,6.0,53.0
1,7,447,6,7,4,5,226810,326,8.6,7162478352,1864674694.0,2109.99,26.0,417.9
1,8,1113,2,5,2,7,365780,468,5.0,6161564100,1288348868.0,4438.1,-3.7,58.6
5,7,195,6,7,4,1,325496,455,9.4,12211112638,2640262295.0,656.24,20.4,730.1
10,7,1438,6,7,4,5,359335,346,9.1,11229003149,7038163306.0,3397.2,23.1,414.8
7,1,1146,7,3,3,6,341607,1161,8.9,10893403140,6283499281.0,2511.44,25.3,668.6
2,2,1140,7,1,3,3,69210,142,7.8,1265920110,434865517.0,2683.15,36.7,16.5
10,1,196,2,3,3,7,287957,1110,8.2,8578411804,6626356776.0,4158.76,28.1,628.4
8,7,2084,1,7,4,8,406568,1327,8.1,9705062757,2927359779.0,3939.98,21.4,606.2
4,5,2115,4,4,4,3,106858,465,9.8,3370963839,2370487552.0,4925.54,22.3,720.8
3,1,645,5,3,3,3,280054,478,7.3,3074768876,1774074108.0,882.54,27.1,533.0
10,7,1035,5,7,4,2,55601,177,8.9,1420216343,391294271.0,1305.97,24.6,575.6
8,7,1754,2,7,4,5,283667,280,9.0,4720502547,1460618811.0,3745.92,24.9,429.6
2,1,322,1,3,3,8,377077,1080,7.6,5347555183,\N,4204.09,28.4,644.2
3,1,1692,7,3,3,7,99907,231,8.9,1555162352,400431559.0,4118.91,27.4,439.3
3,5,1017,7,4,4,3,216175,469,9.7,5173046132,3743666278.0,2310.05,22.4,670.2
10,8,650,4,5,2,4,136516,294,4.7,1803608437,718866443.0,584.56,3.4,34.0
1,1,1703,3,3,3,6,138536,496,7.2,3617784518,2350240523.0,1865.93,18.4,653.4
6,4,831,7,1,3,3,9087,23,7.0,126772737,70048985.0,1438.15,43.7,5.8
2,6,189,2,3,3,7,470383,697,6.8,7858971010,1870696363.0,2578.43,24.8,395.8
1,4,1511,3,1,3,8,439160,1480,7.4,11949455768,4146851909.0,864.13,44.9,8.1
2,5,92,5,4,4,5,208631,835,9.3,6057517632,4624211733.0,3213.52,34.8,331.6
6,2,1912,5,1,3,3,423723,1446,7.3,9332117724,1998441136.0,4828.62,37.5,20.6
4,4,1581,7,1,3,3,57155,104,7.8,774816042,490599781.0,3690.05,40.4,1.5
6,8,1409,4,5,2,1,220869,188,4.5,1907314249,986847480.0,4921.69,\N,36.1
9,7,175,8,7,4,3,436210,1200,9.0,13265582310,5243258526.0,3572.51,25.1,450.7
10,6,1697,4,3,3,5,457651,1623,7.3,5976784764,4407223561.0,3720.72,20.9,293.5
10,3,474,3,1,4,6,172576,227,8.3,5251108012,2476331767.0,2682.63,40.0,16.5
8,6,1935,8,3,3,1,51631,131,7.5,1051336237,247701134.0,4742.71,17.2,461.7
1,4,270,7,1,3,1,113543,96,6.1,2146405517,966794551.0,1829.96,37.2,5.5
8,3,2045,5,1,4,3,293672,545,8.3,5235701884,2864645224.0,3832.54,47.0,12.7
9,5,694,4,4,4,3,362812,465,8.1,4669716970,2726777304.0,57.9,23.0,429.7
6,8,376,4,5,2,4,387331,310,5.7,8349849299,3549949174.0,4055.29,-0.7,42.0
10,6,1416,8,3,3,7,404182,1200,6.0,7025491524,2354195592.0,1506.51,27.2,346.3
5,2,2084,5,1,3,7,152400,179,7.6,2639628960,1873496766.0,465.64,35.3,14.5
6,3,1236,7,1,4,5,485988,766,8.2,8340817648,3365491148.0,3631.86,41.7,11.5
6,3,1972,5,1,4,6,445969,647,8.2,7855119578,5044473647.0,2634.92,46.1,18.0
9,6,134,1,3,3,7,486151,1412,6.4,5644018649,4161789273.0,1467.76,27.7,428.0
4,4,924,6,1,3,5,200541,316,6.2,3263804775,1650546597.0,3782.84,35.9,4.7
2,3,690,4,1,4,8,160969,197,9.7,4207971113,2843356511.0,2157.61,46.9,18.1
9,5,1702,3,4,4,8,389031,1206,10.0,14931009780,8926421696.0,3268.29,27.6,308.6
2,6,2030,7,3,3,2,238871,262,6.6,2522477760,1834628009.0,4990.02,16.1,505.2
10,5,1873,2,4,4,6,215561,704,8.8,6508390160,2927124306.0,69.76,33.6,752.2
9,6,841,2,3,3,2,406388,805,7.3,4963176005,2010647118.0,4247.38,19.5,561.6
2,5,988,5,4,4,5,71176,195,8.2,2206754939,579754965.0,2815.68,22.3,352.5
8,4,1462,6,1,3,3,276643,849,6.4,3448963609,2087568482.0,1892.55,45.0,3.1
9,6,839,7,3,3,1,123870,278,6.4,1457900352,373174847.0,4759.0,27.6,342.0
10,8,1452,7,5,2,4,79814,67,6.6,1116757488,481443065.0,4698.12,6.0,61.8
9,7,748,3,7,4,8,149435,600,9.7,5199426446,3563425668.0,349.69,21.2,517.0
10,2,966,1,1,3,3,15608,54,8.2,372310110,107343482.0,3495.8,44.5,20.9
9,4,1927,8,1,3,6,146922,510,7.6,4368167366,2559771320.0,3034.91,43.3,3.5
2,5,2039,4,4,4,8,421227,882,8.3,5471528116,3227526955.0,3404.93,26.5,696.3
4,8,145,1,5,2,6,493723,438,4.7,3947167268,2398779598.0,4744.68,4.5,\N
7,6,1851,7,3,3,1,234192,556,7.4,6729319766,3032344344.0,4952.67,15.4,558.9
2,4,735,3,1,3,6,258117,614,6.8,6023831299,3310089336.0,1263.9,43.0,7.9
1,5,528,1,4,4,5,43472,127,9.4,1589188515,497912002.0,1504.21,31.4,347.0
3,1,1412,5,3,3,7,37954,113,7.5,639335130,199426249.0,3687.33,29.1,672.5
4,1,1119,2,3,3,6,234784,588,8.3,3256289731,2405584140.0,3526.33,24.4,317.8
8,3,430,5,1,4,3,331410,1303,8.1,9612911601,2131301014.0,771.51,43.0,9.7
6,2,1061,4,1,3,6,418434,883,8.4,10403942976,2298140573.0,4743.95,39.3,29.0
2,1,1417,5,3,3,4,428333,518,8.3,12272425782,2722710914.0,4039.38,20.8,265.4
9,7,1597,3,7,4,7,397736,1001,8.9,9483259221,3644468774.0,1690.61,29.2,692.7
2,5,1898,7,4,4,6,41504,89,9.8,1412605241,492616124.0,2923.22,32.7,554.9
5,4,1780,3,1,3,7,17334,20,7.2,239500411,126199284.0,3633.18,40.0,0.5
4,6,518,4,3,3,2,394975,923,7.3,7908939902,6100079006.0,4418.13,20.3,403.6
7,4,1401,4,1,3,1,206303,349,6.8,3414562213,845487521.0,4946.93,42.2,2.1
8,3,165,2,1,4,3,136349,223,9.2,2782283154,1529638594.0,3549.01,41.3,\N
5,8,2073,1,5,2,4,384724,602,4.7,4459028104,2817960132.0,2947.23,-4.2,35.4
10,4,1147,2,1,3,3,302987,848,7.3,6044863338,4634457498.0,4785.91,38.1,6.2
5,1,129,5,3,3,5,96025,135,8.0,1747655000,\N,2603.84,18.2,415.1
2,4,1658,1,1,3,1,290571,1046,7.8,6758565231,5382847220.0,1178.43,40.8,0.7
8,1,1018,4,3,3,8,149952,366,7.5,2953304640,1136708156.0,517.49,18.8,288.4
2,1,595,3,3,3,5,290894,286,7.2,6193249617,4584178722.0,835.22,22.9,274.8
10,2,1333,5,1,3,8,307092,796,8.9,4651768197,1088758656.0,2980.42,45.6,8.1
6,3,182,8,1,4,6,113286,403,9.5,2050193385,1130972343.0,3378.11,45.2,18.1
8,7,1612,2,7,4,5,234764,222,8.9,6675631722,5016931709.0,3881.09,21.8,793.6
6,7,744,7,7,4,6,454713,494,8.1,13351510462,8477612558.0,1548.27,23.6,601.9
4,5,1839,6,4,4,2,220628,820,9.4,4214171302,1273999912.0,1883.93,34.8,477.4
4,7,2091,6,7,4,5,11724,22,9.2,412351838,175597517.0,3994.06,29.5,616.6
6,1,1953,4,3,3,8,83914,148,7.3,1743380481,497195694.0,771.23,28.3,380.4
4,6,605,7,3,3,4,353828,530,6.6,7113216580,2877566810.0,4311.16,\N,304.7
8,3,1790,1,1,4,8,12804,25,8.5,292545792,182779229.0,1448.43,46.7,10.8
9,5,1614,6,4,4,1,193160,481,8.0,4646656960,1313547142.0,2327.33,33.0,578.8
1,7,263,1,7,4,2,2078,2,9.5,74206419,36960678.0,1173.86,20.1,658.2
4,7,2118,3,7,4,7,444103,1568,8.2,8408557381,2959336525.0,767.11,20.4,805.1
4,6,661,4,3,3,3,26815,40,6.7,379622636,91578355.0,3789.96,25.2,202.2
2,4,1316,8,1,3,5,370155,927,6.3,4654625094,1242285078.0,3979.51,36.1,8.3
6,3,822,4,1,4,3,472256,1453,8.6,7030286169,1501100373.0,1659.29,41.4,20.0
3,6,2073,5,3,3,2,286021,702,6.3,6384246138,2284519691.0,4513.12,23.5,345.8
7,7,1347,5,7,4,3,28041,87,9.4,486315063,374342373.0,3409.75,20.8,470.9
5,3,2020,7,1,4,4,97842,209,8.0,1377615360,716179986.0,2641.9,48.9,18.6
4,3,816,1,1,4,2,18443,18,8.3,340596102,164253628.0,4250.61,45.1,10.0
5,7,682,8,7,4,1,239636,650,9.9,7074486064,2083093595.0,4394.76,25.9,658.5
8,4,1194,6,1,3,1,436662,273,6.0,9906114132,4360846526.0,3017.2,30.8,6.0
3,4,2,6,1,3,8,139460,96,6.9,3071578608,970459893.0,2942.13,\N,8.5
7,7,639,2,7,4,7,190426,326,8.6,6169078781,2814329830.0,3439.2,25.2,520.8
6,3,590,8,1,4,1,201683,727,8.7,4883168964,2391523600.0,2867.53,45.8,2.2
1,6,202,1,3,3,1,135428,187,7.1,2838462537,2086023541.0,2916.87,16.1,553.4
7,2,1005,6,1,3,2,223395,616,7.1,3376816480,2169053066.0,3011.15,41.8,22.1
7,1,1313,5,3,3,2,463391,1307,8.8,6797760613,4488338007.0,1644.09,26.7,664.2
1,4,2026,5,1,3,6,90252,217,6.2,2014984202,1539657410.0,3780.84,32.5,3.2
9,7,1804,8,7,4,2,430011,541,8.3,12138479511,7862736312.0,1823.15,25.0,518.5
6,8,126,5,5,2,5,311282,321,5.3,4992278459,3129534988.0,3255.97,-1.1,44.5
2,2,2097,1,1,3,6,210270,593,7.6,3560459856,2232395994.0,3646.02,36.0,13.2
5,4,846,4,1,3,8,252758,704,6.7,4858590103,2411985002.0,2806.66,44.7,7.0
4,8,1797,7,5,2,8,268463,523,5.9,3847370099,1109078106.0,1202.75,-3.2,4.9
7,3,179,2,1,4,2,102672,91,8.2,3285976291,1857539330.0,2913.93,40.7,14.7
8,7,1605,2,7,4,2,488959,2336,9.9,14008968725,5825793312.0,4094.87,\N,893.9
1,2,1903,5,1,3,7,250711,896,8.9,5250314548,4101821828.0,447.1,42.5,27.4
5,7,493,3,7,4,2,474482,2162,9.2,15723574308,5016519695.0,3309.33,24.4,405.0
3,6,964,8,3,3,1,40572,73,6.4,721337702,425903469.0,586.28,20.2,469.6
1,6,1193,1,3,3,4,111565,76,6.6,1129528686,806574121.0,3256.12,27.8,507.8
3,5,1987,8,4,4,8,192585,341,9.0,4655549790,2133179581.0,1430.57,32.0,725.5
6,1,269,6,3,3,1,129576,148,8.7,2414700590,1451075625.0,4459.08,22.9,356.4
7,1,1388,8,3,3,6,421936,1708,8.7,10351777824,4628064172.0,2009.4,22.9,\N
8,4,624,6,1,3,7,450962,967,6.1,9518003971,2910219550.0,1954.63,38.3,1.7
4,1,2148,8,3,3,4,260584,708,8.7,5713043616,\N,4275.1,26.5,636.9
3,7,2145,8,7,4,7,354916,648,8.1,5229296852,1990796691.0,4817.54,23.6,505.9
5,7,819,7,7,4,4,440611,783,9.2,15517261953,6911716563.0,192.29,22.3,529.0
9,5,548,4,4,4,7,88159,308,8.7,2268736601,1303920264.0,2479.04,25.1,420.1
6,8,337,5,5,2,4,141265,178,6.2,1891820880,1122789983.0,2851.93,\N,31.9
9,6,359,3,3,3,7,393026,954,6.9,8995303969,6141574615.0,4635.15,20.6,517.9
6,8,1420,5,5,2,6,99618,167,6.3,1093895296,768607479.0,2991.58,\N,67.3
2,8,1925,8,5,2,6,466836,657,4.1,3052874022,675026869.0,2908.28,3.0,51.4
5,2,816,8,1,3,1,144950,303,7.1,1830848955,902020169.0,3710.81,38.7,12.0
9,2,360,3,1,3,5,184789,247,7.4,3958734747,2606168684.0,3965.62,45.7,8.2
8,6,347,2,3,3,7,146227,221,7.4,3556796302,2737469766.0,2369.65,\N,202.7
7,3,1148,3,1,4,3,64621,256,8.6,1255973756,790629627.0,847.35,40.4,6.9
1,6,552,2,3,3,8,339697,263,7.5,7571846130,2723890005.0,4285.67,20.4,329.4
4,2,1888,2,1,3,5,390020,450,7.7,11997600230,5098460110.0,866.68,43.3,15.1
7,8,1931,8,5,2,1,132895,113,4.8,2478225960,1973344868.0,4900.93,-3.9,51.0
7,4,422,1,1,3,4,352760,262,6.6,7433993688,2741942533.0,1845.94,33.7,7.5
6,5,336,7,4,4,3,49489,116,8.3,653927850,408078168.0,4759.89,31.6,675.0
8,8,1527,3,5,2,5,225201,455,6.9,3732436333,1241955824.0,3523.52,-0.6,45.7
6,6,57,4,3,3,7,75486,122,7.7,2163383468,1370923825.0,4332.7,19.5,544.0
10,3,1686,4,1,4,6,461286,1057,8.1,13787377253,3521372372.0,4715.72,43.2,19.3
3,8,722,3,5,2,7,23474,35,4.3,167658350,78781300.0,3363.84,-1.1,41.7
4,4,386,7,1,3,6,465218,497,7.8,12620619991,\N,3912.62,42.1,1.8
3,6,950,1,3,3,2,293361,598,7.3,5311007544,1138612466.0,1055.41,27.7,493.9
1,4,1501,4,1,3,8,391706,605,7.8,7207468741,2120751035.0,1940.86,38.8,7.1
10,8,1720,5,5,2,8,443067,746,4.8,5174313652,1185670278.0,2032.78,5.7,63.8
5,6,2059,4,3,3,6,67741,186,6.1,1064454977,\N,895.49,25.7,269.3
1,4,260,8,1,3,8,291161,816,6.6,4592773614,2827611848.0,2824.78,37.5,4.2
1,7,393,1,7,4,5,250191,694,9.5,5271774561,1533641570.0,3741.81,21.7,608.7
2,1,600,2,3,3,1,463010,412,7.1,11936444101,\N,1297.71,28.1,409.4
4,4,1040,2,1,3,3,388669,1079,7.7,6889313492,2033479789.0,3645.62,32.6,2.2
6,7,756,2,7,4,2,347407,1558,9.0,7085018358,5526675769.0,4135.11,22.0,423.5
8,8,477,8,5,2,7,166536,300,5.1,1803984566,1164344879.0,125.08,-3.8,7.8
3,1,1188,1,3,3,6,425743,404,8.5,12857651471,4725988255.0,4207.81,28.3,642.2
1,2,2072,2,1,3,6,330313,368,7.4,4751750692,3449166646.0,1123.39,36.6,12.4
3,1,1600,7,3,3,7,3078,5,7.4,42206151,33223072.0,133.85,19.6,571.4
3,4,1262,2,1,3,3,252466,773,7.6,4927328428,3787722175.0,4017.21,44.8,7.9
5,5,2070,1,4,4,3,440423,642,8.4,8675452254,3563304313.0,3954.85,31.3,\N
4,5,1842,8,4,4,7,451751,451,8.3,10963635369,4366926160.0,118.87,24.9,557.4
4,2,1583,5,1,3,5,427297,1151,8.6,13890570875,3976418639.0,404.51,44.3,\N
9,4,1760,4,1,3,6,7051,13,7.7,188830010,150801163.0,4611.3,45.0,8.9
7,1,730,1,3,3,4,428111,711,8.2,7259735093,2494340073.0,4530.85,18.3,565.2
4,5,1499,1,4,4,6,458400,911,8.9,10378909440,2343518409.0,2635.01,31.2,395.3
3,6,749,3,3,3,5,131264,372,6.1,1813609055,662902385.0,4277.93,16.5,\N
6,3,716,2,1,4,2,54268,160,8.2,1641151148,1055830959.0,1525.71,49.4,3.0
3,4,531,6,1,3,1,495612,1511,6.5,8733426858,5890179604.0,816.06,42.3,6.5
6,7,692,5,7,4,6,330760,430,9.4,12346410824,\N,4881.48,21.5,438.4
9,7,1109,6,7,4,5,457227,1018,9.8,7886251296,6197200009.0,2911.23,21.7,619.2
6,6,1571,3,3,3,4,318034,722,7.4,4313876782,3291807056.0,1516.61,25.0,418.2
4,6,490,5,3,3,8,393395,1091,7.6,4744815774,1033338721.0,2610.89,23.9,474.5
5,4,5,2,1,3,8,397648,676,6.3,8189441265,3847101872.0,3025.72,43.8,9.2
6,3,76,6,1,4,4,205595,244,8.5,6147907285,2918672812.0,1689.54,46.9,16.2
3,5,1277,8,4,4,5,269757,935,9.5,9530649688,4719873248.0,3846.66,34.8,303.9
8,3,2055,2,1,4,2,429735,1804,8.8,6852382416,3983379248.0,247.66,45.9,1.5
4,2,473,2,1,3,4,442743,1690,8.2,10317859969,6842175245.0,1245.02,39.3,0.5
8,1,1382,4,3,3,4,345718,656,8.9,9984508699,2852866284.0,1595.04,20.4,471.8
10,1,838,5,3,3,6,94592,298,7.2,2094947942,1005062790.0,3631.48,21.6,306.7
10,6,603,5,3,3,6,50184,154,7.9,884091528,282768539.0,3992.51,17.7,543.9
3,5,1187,3,4,4,7,235003,812,9.8,7351269844,\N,3144.1,24.4,744.8
10,3,1482,8,1,4,2,1387,5,9.0,23368176,9038513.0,1691.22,46.4,8.7
7,6,1765,1,3,3,2,478908,384,7.5,10322861940,4144794383.0,1344.77,15.6,371.8
9,4,1699,2,1,3,2,118113,390,6.8,1579029074,736499106.0,2015.08,40.3,0.4
4,6,232,2,3,3,7,150388,470,6.6,2161797422,1098052908.0,2224.5,27.3,566.1
8,4,328,6,1,3,2,364545,1039,6.1,7162616614,2726991370.0,2992.52,38.2,7.1
3,4,1144,3,1,3,5,155967,367,7.5,4226315782,2274118298.0,3404.49,34.0,6.3
7,2,950,5,1,3,8,441367,443,7.2,12492098474,4823523463.0,1921.58,37.2,11.1
3,2,1887,4,1,3,5,137097,359,8.8,3913735478,2563247765.0,644.29,37.0,3.6
7,4,1360,5,1,3,3,240488,670,6.6,4906099492,3537424411.0,2225.4,38.1,0.1
10,8,1308,4,5,2,7,192151,282,5.5,2593462047,1679933487.0,1839.82,-4.9,36.9
10,5,198,4,4,4,3,457760,838,9.4,16854631648,11548690130.0,345.7,28.2,609.0
6,2,416,5,1,3,7,326787,1337,8.9,7686912564,3602272279.0,1066.91,43.4,29.0
2,2,1419,6,1,3,3,96754,151,8.0,1965267248,963009285.0,2104.09,37.7,2.8
3,1,938,2,3,3,4,480254,1815,7.9,10126203615,2395882428.0,2787.96,26.7,689.3
6,6,1244,4,3,3,2,484662,624,6.7,6721777278,4038677282.0,2745.91,16.9,406.1
4,1,1240,6,3,3,5,386901,550,7.3,10602712384,\N,1100.73,22.1,463.2
6,5,1339,3,4,4,5,200588,748,8.6,4529999156,2628730320.0,1192.64,\N,600.7
1,2,1692,3,1,3,2,283634,451,8.6,4297962728,1565219340.0,3569.03,44.3,20.2
10,7,216,4,7,4,3,97613,186,8.0,2766742872,1303739682.0,1739.44,20.5,430.8
1,8,1650,2,5,2,6,179638,376,6.5,3492432177,2718256107.0,987.22,\N,11.9
3,2,1185,4,1,3,7,172743,541,8.3,3952895343,2957822656.0,2293.41,42.6,7.4
8,3,610,3,1,4,4,58770,74,8.0,1815287760,424158806.0,2491.51,50.0,6.3
8,5,918,7,4,4,5,281700,1067,9.3,4445817570,3392560933.0,1036.69,\N,313.4
4,7,157,3,7,4,1,332212,900,9.7,10501985407,6175788135.0,2362.82,27.9,835.9
6,6,162,5,3,3,4,328013,901,6.0,3263073324,1874407452.0,3753.81,27.0,496.1
8,6,42,7,3,3,4,451404,1062,6.5,10292914008,2705235494.0,895.09,23.9,454.2
7,7,1354,2,7,4,3,110078,186,8.8,2609641161,1855127057.0,1825.25,29.9,691.9
7,6,1587,5,3,3,2,373571,633,7.0,10394613075,5726150636.0,551.65,19.6,466.2
4,8,1453,7,5,2,7,243527,489,4.8,2356562073,504176120.0,1114.9,6.3,5.1
9,7,120,6,7,4,7,481629,928,8.3,7967058755,5166955429.0,2189.44,21.6,437.6
10,5,1099,7,4,4,1,186727,230,8.1,3217063464,2478724693.0,4873.5,31.3,449.3
6,7,2038,6,7,4,3,157849,673,8.7,3059681876,1890338780.0,3509.99,22.7,759.8
3,7,123,6,7,4,2,138997,634,9.6,3871010851,1510092287.0,4661.14,29.8,476.6
5,3,789,7,1,4,7,424489,850,9.3,11752444902,7522805841.0,568.13,47.7,5.5
5,3,257,7,1,4,1,472144,953,8.2,6597173683,3697697092.0,4712.61,43.9,7.9
5,1,1861,1,3,3,6,282874,1026,8.1,7769728445,2987418370.0,2579.74,18.4,452.1
8,5,1293,7,4,4,6,479652,452,9.3,8270255714,3643948942.0,1447.52,30.3,544.4
9,5,1173,6,4,4,5,17179,37,8.6,307593430,135459943.0,4231.65,24.0,431.3
9,3,1172,4,1,4,1,303136,325,8.8,4769663078,3059859806.0,3026.69,40.6,\N
6,4,680,5,1,3,3,82345,231,6.3,1971339300,\N,499.18,35.5,0.8
6,4,1202,6,1,3,1,384716,824,7.4,10368403972,6566270014.0,2699.73,30.9,7.4
9,1,608,2,3,3,8,322736,1297,8.1,8686858996,2113347628.0,3227.3,18.7,322.6
4,8,331,8,5,2,1,136055,131,5.4,2302540398,1264604294.0,137.94,4.3,29.8
6,4,2104,7,1,3,8,163422,246,6.5,2282760207,688235997.0,2770.74,44.8,3.5
4,4,1231,6,1,3,1,473365,545,6.8,5771455426,3925745473.0,1847.82,39.1,3.9
1,4,2153,4,1,3,8,231372,174,6.9,3909747193,1364076198.0,2311.43,43.3,7.1
7,8,547,8,5,2,8,110075,366,7.0,2045743875,1526468113.0,589.29,1.1,31.4
10,2,793,7,1,3,5,477203,1471,7.6,7384048340,3101082935.0,2539.25,42.4,24.1
6,1,1905,4,3,3,6,285061,1105,9.0,3899634480,1664376653.0,4924.39,26.5,564.9
9,3,1379,8,1,4,6,360091,827,9.0,6219131661,4359451676.0,3703.66,43.1,10.4
7,4,1683,8,1,3,8,22334,70,6.8,468826394,306257887.0,4642.88,43.2,2.6
7,6,489,4,3,3,2,133547,115,6.4,3158119456,1407226267.0,1423.6,27.3,245.5
2,7,1823,4,7,4,1,135704,187,9.1,2718028986,2104692054.0,1943.28,24.4,619.2
9,2,1527,4,1,3,8,335578,801,8.6,7543927671,5630400245.0,3262.62,40.3,16.0
10,8,650,2,5,2,7,4778,5,6.9,119311915,48131289.0,3711.16,1.8,4.8
9,8,648,1,5,2,4,47895,30,4.4,333598254,\N,1555.24,9.2,21.2
6,8,1386,3,5,2,7,336105,700,6.7,6517008729,1846282880.0,1770.58,-0.2,57.6
3,4,381,1,1,3,3,145405,159,6.1,2879993213,2004259743.0,702.01,30.5,\N
1,7,2067,3,7,4,4,135737,478,8.3,3005814422,1489507879.0,3409.6,29.1,674.6
4,7,1864,5,7,4,7,320224,1453,9.9,8676885571,3894259932.0,1775.16,\N,745.0
3,2,129,7,1,3,2,82883,282,9.0,1566488700,1028614791.0,736.55,39.3,\N
1,1,1200,4,3,3,3,120425,184,7.9,3192755770,1835496155.0,3188.23,28.4,595.1
3,8,409,5,5,2,2,229580,387,4.1,3314239837,1699612083.0,111.72,4.2,21.2
4,6,792,5,3,3,8,45746,38,7.0,1228691814,345947912.0,4752.87,20.1,556.4
8,6,1108,7,3,3,7,165269,439,7.5,1890264187,1449295880.0,3223.11,15.0,\N
9,6,222,3,3,3,3,182610,678,7.9,2629894437,1194824237.0,3058.85,24.4,389.0
3,8,1440,2,5,2,6,434157,1014,6.9,6770244258,4204205360.0,3253.27,4.4,39.0
6,4,618,4,1,3,6,303083,1092,7.7,7194917645,4275782552.0,1616.89,31.1,5.5
10,2,1349,8,1,3,4,73954,230,8.7,1868433019,702226649.0,1204.41,46.5,8.4
5,8,1037,6,5,2,4,69947,150,5.2,1232298267,420900469.0,2707.19,-2.7,61.7
6,6,225,7,3,3,7,482180,908,6.7,7352859256,5214051417.0,4723.1,23.6,419.5
4,7,57,8,7,4,5,309614,1053,9.7,5778264159,1544503209.0,1441.27,24.9,748.5
10,8,1404,7,5,2,7,267056,137,4.3,2498789580,899566117.0,3596.19,8.6,30.1
6,7,117,8,7,4,7,33985,36,9.7,959294595,417669794.0,4867.65,\N,492.4
7,5,410,5,4,4,8,465617,579,8.1,8764960654,6647039056.0,2769.44,32.7,\N
9,8,1917,1,5,2,8,17541,22,4.2,118170208,52993665.0,2320.08,3.7,73.4
10,5,1984,8,4,4,7,263856,1058,9.5,8865957384,3057400312.0,3753.0,30.5,787.5
7,2,2052,4,1,3,2,225505,713,7.3,3154093334,1499819778.0,749.86,43.0,24.8
6,8,23,8,5,2,4,72471,232,6.7,1750913854,661844666.0,213.8,8.0,76.6
1,4,745,2,1,3,3,487880,827,7.9,11763177104,4587145606.0,1791.71,31.5,1.2
2,4,602,4,1,3,1,125650,446,7.6,3496035340,1632420275.0,4194.3,38.9,2.7
1,1,970,6,3,3,7,197865,710,8.4,2747395098,677128452.0,433.72,19.7,366.1
9,1,1179,6,3,3,1,171242,325,7.3,1930102830,531018331.0,2975.89,18.4,401.6
10,6,1843,5,3,3,1,268180,487,7.0,7017197880,5606393966.0,305.0,19.0,557.4
10,3,81,8,1,4,5,380810,1497,9.5,9684569515,6946136142.0,2529.8,40.8,3.6
9,7,483,1,7,4,7,145843,434,8.8,3282984267,1719769727.0,693.84,21.1,645.2
7,1,1431,5,3,3,4,227865,569,7.3,4586033776,1076479605.0,3057.51,21.1,669.1
2,4,33,2,1,3,2,333752,438,6.1,6818186232,3226412829.0,1585.39,38.2,4.7
6,7,2083,3,7,4,2,91842,369,9.6,1871813433,954892267.0,1884.84,28.3,\N
4,3,1273,6,1,4,7,355729,1231,9.4,6861585535,4247143561.0,361.65,40.3,8.3
1,1,280,1,3,3,7,453507,498,7.0,10307760603,3321155639.0,3891.42,27.7,370.6
1,2,2008,6,1,3,5,186793,466,8.9,3105470983,1666711817.0,3033.13,41.2,1.2
5,5,1683,2,4,4,8,487086,1115,9.0,13883412258,6737159409.0,2928.79,24.7,638.4
2,1,1575,2,3,3,3,55131,225,8.6,745327015,359245456.0,3307.54,25.2,677.5
4,8,701,8,5,2,6,92624,143,5.0,701626800,261661918.0,3335.55,4.1,48.7
1,1,1780,6,3,3,7,45135,55,7.7,651636562,304527669.0,1793.84,18.2,345.9
4,8,1019,5,5,2,4,136697,291,4.7,2039860982,1577771017.0,1408.68,-0.1,\N
6,2,1254,6,1,3,4,48760,71,8.6,1029469880,515646437.0,1522.7,45.0,5.7
10,4,665,8,1,3,3,38361,88,6.7,647430105,485014745.0,4066.26,38.4,4.6
4,6,1312,5,3,3,3,88012,161,7.0,1839010740,1125589660.0,889.0,16.6,\N
1,2,1419,6,1,3,4,292943,335,7.3,7354246132,2410582975.0,2459.48,37.7,29.1
7,6,1057,5,3,3,4,146420,231,6.4,2621035136,1290586339.0,3147.01,19.8,321.8
2,1,1939,8,3,3,1,359681,437,8.7,10407801352,4980653071.0,2605.42,25.1,257.2
9,4,1387,3,1,3,7,393798,951,7.7,6725518522,1778383371.0,2789.06,40.5,2.4
3,3,1135,4,1,4,7,205074,695,8.1,3302265607,2359977812.0,4203.28,49.0,14.7
8,1,1145,4,3,3,7,282790,674,7.0,6292925870,1663067393.0,1680.53,23.6,\N
8,2,2064,5,1,3,2,378732,1034,7.8,6159318516,2053000782.0,1761.98,37.9,27.4
3,3,739,5,1,4,1,97090,247,8.6,1555556562,647496307.0,871.0,48.2,17.6
4,5,1547,7,4,4,8,148614,192,8.2,3939846308,2867195321.0,3764.02,33.6,605.2
2,3,2146,7,1,4,1,219737,828,9.2,3228463898,2026932784.0,1076.11,\N,8.5
4,2,2164,3,1,3,2,14099,59,8.4,429314550,181906114.0,2622.84,41.3,29.4
9,7,1495,8,7,4,5,208172,388,9.4,4723755755,3622802679.0,4278.08,22.2,794.9
2,3,1463,4,1,4,6,185874,780,9.0,5068783980,3316497289.0,535.84,45.2,19.1
3,2,349,3,1,3,5,313133,352,8.7,10529253691,8352117462.0,884.18,42.2,22.9
4,7,232,7,7,4,5,351704,799,9.6,5341398988,2148885931.0,958.27,26.4,779.5
5,1,1997,7,3,3,5,309901,993,8.2,4302231622,2812253807.0,715.18,28.3,567.9
1,7,1557,2,7,4,3,80931,276,8.4,1078195154,367884400.0,4727.17,22.9,547.8
7,4,1971,6,1,3,8,293230,972,7.4,7321249348,2797486902.0,3712.77,34.4,8.0
10,5,1657,7,4,4,1,227356,932,10.0,4765381760,2041061919.0,2302.1,25.7,459.4
7,7,1943,4,7,4,3,11916,29,8.8,285431097,149892149.0,1523.33,23.2,503.4
9,4,545,5,1,3,7,226722,483,7.7,3493264559,1817475563.0,620.19,40.8,3.5
4,4,392,8,1,3,3,337065,222,6.3,6068990151,2495655038.0,167.19,36.1,9.9
6,4,1194,1,1,3,2,135899,435,6.5,1943355700,1472939566.0,3267.18,30.2,3.6
2,7,2125,7,7,4,5,124524,374,9.4,2547063705,2032531062.0,2550.08,23.9,463.4
4,2,1989,2,1,3,4,20140,63,8.1,454654458,257456853.0,2982.54,46.2,19.3
2,8,297,6,5,2,5,241595,284,6.3,3258705838,2208521306.0,878.99,6.2,2.0
10,2,1087,1,1,3,1,92464,283,8.9,3245634342,2267010694.0,2964.23,41.9,\N
5,5,270,3,4,4,8,291703,1189,9.1,6739768644,1832689895.0,1061.91,32.3,758.1
7,2,1099,6,1,3,3,113042,149,8.3,2876670207,1981001952.0,253.09,41.4,8.0
1,6,1710,3,3,3,1,404587,994,7.3,7448689422,2244483861.0,4367.17,18.9,263.7
10,2,510,3,1,3,3,132435,213,8.0,3995299080,2835529273.0,4145.4,42.0,9.8
10,2,1117,5,1,3,3,116437,341,8.4,2243694415,1652566340.0,2964.74,\N,16.9
7,2,1077,3,1,3,3,440419,873,8.5,10470741515,6426964323.0,4578.37,41.1,4.8
10,1,496,7,3,3,4,42678,168,9.0,1508368554,671603132.0,3872.59,29.3,461.1
6,5,94,1,4,4,7,447772,1559,9.3,11618340084,8405631377.0,1408.81,22.8,793.9
6,6,625,2,3,3,5,484877,673,7.0,11706385411,8103223013.0,4577.72,27.4,272.8
8,2,229,8,1,3,3,63927,69,8.4,1080417441,639845635.0,1971.22,47.7,11.7
8,8,1415,7,5,2,2,401077,520,4.8,7304093462,3037123576.0,4917.56,-2.1,68.5
6,5,721,5,4,4,6,179718,653,8.5,4214656677,2350913819.0,3503.42,24.0,575.4
3,3,980,2,1,4,6,183626,456,9.0,3518457786,1603706593.0,1081.3,47.7,16.8
5,1,267,3,3,3,3,160780,388,7.1,4049035286,3181902205.0,2008.09,18.3,425.4
2,7,1004,4,7,4,5,332986,693,9.9,11142377532,5889341732.0,3343.4,29.0,536.8
5,8,281,6,5,2,5,202491,246,4.0,2896431264,1161638917.0,3952.55,-0.5,34.9
9,2,962,5,1,3,7,309238,1027,7.3,6496904837,5057979945.0,2903.42,47.5,14.9
10,8,1107,3,5,2,7,10186,12,4.0,154664224,46699319.0,3714.76,7.4,22.4
1,6,1210,5,3,3,4,47842,174,7.9,1445287683,579811425.0,2434.03,23.8,303.2
10,1,1372,4,3,3,3,232212,728,8.1,7134318939,\N,1461.69,20.1,376.3
5,6,423,8,3,3,2,82787,210,6.9,2178101133,1446671838.0,3538.55,27.2,336.6
6,7,2006,1,7,4,4,213903,944,9.7,5809605480,1484107985.0,4132.04,21.0,448.8
7,7,454,7,7,4,4,52745,80,8.3,1359755551,543316455.0,1623.03,22.6,\N
9,8,507,1,5,2,3,279381,517,4.2,4458920760,1168564653.0,2166.38,-0.4,49.9
6,1,1166,6,3,3,3,190481,257,7.2,4957839468,1605195164.0,1722.19,22.0,391.0
5,3,316,1,1,4,4,251938,1026,9.6,8116837708,3474547026.0,770.45,43.6,13.3
7,8,1700,8,5,2,4,359319,328,4.2,2363312926,699600583.0,3844.67,\N,49.1
1,5,764,7,4,4,8,214830,894,9.2,6134857343,4270641789.0,2575.06,30.4,552.2
5,1,1256,7,3,3,4,447745,951,7.1,8077812319,\N,851.95,26.3,608.8
2,4,898,8,1,3,8,82748,288,7.2,2108485238,1109474961.0,1764.06,31.0,7.4
4,7,953,4,7,4,1,305097,365,9.1,5322325635,3803918589.0,3716.69,23.4,771.4
7,3,1596,2,1,4,4,434639,453,9.7,11425355393,6767937541.0,1923.57,45.4,13.2
5,8,2070,8,5,2,8,154972,387,5.1,1881840493,1436595188.0,405.24,-1.0,79.5
6,7,384,4,7,4,5,11521,14,8.9,184668956,82056774.0,571.99,25.7,820.9
2,4,103,4,1,3,6,395202,1171,7.7,7796307934,5706547129.0,4990.65,32.5,10.0
3,3,900,3,1,4,2,401323,999,8.6,9349782460,2539084503.0,2168.4,41.3,12.7
7,7,110,8,7,4,2,229848,896,9.5,3543911388,2227756314.0,3198.81,25.8,467.0
2,4,1496,1,1,3,6,413835,453,6.8,6641224080,1896650844.0,3115.65,\N,2.2
6,4,670,5,1,3,3,148693,375,6.7,3491832065,1382487312.0,872.21,37.7,6.8
5,7,384,7,7,4,7,464619,521,9.1,10367136670,6706158910.0,2025.03,20.5,536.9
10,8,2021,6,5,2,4,463140,1074,5.1,7251382980,4826085662.0,3586.39,1.0,78.7
1,7,762,2,7,4,8,112286,383,8.9,1763844631,790499426.0,2152.51,28.3,409.5
10,6,886,7,3,3,2,40160,64,6.5,1031630080,245217639.0,2966.92,20.6,565.2
4,1,2127,5,3,3,2,300255,378,8.5,3991589970,2136890717.0,1885.87,23.5,544.0
2,1,1236,3,3,3,5,223478,491,8.1,3506302776,1673687328.0,1362.15,\N,691.8
4,3,1015,8,1,4,5,91914,315,9.7,1611950966,416254428.0,142.72,46.8,1.9
1,5,1469,3,4,4,1,432775,1600,9.8,13957772745,7726593732.0,2150.2,26.5,578.7
2,7,10,2,7,4,6,3168,8,8.3,74123913,22710912.0,2012.82,21.3,828.9
8,8,1566,5,5,2,1,397954,580,6.2,5324465338,2554184246.0,2329.52,-0.3,53.2
6,6,792,2,3,3,8,54723,63,6.6,1028617286,216276459.0,82.31,24.7,565.5
2,1,1968,2,3,3,2,135738,187,7.1,1650886277,369401096.0,2610.94,27.2,696.7
6,1,1079,1,3,3,3,473492,1523,7.5,5461730220,3022183179.0,634.68,20.4,661.5
10,8,1663,8,5,2,2,293674,688,5.6,2999703705,1610731719.0,2506.32,9.2,41.9
9,6,744,5,3,3,3,1137,2,7.7,29477748,17150232.0,1743.27,16.4,274.6
7,2,451,1,1,3,7,480198,1495,7.3,7266788314,2632912263.0,266.67,44.4,\N
9,6,1117,7,3,3,2,3141,9,6.2,35949373,25011454.0,869.69,26.9,513.5
5,8,1355,1,5,2,5,123420,109,5.6,1609001856,685379340.0,1327.2,3.5,78.7
7,1,1732,7,3,3,4,110981,183,7.6,1885966721,432270302.0,1205.07,19.1,465.3
7,5,1187,6,4,4,2,208246,751,9.0,6424805592,4450115953.0,3037.46,28.7,671.6
3,2,908,1,1,3,1,271606,818,7.5,7003360710,4843822015.0,268.51,36.7,22.9
7,8,2133,4,5,2,7,359255,527,6.0,4459791570,1224765525.0,2246.78,-4.8,11.8
1,8,1749,3,5,2,7,423555,441,5.0,3623513025,783627919.0,4091.31,9.1,60.8
9,4,1115,3,1,3,3,137374,115,6.1,2121768904,1506624600.0,1463.13,36.2,5.8
10,6,1508,4,3,3,3,381706,449,6.9,5038404688,2955673653.0,3043.82,\N,342.7
6,4,1277,7,1,3,2,270282,805,6.6,6182862919,3676032800.0,4615.72,30.9,1.5
5,2,1814,7,1,3,8,179330,487,7.6,3923812132,816291539.0,3953.22,38.2,9.2
7,2,1679,8,1,3,3,445884,1345,7.8,9887656053,7032371633.0,4165.36,44.5,1.9
5,2,1268,2,1,3,1,102514,131,9.0,1442064438,530091803.0,2217.92,36.7,23.7
10,3,1064,5,1,4,5,246317,678,8.0,3320353160,2591820124.0,464.15,46.2,12.6
5,6,1634,5,3,3,4,354409,1234,7.9,9105050737,6785401030.0,2459.24,21.4,417.1
10,8,1057,5,5,2,8,347801,194,5.1,6662336835,3831453964.0,410.8,-4.1,8.8
7,7,450,1,7,4,4,416616,655,9.9,10204009041,4179250196.0,2511.58,24.2,684.9
10,5,1873,5,4,4,3,115269,111,9.2,3093404991,1809607621.0,2510.78,29.9,719.9
7,5,625,5,4,4,2,137561,469,8.1,4299867981,3037225183.0,4094.93,28.2,\N
3,8,1970,7,5,2,3,7007,5,4.7,65668202,16784756.0,2754.96,4.6,64.9
3,4,885,5,1,3,7,247768,274,7.6,3472319859,2342554853.0,548.4,30.9,1.1
10,8,319,3,5,2,1,5665,4,5.4,57939354,45911506.0,2312.08,-2.3,16.8
3,4,1396,4,1,3,6,123641,223,6.7,2760211140,1306634515.0,3674.82,34.1,9.4
6,7,1375,6,7,4,2,48072,185,8.4,617417539,199821429.0,566.56,21.0,531.5
6,4,1347,7,1,3,5,4206,6,7.9,126363802,41544883.0,2475.72,35.8,2.6
3,6,488,2,3,3,1,425681,807,7.8,6939451662,5086161949.0,2548.95,26.8,480.7
3,1,451,4,3,3,5,121423,202,8.6,3396905563,2649252694.0,4658.74,25.7,597.3
8,4,353,5,1,3,8,96647,202,7.1,1097909920,222350717.0,3897.05,\N,6.5
8,2,1140,2,1,3,2,70150,179,8.3,1795643580,1104750376.0,1259.99,46.2,18.5
7,4,1941,2,1,3,5,264961,273,7.1,6678342004,2004673998.0,4048.46,38.6,2.7
10,2,2133,4,1,3,1,365620,1582,8.7,6765761537,2093050558.0,2172.19,47.8,18.9
4,3,248,4,1,4,1,487630,2022,8.6,15076056710,11341423299.0,2518.38,45.2,8.6
4,1,568,4,3,3,3,80359,176,8.7,2114847982,1350583642.0,1881.99,29.7,\N
3,1,684,7,3,3,6,44371,143,8.3,1367052761,653499158.0,499.17,28.2,467.5
5,7,644,7,7,4,2,484496,1720,8.6,7691664697,5879571065.0,4950.75,20.6,416.2
3,6,479,6,3,3,4,80786,246,6.8,1100337634,855285874.0,478.28,22.9,493.0
8,8,368,4,5,2,7,243852,293,5.0,3276151620,1656066501.0,463.16,6.7,67.4
7,6,1845,6,3,3,6,444138,1514,7.2,9708501369,7625656772.0,642.21,27.6,311.4
3,5,357,1,4,4,4,387258,580,8.1,7801196232,4797498019.0,1420.5,24.6,\N
9,3,1369,8,1,4,8,397530,1693,8.7,7356252896,2346660996.0,2748.11,46.3,19.3
5,7,1467,3,7,4,5,194337,424,9.2,6472199448,3685116596.0,3883.18,28.1,\N
9,6,1843,8,3,3,4,151975,131,6.2,2510140680,1053916328.0,3830.66,17.2,543.9
7,2,1060,6,1,3,4,375299,465,8.8,12665590652,8978547874.0,2534.8,45.2,22.0
7,3,1645,3,1,4,7,37983,134,9.0,1303462611,801034479.0,4236.45,44.8,18.3
6,1,828,5,3,3,1,367594,694,8.8,7663305636,2316923820.0,154.39,23.4,303.1
2,8,1170,1,5,2,1,376702,235,4.6,3330497722,1401040947.0,249.19,7.7,10.3
9,8,1812,2,5,2,1,225541,184,5.6,2647310041,1216747363.0,3246.86,0.0,16.4
6,2,1925,4,1,3,4,272735,1106,8.7,9085430140,3709729240.0,2351.08,37.1,26.2
8,7,168,5,7,4,5,318635,461,8.5,5297625510,3371351574.0,2548.2,24.8,676.2
1,7,87,2,7,4,2,423389,1262,9.8,13609416016,4060223017.0,1129.61,\N,\N
5,3,154,7,1,4,7,215723,954,9.2,4844534555,\N,4194.34,40.4,9.8
1,1,315,3,3,3,3,205740,581,8.1,3891263490,891294132.0,2540.71,25.0,618.2
10,6,1855,2,3,3,8,17464,65,7.6,266912790,173317664.0,1093.56,15.4,596.6
8,2,723,8,1,3,5,52973,105,8.3,779985046,377978297.0,735.06,36.1,28.5
8,2,1982,4,1,3,7,426859,1611,8.7,8964807346,4325285612.0,4977.0,40.1,6.2
1,1,1854,4,3,3,8,219573,368,8.1,5381865973,3770636912.0,3650.73,19.2,559.3
9,2,1730,8,1,3,8,497597,954,7.3,9517040222,6676121881.0,2686.64,46.2,11.4
2,8,1129,6,5,2,7,397517,448,5.3,4422257369,1499101369.0,2854.11,-2.6,49.4
9,6,2024,6,3,3,1,15947,18,6.3,286931181,168849510.0,595.87,20.1,527.2
1,6,350,7,3,3,5,400205,795,7.9,8182271266,3704503874.0,3621.49,25.4,464.3
10,6,824,3,3,3,2,354563,417,6.4,8890738137,2356882413.0,4600.28,23.2,335.2
9,1,438,4,3,3,6,296140,1090,8.0,4785622400,2866966774.0,4491.14,18.2,665.1
4,4,2005,1,1,3,1,424281,898,8.0,6958208400,\N,3950.03,30.1,9.2
9,4,169,5,1,3,2,43897,84,6.5,1049445579,470765632.0,3280.94,44.4,0.8
7,7,23,3,7,4,6,201383,742,9.4,7382700780,4877351438.0,1372.71,21.4,458.9
6,7,281,3,7,4,3,318576,1327,9.5,9088495416,4570903216.0,1756.3,23.0,497.2
5,8,404,2,5,2,5,297835,781,6.4,3497774240,1596577979.0,4167.41,7.2,69.2
9,2,2181,3,1,3,3,449194,1185,7.6,12532332922,7705543188.0,3597.72,43.1,0.8
2,6,232,7,3,3,7,60735,52,7.9,1055574300,617421346.0,4952.44,25.0,298.6
2,2,79,8,1,3,4,314172,312,8.8,4467777177,1453268846.0,471.58,46.7,19.7
9,1,1059,5,3,3,5,436644,683,8.8,12960641865,8145717414.0,1771.77,24.4,291.3
3,2,1134,1,1,3,7,39901,167,8.8,877470871,552847129.0,4404.33,36.6,24.5
8,5,1345,2,4,4,6,133819,333,9.4,4132196901,2517465725.0,178.31,28.2,463.3
9,4,1388,5,1,3,4,224427,353,6.0,2639261520,1745824472.0,1713.02,33.9,\N
8,2,1640,8,1,3,2,187346,483,8.1,3154887905,1839753109.0,4872.39,36.8,19.0
4,2,1438,8,1,3,4,142620,356,8.2,4151668200,981165785.0,2755.96,42.6,6.0
1,3,547,6,1,4,6,157907,457,8.7,2364294138,1283208326.0,1575.9,45.7,19.4
4,8,1730,3,5,2,6,137146,213,5.2,2046053744,1247595559.0,4654.16,4.7,65.8
9,2,1317,7,1,3,2,488915,820,7.7,8805505824,\N,1767.91,38.4,24.9
2,5,1109,4,4,4,3,56812,62,8.5,1195665352,804820333.0,710.71,33.6,767.3
3,4,909,6,1,3,1,432477,1019,6.7,7710502689,5544705041.0,2917.08,41.6,2.6
10,3,1225,4,1,4,8,87979,132,8.3,1521060133,874870748.0,3585.91,48.9,6.0
8,8,685,5,5,2,3,461164,896,5.7,4742057179,1528662202.0,442.7,-1.7,43.8
6,1,2104,1,3,3,8,356428,1178,8.9,5164356577,2211608769.0,3129.35,29.5,309.4
8,7,1676,4,7,4,7,53460,116,8.8,972886464,482407021.0,1890.62,29.4,676.9
7,1,2114,7,3,3,8,228326,667,8.7,7880192405,\N,666.78,20.8,616.7
5,4,958,5,1,3,4,248937,331,7.7,6193228941,3673198397.0,3196.95,44.3,9.1
9,7,1683,2,7,4,2,259727,356,8.5,5689190071,2269252595.0,1381.98,28.3,755.0
4,1,1933,3,3,3,4,251838,280,7.3,5724831783,2286728375.0,890.08,20.6,305.1
6,8,1605,1,5,2,8,75922,53,6.1,923932778,424486560.0,514.02,2.1,28.6
2,5,702,8,4,4,6,195242,629,9.5,3381298577,2329710118.0,2036.71,24.4,569.3
2,2,821,7,1,3,7,37799,50,7.1,759226934,459333704.0,3122.53,38.8,15.9
2,4,888,7,1,3,7,362685,355,7.7,10288212858,5889571470.0,4878.62,44.4,2.1
10,7,1920,1,7,4,1,38965,131,8.9,1163822206,655903979.0,1723.29,25.7,452.3
7,3,1329,2,1,4,5,229921,334,9.2,7555755870,4795329743.0,3081.86,44.6,9.2
2,2,876,1,1,3,5,302431,867,8.4,8157289904,2074427118.0,632.1,\N,16.4
2,1,166,5,3,3,5,170231,394,7.2,4335170738,3452650468.0,4683.71,20.2,491.4
9,1,1174,1,3,3,4,461193,1441,7.8,14234537467,3165913821.0,3716.2,28.3,581.1
7,3,557,1,1,4,8,285088,1074,9.1,7850354220,2992453236.0,3572.24,41.8,13.8
3,5,1198,1,4,4,5,422631,1151,10.0,9872660160,3032492725.0,2761.07,30.1,646.3
3,8,709,8,5,2,2,189071,284,4.8,1387629883,326503983.0,2838.81,8.8,31.0
7,8,718,5,5,2,1,50613,75,6.5,1127758866,738393350.0,2261.52,-2.6,5.4
5,3,1604,6,1,4,7,293612,293,8.7,5910938061,4628247242.0,275.96,49.1,\N
10,4,2145,3,1,3,8,181668,140,7.4,2784134767,778308150.0,398.97,40.8,1.4
6,3,1101,4,1,4,6,286802,1154,9.6,6269262278,4936957108.0,999.88,43.6,6.5
8,1,2020,6,3,3,3,485213,617,8.3,9923188105,4254682242.0,981.41,\N,565.5
9,5,1261,1,4,4,6,291274,868,8.5,5989030351,1939253880.0,333.14,29.1,384.9
1,5,291,2,4,4,2,4419,9,9.3,154523592,93172369.0,2508.51,29.5,691.0
3,6,2184,7,3,3,1,420028,932,6.7,7136779753,4893826396.0,2569.05,20.1,448.9
7,3,1238,2,1,4,3,486694,609,8.3,14065748616,10962201289.0,3017.03,45.9,15.5
6,4,2118,5,1,3,5,170398,411,7.5,3090167730,1380464682.0,3946.85,31.0,4.0
7,1,746,3,3,3,3,408697,392,8.6,6565635565,5131237336.0,4683.38,19.4,697.7
8,2,1198,1,1,3,8,60268,171,8.6,1581866249,390209820.0,4742.89,44.3,11.9
6,8,699,5,5,2,7,430322,422,4.2,6123309931,3634943874.0,4503.55,0.3,37.1
3,8,524,4,5,2,4,142583,136,4.7,2316004185,1384650980.0,3720.9,9.7,49.3
2,8,1846,3,5,2,4,113379,248,6.3,2562149979,1100413304.0,3368.52,\N,62.0
7,5,1024,3,4,4,5,409535,1477,9.0,11086931520,7245930369.0,631.84,22.0,680.1
1,8,2011,5,5,2,8,454283,815,4.8,6160077480,2441818841.0,3299.12,7.3,15.8
3,3,464,6,1,4,5,481195,1950,8.8,16705165620,8999130824.0,826.56,40.5,6.4
4,6,1665,7,3,3,2,232526,224,7.8,6795944391,1550408486.0,3740.57,17.4,471.7
1,4,451,2,1,3,2,336611,512,6.3,5657892332,2651088996.0,851.95,30.6,3.3
5,4,1420,6,1,3,6,36522,122,7.0,528181164,246383521.0,3423.43,31.2,2.2
10,7,1916,3,7,4,7,97065,299,9.8,1567638576,967588091.0,407.63,25.8,449.3
3,8,924,2,5,2,4,236278,706,6.0,3123122604,1508854471.0,1601.48,-1.8,60.5
2,1,316,3,3,3,1,352191,1256,8.4,9644398344,\N,1902.2,27.5,\N
3,5,671,8,4,4,2,127906,268,9.2,4013843767,3020135026.0,1602.65,33.5,364.7
8,1,698,7,3,3,1,304103,930,8.8,6524347403,4564146118.0,1588.32,24.2,451.9
6,8,993,3,5,2,6,209169,143,5.4,2133649301,1004195904.0,2685.57,\N,31.5
7,6,1377,3,3,3,4,252479,404,7.2,4490086536,1263424636.0,4126.82,22.8,417.1
6,2,1263,4,1,3,2,463644,1756,8.3,11841050480,4674480572.0,4373.02,35.9,18.9
6,8,1128,2,5,2,1,294749,605,4.8,4039240296,2331825196.0,413.71,8.0,41.7
3,2,907,4,1,3,6,322218,1286,8.3,5225795967,\N,1002.24,41.5,15.1
8,2,1053,2,1,3,1,308782,1031,8.7,6390953688,2122314946.0,1581.03,41.5,11.9
7,4,89,7,1,3,2,499739,1669,7.3,14311475508,7262626290.0,3434.64,44.6,5.4
7,5,1587,7,4,4,5,438304,859,8.2,12546977964,3977093920.0,2042.06,30.2,560.6
6,8,364,8,5,2,6,337801,247,4.7,5459978903,2312856934.0,2410.07,-4.2,68.7
5,1,314,4,3,3,8,74754,227,8.1,1654246216,482496724.0,3932.94,25.7,532.4
10,1,548,4,3,3,6,22735,50,7.4,574536185,358488446.0,3227.46,19.6,277.3
8,6,796,4,3,3,3,297220,954,7.4,6292563508,4510827137.0,2957.91,22.9,418.9
5,2,1530,7,1,3,5,173742,360,8.1,3984095176,887075812.0,2920.88,40.2,23.4
9,5,1510,7,4,4,6,127327,424,8.5,3757674424,1584526864.0,1036.87,\N,350.3
9,5,2149,5,4,4,3,74211,360,9.8,1402899586,958469296.0,598.03,27.0,\N
1,6,107,4,3,3,1,206348,189,8.0,5153747648,1956378094.0,1666.88,22.4,280.1
6,3,857,8,1,4,2,152350,593,9.0,5056801200,3338719154.0,3853.74,45.4,11.8
7,5,291,6,4,4,6,32435,112,8.4,843245130,434167590.0,4273.57,28.8,661.3
3,5,1373,6,4,4,4,375974,554,8.4,6862728616,2663254433.0,3997.24,28.5,375.1
7,1,617,3,3,3,2,300080,530,8.9,5720665104,1391832888.0,831.14,23.5,351.9
7,6,1757,1,3,3,5,246176,971,7.9,4461349177,2671483029.0,4598.53,16.7,593.1
2,8,1251,4,5,2,3,435830,808,5.4,8350154136,3855538464.0,1968.51,7.3,46.0
7,5,977,1,4,4,2,22764,25,9.1,327093639,\N,4196.41,31.5,355.9
1,5,2037,1,4,4,3,443543,389,8.6,12335995333,6849670923.0,3149.4,33.7,600.9
5,1,1612,3,3,3,5,142802,466,7.1,3976493052,1732196287.0,3977.29,22.8,569.2
9,8,1791,1,5,2,5,244715,276,5.2,4559431994,2663644224.0,199.96,4.4,25.7
7,8,868,8,5,2,2,118466,227,6.5,2661990253,1804943735.0,2201.79,-0.8,71.3
7,5,158,7,4,4,8,371425,682,8.3,6624996297,4175548154.0,3051.53,33.1,505.6
2,1,328,1,3,3,6,199347,445,7.8,5341104170,2630899970.0,1880.74,25.8,551.7
8,3,1478,7,1,4,4,288271,736,8.0,5022833904,2396102959.0,3957.5,40.7,4.4
3,4,870,7,1,3,6,241246,762,7.8,3225266023,1780607699.0,3631.91,\N,8.9
8,7,1131,6,7,4,7,126674,281,8.9,3634733086,750084001.0,1979.6,22.4,503.5
3,1,241,7,3,3,4,489327,1310,7.3,9265993937,5089152296.0,2222.77,20.5,307.1
10,1,1388,1,3,3,8,410528,608,8.3,8647936531,5853564584.0,2482.5,23.1,454.7
7,5,1749,2,4,4,3,412231,681,8.7,8765185306,6050922797.0,2748.35,34.5,755.7
2,1,1557,8,3,3,2,91109,302,8.3,1165311442,514647181.0,1526.55,20.1,683.5
4,6,1691,4,3,3,1,436960,1460,6.7,6071908768,2450280981.0,1183.93,22.7,410.8
6,2,1563,8,1,3,5,408200,727,8.0,12441936000,5836838336.0,608.04,42.7,12.8
9,2,413,8,1,3,6,397582,609,7.7,11572021692,3491109968.0,744.61,41.7,0.6
5,3,1959,4,1,4,3,132422,421,9.1,3923610891,2702261084.0,2364.71,41.6,17.6
9,8,569,1,5,2,5,240727,388,4.6,3645377106,756324855.0,3339.03,1.4,52.6
5,1,1655,3,3,3,3,419350,1560,8.2,13146035409,4540238971.0,3346.2,21.5,370.0
10,8,1600,2,5,2,2,177571,240,6.9,3250561454,1541456871.0,2309.65,2.6,41.8
8,6,151,3,3,3,3,35412,99,7.2,792690537,274750951.0,3113.01,17.2,287.9
1,5,1284,3,4,4,3,57687,124,8.9,1670650132,539682586.0,4797.05,28.6,526.5
7,5,256,1,4,4,7,454364,1267,8.8,12786893433,8343373117.0,4912.31,30.1,694.3
4,7,2109,5,7,4,1,7050,15,8.9,193254600,105045854.0,4231.83,25.0,766.3
5,4,1796,1,1,3,3,220595,519,6.1,3910399327,2226867680.0,4576.16,33.5,1.7
6,3,1421,6,1,4,4,207872,713,9.1,4521008128,1481219961.0,723.01,47.0,5.5
5,6,1186,5,3,3,3,420073,984,6.1,6198555180,4384910215.0,1429.93,23.4,487.8
1,8,349,7,5,2,3,161169,156,5.4,2316772141,486408985.0,4772.22,-0.9,22.6
9,6,2079,2,3,3,2,360893,537,6.4,6672767212,3498574791.0,694.84,21.2,291.2
2,7,2119,5,7,4,3,451548,1655,8.3,7499444648,5804954038.0,4379.31,28.4,649.0
9,7,397,1,7,4,7,91015,163,8.6,2645624020,2055948708.0,2224.09,24.7,807.1
10,5,2050,1,4,4,1,292089,868,8.1,8477094584,3624864388.0,4876.13,24.3,681.0
2,8,1159,3,5,2,8,399058,733,5.4,5732069112,1306283926.0,3596.88,3.5,56.9
9,4,146,1,1,3,2,336774,890,7.4,9056391698,6885403086.0,1718.34,30.4,8.4
6,5,264,7,4,4,8,490422,2083,8.6,12412482735,4322050749.0,634.44,22.5,521.9
9,4,1335,6,1,3,7,364605,762,6.2,5563216011,1380678911.0,1232.46,44.2,4.7
6,2,204,1,1,3,5,239869,794,7.6,3113691515,687176484.0,3535.89,35.0,16.3
6,6,1835,4,3,3,8,492203,1193,6.6,12737524555,4006724892.0,1639.32,19.0,537.2
2,7,2107,4,7,4,4,383752,712,8.6,13003052767,7766223360.0,4748.05,25.4,644.9
8,2,988,3,1,3,4,374130,413,7.5,6035652225,1998278457.0,2697.3,42.6,19.4
3,8,1348,5,5,2,8,487467,570,4.9,4500100357,2482895037.0,2647.16,-1.5,24.2
7,5,1361,5,4,4,8,278389,247,8.7,6582953327,4144073773.0,4045.4,25.1,786.4
5,3,1727,4,1,4,5,329696,1094,8.5,6969608592,2442927602.0,3996.38,40.1,13.7
3,1,1981,6,3,3,3,450330,483,8.0,13596363360,5352165867.0,3450.81,22.8,570.0
1,3,1690,2,1,4,1,365104,1174,8.1,7866530784,3333653365.0,4762.84,47.1,18.7
8,3,908,7,1,4,1,256160,812,8.3,3905697136,1163658043.0,2919.88,40.9,7.5
3,1,1184,8,3,3,1,71121,159,8.4,944515328,356110677.0,4507.42,25.1,686.0
2,6,1259,7,3,3,1,397409,1428,7.2,9253589083,5645824904.0,2378.62,24.3,308.2
1,2,1477,7,1,3,7,387471,670,8.4,12960439984,8343445395.0,3821.74,43.1,27.1
4,2,199,6,1,3,3,209541,832,8.3,3949701171,2591576086.0,1208.73,44.0,3.5
8,6,1501,4,3,3,5,288769,534,6.1,5953839242,2262765582.0,4259.86,26.4,309.6
3,1,1057,7,3,3,8,144042,431,7.2,3871503259,1689106105.0,1796.28,21.7,379.6
1,4,1113,6,1,3,7,250670,502,7.8,6407275602,2108445297.0,3643.56,35.7,8.3
4,3,1261,2,1,4,7,438624,486,9.9,14707632931,11358391790.0,1645.83,\N,18.8
9,5,1184,5,4,4,5,472198,1915,8.3,7242761803,4296537045.0,4768.5,24.4,321.5
1,2,1856,4,1,3,8,101595,150,8.0,1907547720,1471547317.0,993.98,40.8,25.5
2,6,1314,8,3,3,4,132567,293,7.9,3502101979,1228385665.0,2659.01,26.7,227.2
9,5,1903,1,4,4,5,396572,1597,8.4,5759653099,1335475865.0,2003.07,33.5,638.8
2,7,578,7,7,4,1,386175,1157,9.9,11025914130,5351215931.0,2697.28,29.4,508.8
3,1,335,2,3,3,3,325767,1282,8.8,8454044570,2539702412.0,1192.03,29.2,614.9
7,5,1021,2,4,4,7,433557,805,8.0,6773894568,4393249173.0,2543.21,29.1,656.3
3,8,1347,2,5,2,2,173424,360,4.8,3109145472,1422440970.0,702.66,-4.7,74.7
9,5,1963,5,4,4,2,268823,1237,9.6,9182133446,4898908349.0,1193.9,32.7,500.5
6,8,611,6,5,2,1,158984,294,5.9,1873197183,971756370.0,3376.09,-3.1,13.6
3,3,329,3,1,4,6,130603,488,8.2,4167045438,2046704305.0,2370.73,40.0,7.1
9,1,547,7,3,3,4,26140,56,8.9,516474120,234945295.0,2509.68,21.1,624.1
1,5,339,1,4,4,8,289650,1033,8.0,7707007200,2161182293.0,4661.77,27.6,710.4
10,2,807,7,1,3,8,90780,158,8.4,1470962808,676285044.0,1114.46,45.0,29.0
3,1,1034,4,3,3,7,98974,176,7.7,1804652326,394475562.0,2781.19,27.1,617.1
1,2,430,8,1,3,2,381021,530,7.1,6595397305,2048625327.0,2681.04,36.3,12.9
2,6,1531,6,3,3,6,361686,965,7.7,4790169384,1089179317.0,2253.62,23.8,\N
8,6,806,2,3,3,1,389051,1084,7.2,4537890864,2243365760.0,4158.59,\N,344.9
7,7,1697,8,7,4,7,212041,600,8.7,4477224510,1914660262.0,2855.99,23.9,410.6
2,4,1613,7,1,3,7,83737,70,7.4,1584454766,\N,4111.08,43.8,5.0
2,6,2083,5,3,3,7,385157,1200,6.7,9486108784,3095352717.0,4307.13,25.6,228.0
9,5,1999,2,4,4,8,362235,1654,10.0,7378726950,3849956927.0,402.6,34.8,310.7
6,1,557,6,3,3,3,387818,838,8.1,11654318718,2553391395.0,4692.27,27.4,300.6
5,6,1686,4,3,3,2,465333,1093,7.6,6425876463,1651513411.0,3827.48,27.2,517.0
10,2,491,8,1,3,1,176775,285,8.2,2607749444,893594001.0,2447.43,44.6,1.2
6,5,1604,1,4,4,2,4536,11,8.8,106577856,43325494.0,4108.74,26.0,396.8
9,6,254,2,3,3,3,201644,499,6.6,5159707000,3881081260.0,1187.93,\N,250.7
7,8,17,7,5,2,5,357213,528,4.4,5526227995,3588340572.0,4106.08,0.3,10.1
10,8,261,7,5,2,8,305873,751,5.3,2754294603,1165910830.0,2803.68,-1.8,50.4
10,3,1849,8,1,4,5,435333,363,8.1,7807000822,5099994408.0,2248.94,\N,3.2
9,2,1280,5,1,3,3,217695,780,7.3,5098068588,2314347954.0,2875.99,47.6,20.5
4,7,1887,8,7,4,3,254383,796,9.4,6802964569,1675286444.0,3596.81,28.0,598.8
2,7,1448,5,7,4,5,71370,162,9.4,2395034460,486638667.0,1422.9,23.9,723.2
8,7,501,3,7,4,3,221416,262,9.2,4393867670,2222845984.0,532.55,20.4,494.9
4,2,1016,5,1,3,7,282229,1209,8.8,9134736705,4498495199.0,4538.69,35.6,\N
9,7,2055,3,7,4,3,33181,118,8.1,1015398325,726032746.0,4755.09,27.7,792.6
4,4,1223,1,1,3,3,402483,801,6.5,7419371622,2313988358.0,3142.19,36.8,8.5
8,3,2040,4,1,4,5,434975,1654,9.5,8694280300,2487150595.0,2577.72,49.3,0.4
9,4,1686,3,1,3,5,421798,1564,8.0,5891674464,2988709743.0,316.89,\N,3.5
9,8,2100,2,5,2,6,231768,377,5.1,3124070402,1992085451.0,2107.89,3.8,68.2
10,6,1243,6,3,3,8,268125,488,6.6,5947709625,1586936615.0,1734.45,27.0,357.4
4,3,109,7,1,4,8,312019,392,9.9,10116436027,7738705962.0,1947.77,48.2,14.2
1,2,921,2,1,3,2,400436,1178,7.4,8427415881,\N,3610.8,40.0,29.7
3,4,66,7,1,3,5,434138,990,6.3,7748451610,2940119657.0,1838.19,38.8,3.8
9,5,202,4,4,4,2,69684,225,8.6,1351981094,619886816.0,3966.04,23.4,461.8
4,3,1818,8,1,4,7,210793,635,8.9,4693896365,2401540515.0,4954.31,43.2,16.9
5,2,214,5,1,3,7,228719,449,7.8,2874037210,1804096606.0,2754.25,39.9,21.7
7,1,2116,6,3,3,8,216233,761,8.0,4623926472,2511561086.0,1424.11,27.6,584.7
5,3,327,2,1,4,5,155108,482,8.2,2924064994,1683519274.0,4791.39,49.6,18.1
4,3,1074,6,1,4,4,136799,324,9.3,4286145228,2737360361.0,3672.38,44.5,0.4
2,6,1041,3,3,3,2,259922,770,7.1,5279821578,2809946218.0,1162.84,17.3,230.1
2,5,523,4,4,4,8,15258,72,9.7,456440018,133258028.0,4972.18,23.8,776.5
4,6,988,2,3,3,8,71547,141,7.5,1813716450,478341151.0,100.73,26.4,424.3
10,7,1004,5,7,4,3,108854,439,8.1,2123175499,1516829593.0,2901.16,28.7,537.4
10,3,504,6,1,4,4,290914,1056,9.7,8304751049,5823902855.0,3438.17,43.7,5.2
9,8,1249,5,5,2,6,383551,641,6.6,8303112048,4226050243.0,953.0,-2.2,31.1
8,3,756,6,1,4,5,346861,1258,9.7,7624074152,2303857431.0,304.05,49.1,2.0
3,7,1342,2,7,4,8,171733,400,9.8,4431295292,890080938.0,86.59,21.5,692.0
9,5,1868,4,4,4,5,421156,1220,9.7,7332957693,3364627372.0,4634.0,24.4,602.8
5,5,1915,1,4,4,6,45004,205,9.6,1563114931,1124693921.0,2934.81,32.0,414.1
3,8,1382,2,5,2,4,354455,468,5.2,4915723722,1984402738.0,896.95,3.4,\N
5,8,1507,5,5,2,1,151290,428,6.4,1797083136,714656686.0,3097.55,-3.7,45.9
10,4,1453,1,1,3,7,346626,313,7.4,4422115857,2362251571.0,62.45,32.5,0.8
4,2,1521,8,1,3,3,146248,229,7.6,3765710502,1769052544.0,1899.73,41.3,23.4
8,2,1595,4,1,3,2,287884,594,8.1,9094255560,\N,3851.28,47.7,4.8
5,4,1888,5,1,3,4,254947,750,7.5,6220069432,3014181448.0,543.45,30.6,2.4
10,2,1324,4,1,3,2,362412,1336,8.0,5494165920,3782038655.0,3038.51,46.8,26.3
8,3,2132,6,1,4,5,406553,1125,9.2,9500330504,4326741008.0,1612.8,\N,4.5
9,4,1653,2,1,3,1,338456,1146,7.7,4034260137,1647784001.0,537.87,40.9,9.8
4,4,1344,4,1,3,6,299117,663,6.6,5559268915,1597327329.0,4131.97,43.6,8.0
7,2,1379,5,1,3,1,276739,763,8.2,9045269562,5672959847.0,2763.98,41.4,7.6
2,1,1009,2,3,3,2,204020,767,7.9,2477272046,820393931.0,3966.55,22.6,372.6
6,8,1318,7,5,2,6,194210,213,5.3,3024121594,\N,4843.98,5.0,46.4
8,2,539,5,1,3,7,935,3,8.9,15902386,11769185.0,958.65,42.7,\N
7,6,17,5,3,3,5,43800,49,7.0,658270200,232401181.0,727.84,17.6,589.2
7,1,575,7,3,3,6,463648,1692,7.9,10541593657,7982464098.0,4905.24,23.7,683.2
8,4,1803,7,1,3,7,409729,941,7.1,6871237275,5146723748.0,1204.85,30.6,2.9
7,1,1063,1,3,3,6,56748,96,7.2,1007572089,799883945.0,2163.25,22.5,391.1
5,3,130,3,1,4,1,84117,95,9.9,2753931698,1968407899.0,4189.81,48.6,11.5
7,5,2163,4,4,4,3,385461,992,8.6,12361502993,3306021403.0,1190.29,29.5,587.7
10,1,1474,4,3,3,5,287122,1101,7.7,3913185738,2360735434.0,3571.83,23.9,273.3
3,6,950,1,3,3,4,46918,31,6.7,999320557,256373929.0,3944.98,18.4,384.6
5,5,1069,8,4,4,8,466374,1349,8.5,11706220587,\N,2507.17,33.6,319.7
7,3,216,6,1,4,4,274847,294,9.7,5366690006,2098761642.0,2462.77,40.7,\N
9,6,1624,8,3,3,4,337418,853,6.3,6409086201,1342510427.0,1182.08,22.4,225.5
2,7,1439,4,7,4,3,322385,581,9.4,5285050736,1895166871.0,3148.38,22.1,589.1
4,5,1003,7,4,4,5,113988,140,8.2,1628250187,467573482.0,1044.37,33.5,780.3
7,7,1947,8,7,4,6,386613,489,8.9,6978055359,3270780638.0,1350.24,24.1,469.1
1,3,1464,1,1,4,2,296830,1147,9.6,7198008768,5351962726.0,3001.95,41.1,16.1
2,5,617,4,4,4,2,15268,13,8.4,284589412,126447086.0,1423.63,34.4,321.2
9,5,1870,4,4,4,5,404929,965,8.9,9813332836,4604308987.0,2345.92,33.7,608.4
10,2,301,5,1,3,3,445916,950,8.4,13915254696,5690404237.0,4754.27,43.8,7.4
7,6,985,1,3,3,5,368108,787,6.6,5118983469,1670293983.0,2993.88,21.4,461.6
10,8,1195,7,5,2,8,205328,465,4.6,2734352976,2028720244.0,3766.85,3.0,7.6
7,6,406,6,3,3,2,224838,292,6.0,3160772604,2457750548.0,3529.69,15.0,320.3
6,1,161,4,3,3,5,466895,1500,7.4,8630647454,3766366520.0,4766.17,24.0,265.4
3,7,1819,6,7,4,4,339878,1373,8.4,8213763650,5752338611.0,578.86,24.5,557.9
10,7,1576,3,7,4,8,50292,75,9.4,903415312,319513428.0,959.35,24.0,\N
3,6,26,1,3,3,7,339576,847,7.7,9169876346,2561572631.0,3444.55,22.1,285.3
2,6,83,1,3,3,6,307814,366,6.1,7172681828,2955454994.0,4239.37,16.0,510.1
6,5,173,1,4,4,5,286229,1043,8.3,4646870569,\N,3745.25,29.6,594.7
4,7,999,7,7,4,8,423489,1382,8.5,6029424637,4380264911.0,780.89,27.2,670.5
5,4,1709,8,1,3,8,105222,289,6.9,2667440833,977532456.0,3415.04,40.9,4.7
3,8,6,7,5,2,6,334667,759,5.9,4928440108,\N,3159.49,-4.9,39.6
6,2,525,5,1,3,1,70811,249,7.5,900715920,286537299.0,2707.83,45.6,28.7
3,8,2111,8,5,2,5,62020,136,6.1,684384498,249236320.0,2842.23,\N,8.8
8,1,2046,1,3,3,2,264629,947,7.9,6367873478,4721688457.0,3055.36,26.3,256.6
9,8,761,5,5,2,8,201924,452,6.5,2635512048,1705225794.0,946.0,4.4,65.9
4,2,205,7,1,3,7,78259,144,8.5,1819991304,1078279845.0,1695.71,38.6,17.4
9,1,897,3,3,3,2,315963,442,7.8,3916108614,\N,3081.29,27.8,428.7
7,3,1789,2,1,4,8,84449,177,9.1,3056268424,2323912243.0,443.2,46.2,4.2
3,5,2088,5,4,4,7,138777,456,9.2,2083653388,498862361.0,3565.22,30.7,330.9
7,6,1189,4,3,3,6,418765,542,7.4,12085557900,4424491537.0,3740.26,26.6,392.5
1,6,2036,1,3,3,2,87536,292,6.9,1633815672,1033461835.0,761.89,24.1,516.4
3,4,1553,8,1,3,4,98974,315,7.0,2352117110,725971525.0,1456.18,40.5,0.8
6,8,877,2,5,2,2,322075,669,5.5,5082182462,2080698968.0,1193.9,7.8,67.6
4,7,825,5,7,4,1,429728,2048,9.7,12517589884,8076818831.0,1089.11,28.8,474.9
7,7,1483,8,7,4,5,215963,287,8.2,5665098223,2520333431.0,1865.03,20.4,458.6
3,2,1817,8,1,3,3,212666,589,8.2,6312777544,4503649984.0,3785.21,44.8,22.0
1,2,1102,6,1,3,2,56683,113,7.6,1617619454,882067684.0,2063.27,46.5,26.0
9,2,839,7,1,3,5,235851,712,8.3,4525886349,3544894889.0,2697.39,39.9,29.9
6,7,600,6,7,4,8,345809,1388,8.8,11244325444,6593076437.0,657.16,23.2,878.2
8,6,1962,4,3,3,8,8269,17,7.0,182447216,114864672.0,3091.54,17.5,324.6
3,7,938,2,7,4,4,9489,13,9.2,226103891,159283694.0,4995.66,25.8,475.6
8,2,425,3,1,3,5,323734,380,7.1,6286428679,4026464638.0,3659.02,41.0,21.8
2,5,2138,5,4,4,2,125877,420,9.7,3014666036,2025077537.0,2450.34,34.8,365.7
4,1,997,6,3,3,2,145311,185,7.5,2977422390,1660782992.0,2383.08,27.2,625.3
3,6,1268,6,3,3,6,104823,144,6.9,1463916088,494270545.0,4616.43,25.7,289.4
10,5,422,5,4,4,7,415667,1281,8.8,10549295926,5067067369.0,2068.87,33.5,774.0
1,3,1206,6,1,4,2,78968,76,8.6,1517843927,1179951117.0,3645.46,45.8,7.2
7,8,1658,3,5,2,1,490403,1239,5.8,8754870517,4191095074.0,3069.35,\N,4.7
10,5,2101,8,4,4,5,230197,901,8.3,5233229538,3823195180.0,3152.4,32.1,383.3
2,8,1014,6,5,2,6,381266,664,5.1,5880036758,3570107052.0,464.48,1.8,44.5
4,5,685,5,4,4,8,262414,858,8.3,4168761286,1052742383.0,3345.63,25.5,597.7
9,3,293,1,1,4,7,319115,636,8.5,9599457872,4873493842.0,3228.01,49.0,14.2
6,5,1078,6,4,4,3,184619,692,9.9,3755981245,853773079.0,3721.32,31.5,582.7
8,1,16,5,3,3,1,42528,71,7.9,779453184,345814771.0,3403.46,19.8,567.3
2,6,176,8,3,3,3,187887,220,6.5,4861857955,3765068495.0,4405.18,16.8,268.5
7,8,1564,8,5,2,8,336695,868,5.4,5861725272,4381029910.0,4987.27,4.0,49.0
6,4,1430,1,1,3,2,416655,1339,7.2,10211714064,5316143312.0,995.39,38.3,9.7
9,7,1491,6,7,4,3,118520,361,8.5,3765735960,2443539803.0,4447.97,23.5,817.6
7,3,1904,6,1,4,3,464590,801,8.7,9454081286,4996543816.0,1495.94,49.7,8.7
1,8,129,5,5,2,1,445535,733,4.1,5147622282,2757244598.0,1346.85,1.7,63.0
8,6,884,4,3,3,8,43554,157,7.7,766646218,488067986.0,1161.37,27.3,338.3
10,2,1268,4,1,3,1,140408,386,8.5,3186559560,1905958088.0,2753.68,44.5,0.8
3,8,426,2,5,2,5,135416,338,5.3,1849525269,465737686.0,2658.34,1.1,64.4
2,1,750,4,3,3,3,272547,815,8.5,7128330511,3055198526.0,4260.09,25.4,470.7
3,4,744,3,1,3,1,44140,161,7.8,823890756,318820597.0,2223.22,38.5,0.4
6,1,1027,8,3,3,5,271138,667,8.8,8537159523,6727082016.0,3928.39,27.2,300.9
3,8,479,2,5,2,3,429745,942,6.9,7214430136,4582732499.0,4872.76,-1.4,70.4
10,1,976,8,3,3,7,80270,317,8.0,2521762320,1826424451.0,1011.85,24.8,680.3
5,2,44,4,1,3,3,455927,1399,8.8,6194771334,1620441594.0,464.17,46.3,3.0
6,4,947,1,1,3,6,413860,979,7.9,10596430054,2445195502.0,1781.51,31.2,1.2
8,7,1560,7,7,4,8,251339,263,9.3,7066119512,4044967238.0,4793.19,29.8,887.8
7,1,1940,5,3,3,2,154958,347,8.3,4666157279,2459306260.0,3925.08,21.4,364.5
8,2,99,8,1,3,7,240692,221,8.3,3777733147,963431775.0,2298.53,38.1,7.0
3,3,171,4,1,4,8,374099,527,9.8,10532906984,5881519790.0,510.74,46.6,18.6
4,2,148,1,1,3,1,131907,246,8.5,1909419778,1350431804.0,1516.71,35.1,28.2
6,5,2171,7,4,4,4,84298,133,9.3,2871687238,865080719.0,4439.94,\N,386.5
7,8,112,2,5,2,7,421583,700,6.3,5856420244,3138994710.0,812.26,\N,15.2
9,6,1023,5,3,3,6,35120,94,7.5,1041220200,739363565.0,3288.73,25.5,\N
1,8,68,8,5,2,8,5255,7,6.7,132102292,97876974.0,3084.78,-2.1,43.2
8,8,828,4,5,2,1,494020,908,6.2,11568663948,8423690772.0,1587.34,-2.4,29.0
8,2,1753,2,1,3,6,373847,1211,7.3,7769699585,5484201305.0,2972.83,41.7,5.2
6,2,1632,8,1,3,2,169578,566,7.4,2292660644,945412384.0,3699.4,36.2,13.5
4,2,1310,4,1,3,6,8288,23,7.5,181755840,\N,342.11,47.1,17.4
3,8,160,2,5,2,6,423291,753,4.8,4266773279,2110629929.0,3995.82,-1.0,41.9
3,7,1785,8,7,4,5,346693,977,9.1,10856032578,2898439692.0,2328.37,22.3,620.3
6,1,1809,4,3,3,7,333312,1041,7.5,5107173120,2636124846.0,1149.41,19.3,559.0
8,7,1014,7,7,4,1,312764,596,9.0,7811280900,4068997198.0,2719.37,24.1,537.6
7,4,877,1,1,3,7,27032,97,7.4,302255604,215959799.0,341.92,44.9,7.8
1,2,552,3,1,3,3,19409,31,8.1,609199987,152247718.0,4216.19,43.5,10.9
6,2,1176,7,1,3,4,346910,1279,8.9,12331471006,3554486387.0,4961.28,46.3,21.9
7,5,1164,8,4,4,5,260687,912,8.4,6886829166,3784697223.0,3404.21,33.3,704.8
7,5,1391,1,4,4,7,1249,4,8.8,37260168,10986744.0,1624.69,28.9,653.0
9,3,1152,5,1,4,1,404651,1186,8.7,6213618430,4813770371.0,4469.17,42.7,14.4
10,3,1309,4,1,4,5,278693,266,8.5,5149967947,2720001919.0,1593.92,43.5,11.6
5,5,1493,3,4,4,7,130245,453,9.4,4128349716,1286344337.0,1839.37,32.1,599.2
1,4,1242,7,1,3,3,265559,360,6.1,5974227711,1401889876.0,4615.07,37.7,1.5
2,3,436,3,1,4,6,490758,2027,8.3,6769810306,3614905497.0,3121.69,45.3,17.2
4,6,732,5,3,3,4,137528,231,7.9,3098615862,2155337135.0,1931.95,15.3,259.5
5,6,1169,8,3,3,7,324053,578,7.8,9445691275,5007217119.0,2238.22,24.9,514.2
9,4,1865,5,1,3,7,216836,290,6.4,2549297484,1934607032.0,3416.66,36.7,7.2
1,5,1301,3,4,4,3,401295,1396,9.6,6129219312,4784417278.0,3281.46,30.6,428.3
3,3,1778,5,1,4,4,139799,308,9.4,5034357708,\N,1849.89,48.6,12.7
5,2,60,5,1,3,5,78745,247,8.1,1306922890,932737679.0,641.22,40.9,2.2
3,5,1634,8,4,4,6,151505,353,9.8,3435709186,2222570577.0,2133.99,31.8,375.3
4,3,1138,4,1,4,6,219113,975,9.4,7616630815,4420316068.0,3366.33,44.2,5.7
3,4,1519,1,1,3,1,371525,469,6.2,8393790020,6567753405.0,1365.97,30.1,8.0
4,6,336,6,3,3,4,56377,74,6.1,692270096,176750691.0,4427.26,15.5,598.6
1,8,831,8,5,2,8,18317,30,6.1,302127924,149993873.0,1729.77,4.4,73.5
8,4,1593,2,1,3,3,422850,1450,7.1,9036727350,3517418622.0,1063.23,32.9,2.1
4,8,285,8,5,2,4,245748,195,5.3,2305361988,1837623987.0,2130.2,-4.1,44.4
7,3,2177,3,1,4,8,393796,1052,9.0,10955010924,4158241049.0,1226.43,43.9,9.4
2,4,1916,2,1,3,7,305106,649,7.3,4886638717,1698919182.0,2300.84,37.9,7.4
2,3,2002,3,1,4,5,87925,278,8.0,2520282200,1179109820.0,489.16,42.5,12.9
6,3,960,3,1,4,6,209815,469,9.6,5710325040,1270782392.0,2215.38,44.9,1.6
2,8,1622,1,5,2,5,184235,230,5.4,2711018025,1543401418.0,3705.91,-3.3,72.5
6,4,71,7,1,3,5,55830,117,7.3,1559728293,442555915.0,1447.42,32.7,5.5
2,1,1122,7,3,3,7,216434,536,8.2,4585976739,2433284202.0,4921.87,25.9,621.2
4,2,1324,3,1,3,1,484622,783,8.6,12920022520,9419385417.0,964.29,37.7,13.2
7,5,884,3,4,4,8,130024,426,9.7,4066214547,1566886238.0,1749.43,27.7,347.7
8,6,1099,1,3,3,5,239798,193,6.0,3162456024,1200674802.0,2485.3,27.6,541.4
3,2,143,5,1,3,1,25259,56,7.7,579982002,294722501.0,4224.94,48.0,13.6
9,5,1047,7,4,4,7,381985,807,8.7,5377050050,2370403784.0,2202.07,24.0,622.8
2,5,1069,6,4,4,7,157319,584,8.6,4111594992,3068807924.0,3691.41,33.6,525.8
8,6,92,8,3,3,2,494062,721,7.4,6701555780,4987360690.0,124.32,16.3,\N
8,2,2082,2,1,3,4,313083,888,7.0,4670259111,2236020722.0,176.65,35.3,26.8
4,6,678,3,3,3,8,488763,1121,7.9,14599301933,9180879560.0,237.84,21.5,299.0
1,3,382,1,1,4,6,167900,764,9.9,4855315410,1763044430.0,164.61,44.7,\N
1,6,1704,3,3,3,6,270437,531,7.0,6849087462,3772813654.0,1062.15,20.1,458.5
2,8,966,7,5,2,3,338254,724,5.4,4851374169,3351388616.0,2999.84,-0.4,47.2
9,8,1180,1,5,2,6,312077,148,4.0,2607715412,1743901380.0,3962.45,1.7,27.0
2,4,501,2,1,3,1,463962,1161,6.4,10933171737,3170757770.0,2859.77,43.5,2.6
2,1,459,4,3,3,6,434257,1428,8.3,7576308176,4725949594.0,452.46,18.2,453.3
6,1,50,7,3,3,1,369556,511,8.0,11583363264,3774390885.0,3532.93,21.1,\N
7,1,970,5,3,3,6,148272,274,8.0,2641613952,1345365574.0,2787.15,30.0,598.8
7,2,988,8,1,3,3,110295,260,7.9,2787386269,2202479017.0,1615.14,\N,5.0
9,8,532,8,5,2,4,19847,61,6.9,334417980,83876447.0,925.18,1.9,\N
6,2,1004,4,1,3,5,493111,758,7.3,10874724816,2439350493.0,450.97,39.5,14.6
8,3,1116,1,1,4,4,224528,700,9.6,3252602419,1704044749.0,2498.91,43.8,2.6
6,7,1480,3,7,4,1,284627,610,9.4,5538272166,4349471263.0,4213.87,23.7,406.3
2,1,339,5,3,3,8,83096,134,7.7,1665501437,1142988274.0,548.4,22.3,427.6
1,3,1659,7,1,4,7,99928,372,9.6,1856262527,640354880.0,575.12,43.6,6.4
5,8,1877,2,5,2,5,338662,598,6.2,3420418467,2500626979.0,1408.68,4.1,17.0
9,7,1874,8,7,4,2,230989,591,8.9,3494863570,1913369402.0,1931.1,\N,499.3
8,1,2052,7,3,3,3,461224,1154,7.9,14418000607,11014804087.0,4965.25,27.0,482.6
4,2,1705,6,1,3,4,142712,485,8.5,3696169444,2494194929.0,2719.82,42.1,27.4
5,7,281,5,7,4,5,73803,185,8.2,2140537930,683732238.0,4148.87,25.4,662.7
5,4,1314,8,1,3,3,86642,123,7.8,2053779296,989310688.0,1166.06,30.6,9.0
6,4,2121,3,1,3,4,300126,845,7.2,6692329598,4220115337.0,4554.48,39.0,9.7
3,4,1161,8,1,3,1,386946,1447,7.8,5375376442,3217510493.0,3731.93,42.4,1.0
5,6,971,8,3,3,1,192289,488,7.3,5339711698,2451682205.0,1704.78,21.1,572.4
2,4,998,4,1,3,7,204769,677,6.9,3258161466,2377749382.0,3784.17,36.7,0.7
10,5,1417,1,4,4,8,400859,983,8.2,8710666070,2512319152.0,4438.26,22.6,694.2
1,1,208,4,3,3,8,107751,205,8.3,2555110238,1509916026.0,1829.47,21.4,447.0
1,4,260,7,1,3,1,241836,181,6.3,6036371661,3063953109.0,4166.5,39.6,0.9
10,7,930,5,7,4,8,120059,454,8.6,2735112102,892607245.0,2253.49,29.9,820.3
7,8,263,6,5,2,2,229272,182,4.5,1847817684,536178929.0,3739.64,3.4,55.1
2,5,783,3,4,4,6,129112,274,8.6,3455450278,2152425729.0,1507.17,23.8,548.9
4,5,505,1,4,4,1,131500,427,8.2,4210761500,1058284720.0,3469.54,28.2,383.4
5,5,1574,3,4,4,8,364784,1156,9.7,11797041603,4121199227.0,4386.73,34.6,349.8
7,3,203,3,1,4,1,351873,1018,8.9,9285400660,2670882669.0,2424.19,44.6,8.9
2,7,1760,6,7,4,6,471416,679,8.2,14387804886,3363855184.0,3903.65,20.5,428.0
6,3,2014,5,1,4,1,441072,1899,9.3,9721667952,6014900866.0,2806.38,47.5,5.3
1,5,2100,4,4,4,5,466633,582,9.7,12614909858,\N,4253.14,26.6,671.5
7,6,1380,3,3,3,7,381806,573,7.4,6882587678,2318200104.0,1223.82,21.2,219.7
9,4,45,7,1,3,3,31518,37,7.8,580183344,208196326.0,165.8,36.3,8.1
5,8,1402,7,5,2,2,126372,55,4.3,2134473628,573165839.0,3367.62,8.7,68.1
5,1,789,3,3,3,4,261998,336,7.6,4135690829,1796791665.0,3896.61,\N,549.7
4,7,1436,3,7,4,6,123871,295,10.0,4679846380,1778705757.0,438.76,22.2,854.4
3,6,2190,1,3,3,8,263327,284,7.1,7082126999,1733831214.0,3310.32,25.2,257.6
9,2,2085,3,1,3,8,166315,282,7.3,4141293394,2990897871.0,1091.47,38.5,8.1
5,3,2093,7,1,4,7,459555,1566,8.2,9055347452,7000035132.0,4949.52,41.7,8.8
8,4,1656,3,1,3,7,405905,478,6.6,6263438874,2417401602.0,3925.1,32.2,1.2
9,4,1070,8,1,3,6,313748,229,6.5,5247278426,3646224176.0,815.3,44.4,0.5
5,2,1676,8,1,3,6,106713,410,8.6,1432579339,871579489.0,2401.34,46.7,2.7
10,2,301,5,1,3,2,233880,431,8.7,5611857047,2808621623.0,3948.91,35.8,\N
9,7,288,7,7,4,3,337632,458,9.5,6142370160,1878109965.0,2632.71,20.1,634.1
2,4,786,3,1,3,7,204505,337,6.1,3680067475,1113131796.0,4894.51,35.1,1.8
9,2,1266,6,1,3,1,50682,90,8.4,1270800468,753298099.0,2191.49,46.4,23.0
4,4,1806,8,1,3,6,399542,990,7.7,12148993456,7238648898.0,4440.07,42.0,5.4
6,6,1820,6,3,3,1,185075,622,7.1,5190428375,1501060629.0,507.14,21.6,357.0
6,7,71,7,7,4,4,403102,567,8.3,6433870711,4059966958.0,2767.63,29.7,736.4
6,8,835,3,5,2,6,106523,267,5.3,2228929861,1033227483.0,4976.62,1.5,57.4
2,2,612,6,1,3,7,306963,1005,7.8,5475790171,3411162348.0,3409.01,43.7,1.2
7,6,1417,5,3,3,2,74461,164,6.2,926548007,493715599.0,811.43,19.0,442.6
6,6,1329,1,3,3,2,273756,520,6.2,3133192171,693399798.0,3320.06,\N,440.2
1,2,191,6,1,3,7,428202,1113,8.1,9878106297,4082955684.0,2155.51,41.8,22.3
2,7,1748,7,7,4,7,66528,124,8.5,2205968688,479396075.0,3535.62,20.4,\N
7,4,2126,6,1,3,4,208582,430,6.3,4961915481,3170648285.0,1789.59,43.1,6.0
1,8,1582,4,5,2,2,117202,142,4.1,818339524,254861589.0,2497.22,4.5,47.1
1,5,1629,5,4,4,2,467281,1153,8.8,8729930554,6679486210.0,1124.96,\N,662.3
1,4,889,6,1,3,2,57186,47,6.6,796749663,634553234.0,846.83,36.3,0.5
8,1,17,1,3,3,6,45784,114,7.2,1153756800,841166797.0,1527.86,\N,621.6
4,2,815,4,1,3,4,107340,125,7.2,1633800672,638871026.0,3890.31,38.9,17.0
4,3,1598,7,1,4,6,137458,357,9.1,3534952402,895721582.0,3977.26,47.0,14.1
2,7,1067,7,7,4,4,408128,748,8.5,11874688224,7555613072.0,2740.5,27.0,426.4
1,2,2026,3,1,3,8,384959,1575,8.9,11251427668,\N,974.56,39.4,27.5
10,1,109,5,3,3,3,74492,246,9.0,1022402700,309801892.0,4055.17,28.7,404.6
9,6,284,8,3,3,2,192491,270,6.7,3934843274,974841290.0,4341.36,16.3,394.2
7,3,1961,6,1,4,3,29915,133,9.5,441066760,182352967.0,556.6,46.9,11.9
4,3,1630,3,1,4,8,149628,456,9.4,2406526975,781990179.0,2100.56,49.0,13.9
6,4,737,5,1,3,5,86067,155,6.7,1926007326,1101865950.0,2777.27,31.2,1.1
2,5,1142,7,4,4,5,23272,33,8.3,748292542,315500444.0,4039.28,27.5,378.7
7,4,932,4,1,3,2,41888,73,7.6,1207496998,526373499.0,3179.08,36.3,4.3
2,7,603,6,7,4,1,52814,58,9.5,1749542971,905881189.0,2089.66,22.9,759.6
10,3,1364,7,1,4,7,342960,839,8.9,12181904904,4763552071.0,2344.86,44.0,13.2
8,8,1825,8,5,2,5,227036,254,6.2,2325393526,923003527.0,2173.65,0.9,25.6
8,8,491,1,5,2,1,380242,490,5.8,8199690584,3348381663.0,678.01,0.9,40.2
1,3,2067,8,1,4,8,74681,306,9.2,1107549102,700403577.0,3940.99,47.2,\N
8,8,1199,5,5,2,3,287568,331,4.9,3734070480,1617332623.0,367.48,2.7,63.9
2,8,1642,7,5,2,2,48721,134,6.5,1123287015,293419383.0,3445.97,7.0,60.1
6,5,801,7,4,4,7,304025,1211,8.9,6531855515,3979281648.0,807.78,24.3,739.1
1,7,760,8,7,4,3,355518,928,9.7,5972844607,4574287807.0,2125.17,25.0,509.1
5,2,1166,1,1,3,6,236509,854,7.4,5639036785,1359062563.0,649.59,37.8,16.5
7,5,1487,8,4,4,3,177313,378,8.1,3721285662,2746701158.0,2976.89,27.2,732.4
10,6,1494,8,3,3,4,81519,232,6.7,1007697118,416363652.0,4511.47,22.5,519.9
1,4,705,3,1,3,2,279609,1049,7.8,6468698293,3430286145.0,3063.57,39.8,2.7
2,8,815,7,5,2,4,167002,77,4.5,1183626675,345391809.0,1995.7,-1.0,49.5
7,2,803,3,1,3,3,218844,376,7.1,3595475613,1330671745.0,4692.74,37.1,27.4
6,4,373,4,1,3,1,163379,439,6.6,4301344284,1501023223.0,1517.67,32.6,8.2
3,8,1492,4,5,2,2,16466,37,5.3,222887069,51075640.0,1317.11,\N,34.3
10,5,1462,2,4,4,2,4758,17,8.3,157847125,90855996.0,3590.7,26.0,643.2
2,2,2190,2,1,3,5,269567,970,8.9,9272700449,6216233019.0,4786.49,\N,19.8
10,5,823,4,4,4,1,224035,491,9.5,5633696127,1254144391.0,3903.07,23.7,360.0
4,6,222,6,3,3,6,109362,281,6.1,1558364755,363140394.0,1960.18,16.7,473.8
3,1,1388,8,3,3,1,26105,71,8.4,657846000,\N,1412.56,21.5,530.2
7,3,994,3,1,4,8,427808,618,8.1,11473425532,3464468851.0,2344.41,48.2,17.0
8,7,1212,1,7,4,3,244045,417,9.5,7569665787,2691682803.0,3716.69,20.3,406.5
2,2,2161,7,1,3,8,33368,45,7.2,911026483,373073351.0,1438.38,47.9,23.4
10,3,1205,8,1,4,3,410515,663,9.7,11288957242,8853369441.0,4204.47,47.4,14.7
7,1,1926,7,3,3,3,480695,847,8.0,8667892240,3459641647.0,3200.24,20.3,590.8
8,2,598,4,1,3,5,75611,262,8.8,1358034048,468872045.0,2441.22,40.2,5.8
6,3,485,8,1,4,1,46710,191,8.7,1243513619,278754547.0,497.17,46.1,18.3
6,3,1667,6,1,4,4,408946,711,8.8,8377831334,4673890009.0,2131.34,43.1,6.6
10,2,2051,8,1,3,1,256885,608,7.1,2872616512,2127584953.0,1236.01,40.0,10.2
1,3,1502,1,1,4,4,493063,540,8.2,15982439919,8524657212.0,2569.96,45.7,17.6
4,3,662,2,1,4,2,18630,53,8.9,645486651,452195467.0,3286.87,44.2,12.3
1,2,2115,1,1,3,4,97050,363,8.9,1557332235,391090535.0,1624.6,42.0,6.0
4,7,1555,4,7,4,7,152447,483,8.9,4885758658,1262763566.0,4073.78,23.1,549.7
2,3,2020,3,1,4,2,194480,565,9.0,3616161120,2086827800.0,4342.94,40.8,19.6
5,3,1342,8,1,4,8,80663,268,8.9,1310168777,337780288.0,1217.96,44.4,19.3
10,7,2146,4,7,4,8,24541,48,8.3,767301360,377594541.0,187.78,28.3,443.4
9,4,1081,7,1,3,6,398159,1015,7.4,6028286523,1849602012.0,898.86,37.7,9.6
10,6,88,7,3,3,6,272124,235,7.0,4110705144,1137506831.0,2295.22,17.2,580.3
3,4,52,5,1,3,7,54512,85,7.4,1007261833,519558738.0,3379.35,39.4,9.9
8,8,1748,6,5,2,3,455199,510,6.8,4943279060,1390271503.0,3003.42,2.7,67.6
3,1,41,6,3,3,7,266814,869,7.9,4757373664,1650806875.0,2934.59,29.7,692.5
6,4,2139,6,1,3,1,234024,208,6.1,4062797054,1329116905.0,1194.44,41.3,7.2
4,4,39,5,1,3,3,481845,1160,6.3,6669264829,5229144387.0,844.25,38.3,6.2
8,1,2152,5,3,3,1,33305,60,7.2,707877792,145340941.0,226.48,29.2,259.3
6,3,2091,3,1,4,4,435441,971,8.1,12447037440,3057692790.0,2183.07,44.0,19.9
8,3,209,6,1,4,8,176409,643,9.8,4759408974,3415959599.0,1541.41,42.2,7.0
1,4,600,4,1,3,8,174996,540,7.2,4838289408,2472165709.0,2764.04,\N,0.7
6,1,605,5,3,3,1,5306,10,8.0,156251088,49849986.0,3031.35,29.1,367.7
1,3,1710,4,1,4,8,169183,227,8.5,5323681461,1879607242.0,1475.63,44.9,18.2
1,5,2157,2,4,4,4,486719,1557,9.3,15195415851,10906062984.0,2788.18,26.6,753.4
8,2,214,6,1,3,1,492135,1952,8.3,15754766968,11881973469.0,3062.7,47.3,27.9
7,2,1628,5,1,3,7,122952,173,8.0,3292162752,1152033338.0,4405.99,38.5,12.0
3,6,1717,5,3,3,7,17162,34,6.9,353358715,115873023.0,774.67,16.5,298.4
6,2,1577,3,1,3,7,50105,45,7.4,1355560712,568526278.0,1950.82,45.5,10.6
9,4,2125,4,1,3,7,87123,106,6.4,1850631916,1354375553.0,1623.24,42.8,8.7
7,2,2143,3,1,3,2,439844,1281,8.8,6881975161,1417934532.0,1311.41,40.3,5.0
3,2,269,3,1,3,4,152420,402,7.3,3878753676,1728760389.0,2155.59,37.0,26.3
6,5,683,4,4,4,7,357221,615,9.4,7387330280,2900362296.0,4715.45,23.0,330.1
4,3,162,2,1,4,3,181024,801,9.7,6302042819,3530477630.0,4223.6,48.4,8.8
3,5,465,4,4,4,3,107712,409,9.6,2489956761,1198780033.0,2635.74,24.3,464.7
9,4,823,2,1,3,3,6542,14,6.3,164528683,48945401.0,2026.31,32.1,4.6
10,2,2005,3,1,3,3,464318,634,8.4,12133743703,8156957034.0,2187.81,38.1,18.8
2,7,2100,2,7,4,2,124755,337,9.9,2853022095,1656417448.0,1300.49,22.5,748.1
1,3,488,6,1,4,2,230070,865,8.8,4703182968,1397593289.0,3305.66,42.0,0.8
2,6,2140,2,3,3,5,460580,1099,6.6,11685098832,3766409498.0,1357.62,22.0,297.2
7,6,651,8,3,3,5,203501,152,7.4,3102169244,2134578463.0,600.74,15.2,377.1
10,8,1756,2,5,2,7,250613,295,6.0,2819396250,776204651.0,1638.67,8.9,49.8
1,8,1635,8,5,2,5,368081,726,5.0,4210846640,2630056753.0,2461.09,8.0,76.4
6,2,1772,5,1,3,6,59823,129,8.4,1683921733,511533531.0,3655.37,43.7,\N
7,2,719,5,1,3,7,79797,186,8.4,1316458987,717339059.0,2462.19,41.5,0.9
9,6,1168,7,3,3,5,407898,865,7.8,5793701612,2793445794.0,222.17,22.4,416.9
8,6,199,3,3,3,1,145966,407,7.1,4013816857,\N,3536.65,24.9,221.3
6,7,1347,4,7,4,6,450256,1098,9.8,16930796265,7288993367.0,3881.68,23.2,527.7
3,4,1823,2,1,3,4,276527,703,6.5,5113675547,3816116290.0,560.41,44.2,0.5
8,2,1356,6,1,3,3,280585,963,7.4,5952835243,3991687124.0,3619.93,\N,22.6
7,6,1725,5,3,3,1,416076,505,7.8,8597045527,5736497621.0,3301.09,19.9,452.7
3,7,803,4,7,4,6,188253,767,8.3,3678124764,1350460354.0,1981.72,22.4,769.0
9,1,701,6,3,3,7,228769,483,9.0,3518695989,1682593663.0,3991.93,24.8,558.8
2,6,503,2,3,3,2,101928,351,7.2,2763064224,\N,3567.31,16.9,282.2
3,3,469,4,1,4,3,496902,1308,9.0,17535174678,12116783021.0,2867.6,50.0,11.9
2,3,2010,7,1,4,4,64548,192,8.5,1779846552,1041912930.0,3825.03,\N,13.6
1,1,1975,8,3,3,4,187843,671,8.6,6414951155,1308880514.0,2208.13,\N,558.2
4,8,1730,8,5,2,7,402436,388,5.3,3988543195,2168468407.0,3063.65,8.0,35.1
5,4,1937,6,1,3,7,74725,141,7.9,1557874272,355327004.0,252.25,36.3,3.5
6,8,624,1,5,2,2,302194,449,6.5,7083125166,2985926985.0,2283.22,-3.7,1.6
5,2,967,6,1,3,3,236174,757,7.4,6864916892,5059298111.0,3045.1,38.0,1.8
1,8,663,6,5,2,5,73182,33,4.1,592291198,154575611.0,69.2,-2.1,41.8
3,2,751,2,1,3,3,493830,800,7.5,12240811125,3123477833.0,2014.75,37.7,10.1
1,6,1873,8,3,3,3,8414,16,7.1,91640239,63499766.0,2694.18,24.6,206.2
5,3,1419,4,1,4,4,63453,65,9.6,1612416873,582997424.0,1883.95,45.9,13.5
5,4,1099,2,1,3,8,216337,358,7.0,3658691344,810205303.0,1843.72,36.6,0.6
6,4,383,2,1,3,2,444993,842,7.5,11467469610,6551903667.0,4299.26,41.1,1.0
8,4,1394,1,1,3,3,466593,435,6.1,8624038419,3089366563.0,4824.04,32.3,\N
10,6,1653,7,3,3,1,65629,213,7.0,1188016158,532927752.0,528.1,20.6,279.8
1,2,176,6,1,3,1,492339,1803,8.3,10236466318,3194196110.0,4558.01,43.4,18.2
4,4,228,4,1,3,7,278035,546,6.2,3409710026,2431559588.0,1924.65,44.6,2.7
10,6,2039,7,3,3,2,90506,317,7.1,2117985209,1190211499.0,1227.31,26.0,588.5
1,6,1366,3,3,3,5,118551,396,7.7,3581081912,\N,790.77,27.2,542.6
9,1,1986,5,3,3,6,240637,219,7.5,2864181892,1309262923.0,3750.2,28.7,519.7
7,5,1263,7,4,4,3,102190,160,9.9,3287963250,1072684431.0,3631.39,22.5,586.6
7,8,1636,2,5,2,6,291929,249,4.6,3627101053,2102453731.0,518.85,-0.4,52.0
5,4,1021,2,1,3,3,95337,116,7.6,1165818970,324789914.0,4799.45,30.7,2.5
7,5,1712,8,4,4,4,126096,380,8.8,3983624832,1840993603.0,408.83,34.5,414.4
2,2,350,2,1,3,3,36606,111,8.0,1008568512,420866300.0,2509.82,36.9,24.2
4,6,441,2,3,3,6,123365,386,6.8,2727205382,1090008356.0,3244.31,25.4,493.0
7,7,1612,5,7,4,5,227225,952,9.9,3704971792,2367842226.0,4446.65,22.9,426.8
3,8,1385,3,5,2,3,189160,188,6.1,3448935364,1237611781.0,1384.5,-2.6,7.2
2,8,288,1,5,2,3,498754,384,6.8,10127100219,7822759786.0,1374.4,4.7,49.3
10,4,2056,3,1,3,7,122446,228,6.7,2585043218,950471591.0,3917.28,43.8,7.2
2,7,2135,5,7,4,4,329049,1433,8.9,9696383027,\N,2084.39,\N,799.1
1,3,998,4,1,4,8,116647,267,8.1,1453164996,788305919.0,1068.28,47.2,6.5
5,2,1423,1,1,3,8,203892,496,8.3,3824606136,1830729317.0,155.59,39.2,2.4
6,1,74,1,3,3,1,98268,279,7.7,1247738276,338108954.0,3741.83,23.4,592.0
6,1,1463,4,3,3,1,86529,74,7.8,1129826458,688710799.0,124.36,26.8,389.4
9,5,430,6,4,4,7,7542,27,8.7,135561416,34487466.0,3205.95,26.6,382.8
4,6,1472,2,3,3,5,105233,324,7.3,3018261336,\N,2172.88,\N,284.5
1,5,846,8,4,4,2,255122,501,8.2,6543777251,1722478438.0,3190.63,23.6,521.2
6,3,1731,8,1,4,2,66721,161,9.6,1771042224,1184776916.0,3812.44,46.1,9.5
5,3,36,5,1,4,4,475009,726,9.4,7376319759,4715815469.0,3255.81,44.2,10.7
10,8,1114,4,5,2,6,234903,159,5.6,2553301648,1905217294.0,2355.29,-4.7,74.1
6,1,1021,8,3,3,6,374945,1392,7.7,10176944662,5210570604.0,4542.11,29.6,305.6
3,7,1439,3,7,4,3,51626,65,8.2,1130722977,565480033.0,67.78,21.1,592.7
2,4,1998,3,1,3,8,57246,196,7.2,1250115249,900147618.0,286.24,32.6,1.1
6,1,1320,6,3,3,8,124391,368,8.4,3948618147,1498826992.0,2458.24,25.1,573.9
1,1,619,4,3,3,4,75612,273,7.3,912954410,369120684.0,1273.86,26.9,661.4
7,7,170,5,7,4,6,348702,870,8.9,9167584801,6278563686.0,2180.5,28.5,833.3
7,8,146,6,5,2,1,484738,1218,5.9,4530167452,2673099859.0,1471.54,-3.2,4.6
10,8,868,6,5,2,7,235340,308,6.5,5895502340,4455867892.0,1194.67,2.5,61.8
7,7,420,6,7,4,5,490783,556,8.9,10090007697,4945390594.0,4619.01,20.8,560.3
10,3,1996,8,1,4,8,103919,343,8.8,2101491585,1449678346.0,1122.4,44.6,0.5
1,7,1714,8,7,4,8,425056,1632,8.4,10529317209,6865223501.0,502.79,23.6,424.9
4,5,573,1,4,4,2,155365,187,9.6,2736909840,1107848500.0,1167.34,30.8,467.4
7,3,1960,1,1,4,7,192042,566,9.6,5986179590,2060584809.0,2164.74,42.2,10.1
9,7,1027,2,7,4,3,17450,58,9.1,585318370,119797408.0,1155.41,24.8,899.7
5,6,1287,8,3,3,7,28993,79,7.2,326901873,\N,533.73,17.6,495.3
2,3,321,5,1,4,2,123083,125,8.5,2179246056,517302210.0,1379.89,46.2,7.1
7,3,1600,3,1,4,1,468909,1820,8.7,12548567530,8122999725.0,4536.99,42.1,1.5
10,1,1613,3,3,3,3,340574,578,7.4,10035625943,4829509381.0,3775.88,18.9,445.3
1,4,477,2,1,3,1,253557,392,7.1,5344956204,1965531101.0,1204.84,41.3,3.6
7,1,1827,3,3,3,2,61414,58,7.6,1168266239,377436945.0,3055.44,27.3,\N
6,2,783,6,1,3,2,130159,353,8.1,3092226410,1540986007.0,4287.65,36.4,0.6
7,3,533,8,1,4,1,428949,974,8.6,14674688449,3152124227.0,4856.29,45.7,7.7
10,7,1363,2,7,4,3,250404,1007,8.4,4690567728,1687748133.0,417.67,29.7,436.8
3,7,1948,2,7,4,1,162611,222,9.4,5713695229,4243271989.0,1058.8,27.5,505.8
3,7,1165,4,7,4,3,4848,9,9.6,74418739,25724125.0,4720.14,29.4,761.9
7,3,1971,1,1,4,4,266570,448,8.3,5489289411,1335698575.0,4429.82,47.9,8.1
2,7,579,5,7,4,4,155515,608,8.2,2980196151,711652865.0,1530.41,\N,867.1
1,2,1374,5,1,3,3,93752,109,7.3,1323609486,654570052.0,1028.61,39.9,18.8
9,3,1594,1,1,4,1,208813,1003,9.7,8039154330,6149708985.0,4086.2,41.4,12.4
9,7,1748,6,7,4,7,375760,1635,9.4,12369568288,9112215434.0,570.84,29.2,742.3
7,3,2178,5,1,4,7,332190,1452,9.9,9921950577,5169692420.0,3118.24,49.4,7.8
7,6,2034,3,3,3,3,249137,631,7.5,7063033950,2379737017.0,4542.7,19.0,345.4
3,3,2059,3,1,4,8,1900,7,8.1,23977620,13640460.0,941.25,47.1,7.4
10,2,257,5,1,3,2,367655,700,8.8,5079521480,3830916170.0,669.59,\N,18.1
2,1,1418,7,3,3,8,354324,678,8.1,8988916420,6435241851.0,3234.29,21.6,660.4
7,3,1443,7,1,4,7,358407,1159,8.4,8420700783,6625442295.0,3090.28,42.2,7.9
9,4,882,8,1,3,1,131523,371,7.6,1545342640,508417304.0,383.02,36.9,4.7
1,2,19,4,1,3,6,476376,1675,8.1,10985564023,4873311726.0,1838.13,44.7,17.5
4,5,110,5,4,4,3,252590,925,9.2,7694194508,2747855680.0,4638.18,31.0,374.1
6,6,1461,2,3,3,2,410802,906,6.0,5893365492,4224507344.0,1187.51,26.8,322.3
7,2,1058,6,1,3,5,6755,24,8.5,167716517,67669336.0,2667.34,35.1,1.0
10,1,1312,8,3,3,2,128683,534,8.4,4258892568,2244658910.0,1794.99,28.4,251.6
7,7,1868,8,7,4,6,299800,1012,9.8,7492002000,5033295337.0,4527.18,23.0,595.1
10,7,1003,2,7,4,3,42415,117,9.0,606958650,216018010.0,2627.31,26.9,667.6
2,2,255,1,1,3,1,419165,565,8.4,10943224488,7689637402.0,2279.6,42.3,7.0
4,5,638,6,4,4,1,93020,204,8.5,2972919200,1313368005.0,4463.18,23.5,697.9
5,7,2043,6,7,4,4,259049,806,9.7,4304384088,1253808651.0,3238.77,20.0,771.8
1,6,2182,3,3,3,6,164337,123,6.3,1606821451,893212194.0,1817.9,24.8,315.7
1,4,397,6,1,3,3,466379,1542,6.8,4966376695,1339641798.0,4965.97,30.3,0.8
10,5,1622,4,4,4,2,323366,367,8.5,4812817861,1989978627.0,4583.26,25.7,761.1
3,8,685,5,5,2,2,35088,92,5.3,701465260,407758963.0,1359.75,2.8,76.7
10,8,1857,2,5,2,6,24790,24,5.0,232902050,151556180.0,217.7,8.5,62.3
3,2,2067,3,1,3,3,185468,548,7.6,4000322198,944058475.0,648.08,43.8,8.8
8,5,1011,8,4,4,2,389705,913,8.0,7055219320,3404419839.0,815.51,31.0,571.3
9,7,2167,8,7,4,7,32199,36,9.3,1042088436,355027277.0,3687.8,28.2,450.9
1,7,302,7,7,4,5,381723,574,8.0,7231360512,2148847858.0,1911.64,26.4,530.2
2,2,227,8,1,3,6,114615,450,8.1,2574401899,1488083241.0,1729.06,44.0,29.7
10,7,1531,3,7,4,4,257694,708,8.9,8857406629,2040998198.0,2816.01,29.0,793.1
2,7,1236,4,7,4,1,18263,74,9.5,662590771,363843230.0,720.89,25.4,740.2
4,4,356,4,1,3,8,194495,664,7.4,5302244892,1214885904.0,1415.54,33.0,3.6
2,4,701,4,1,3,2,320266,260,7.5,7770453825,6096130189.0,2450.47,36.4,5.5
7,1,1784,4,3,3,5,90458,298,8.5,2273616601,973747317.0,2369.15,18.9,677.4
9,4,1587,7,1,3,3,135919,240,6.6,2919050811,2168397316.0,3077.64,34.8,9.3
7,3,1215,2,1,4,2,26107,33,8.9,700542184,247800882.0,1584.03,49.9,9.5
6,5,1046,4,4,4,6,29757,83,10.0,1020962670,204726096.0,1942.38,29.5,767.6
10,5,1646,3,4,4,3,214835,903,8.8,3788658192,1496265980.0,363.71,24.9,414.9
1,2,1351,3,1,3,8,153226,323,7.3,4402612012,3250145946.0,3262.72,45.8,18.9
10,4,365,7,1,3,5,214096,248,6.0,2877450240,1406396832.0,2521.61,37.9,8.4
9,1,1068,6,3,3,5,285547,657,7.9,6325322925,3329745858.0,256.95,23.2,303.0
5,7,519,5,7,4,7,404563,1138,9.9,13092912825,9362378336.0,2548.53,20.4,\N
5,1,1627,3,3,3,1,220075,414,8.6,4748646305,2265815151.0,1342.95,22.1,388.5
6,1,1345,3,3,3,3,440961,1185,8.9,11275240481,7013955202.0,776.22,20.4,418.5
9,6,1646,7,3,3,4,132163,300,7.1,3486935726,1149958454.0,75.25,23.5,471.5
8,7,982,2,7,4,8,24922,49,9.6,748856256,\N,4908.5,20.8,742.6
8,3,2037,8,1,4,1,63715,288,9.1,901019301,689340951.0,4742.3,47.3,2.3
8,4,922,6,1,3,3,55815,109,7.9,1142030715,849317160.0,4133.22,32.1,7.3
1,7,957,3,7,4,7,86374,292,8.8,1527023220,885911972.0,1119.81,25.0,478.9
1,1,361,1,3,3,3,352767,1307,7.9,8483199709,6375503223.0,4350.74,23.8,496.1
8,7,1311,3,7,4,7,47548,78,10.0,1812054280,876846137.0,4491.11,22.1,648.7
5,3,182,8,1,4,5,171119,269,9.7,3173641421,1923233944.0,454.01,48.8,15.3
9,5,1475,5,4,4,6,361069,785,8.4,11898378970,3031743239.0,2631.42,26.8,418.2
2,2,2145,5,1,3,5,115003,423,8.6,2453773009,\N,579.14,37.0,12.0
9,4,563,6,1,3,3,226204,522,6.5,3865487054,1439153931.0,2688.89,40.7,9.1
8,4,314,6,1,3,6,199384,392,7.0,5416665128,1302877785.0,4229.38,43.0,6.4
9,6,2069,4,3,3,6,27720,57,7.6,567761040,315854854.0,3151.91,24.2,\N
4,5,403,2,4,4,5,192989,616,9.5,2887597912,\N,361.59,24.4,510.5
1,4,1148,8,1,3,7,237971,334,6.9,6512171603,5161420708.0,98.67,41.0,2.7
1,6,613,5,3,3,7,171416,591,8.0,3672416384,1405018492.0,516.73,18.3,458.0
5,6,1877,1,3,3,7,99681,162,7.2,1268899257,786821752.0,4548.23,21.4,415.1
2,6,1614,1,3,3,3,361733,873,7.2,9087022346,4097256180.0,4927.0,27.2,558.7
8,8,693,4,5,2,3,84496,45,4.6,1018734473,416302346.0,2442.87,1.0,51.1
10,4,1735,2,1,3,6,47738,86,7.2,1118787768,732625758.0,1817.55,41.5,2.0
5,4,1726,2,1,3,1,251931,687,7.3,4082793786,2200310171.0,1754.38,33.7,9.6
5,4,840,6,1,3,1,131672,137,7.4,2890964097,1663306390.0,2153.64,43.8,8.6
2,3,2151,3,1,4,4,140139,515,9.0,4128074523,1348788552.0,2006.62,46.0,\N
7,6,1811,1,3,3,1,337017,470,7.0,3725048901,1802634161.0,3847.82,25.5,257.4
8,3,753,1,1,4,2,65927,254,8.4,1745535993,527196631.0,2664.83,44.6,7.9
10,2,2182,7,1,3,8,134954,280,8.1,3330759187,2440399966.0,477.67,37.1,26.6
1,4,1459,1,1,3,2,61355,190,7.6,1722971110,505324023.0,484.99,44.8,0.8
2,8,937,1,5,2,5,416060,691,4.9,5549325068,3850234970.0,600.04,-3.7,5.1
10,7,1342,7,7,4,6,240808,547,8.5,5231794608,2159238937.0,1976.44,29.2,871.5
4,5,1694,5,4,4,2,454588,1205,9.8,12522899306,7756369601.0,1382.52,29.3,\N
5,8,505,2,5,2,1,318139,173,4.8,5749408008,3589548719.0,1882.46,-3.6,12.7
2,1,1970,3,3,3,6,316612,863,7.2,5491571817,\N,513.66,21.0,442.2
1,2,52,5,1,3,8,342091,1160,7.8,10414413149,2885739573.0,4538.73,39.1,\N
9,7,1470,2,7,4,4,444891,733,8.9,6327328780,4462053041.0,4149.83,\N,544.5
1,1,1406,4,3,3,3,204400,787,9.0,7058545200,2890160020.0,2819.19,22.7,496.1
4,1,2000,1,3,3,4,422858,1247,7.4,7988717907,3700918323.0,2877.24,19.3,697.8
2,4,389,3,1,3,8,92564,318,7.6,1068595841,559992602.0,2545.44,32.6,7.0
4,5,1673,2,4,4,1,149001,615,8.9,3560602396,759132547.0,1179.89,27.3,669.5
8,1,674,8,3,3,8,18981,32,8.4,586740672,393167372.0,3289.09,26.6,614.6
8,6,1890,4,3,3,1,185545,199,6.8,3338474076,885338983.0,503.96,19.7,\N
9,7,1503,1,7,4,8,413966,1817,9.7,14094300401,9834967872.0,2943.19,23.1,810.0
5,8,593,4,5,2,1,356387,757,5.1,2746353860,2127865362.0,2228.87,-0.4,40.0
7,8,83,7,5,2,5,219701,160,6.6,5286796983,2675935372.0,336.09,9.5,48.4
3,1,414,4,3,3,2,158162,480,7.7,3789941108,2305255541.0,2190.9,24.5,354.4
10,2,198,5,1,3,8,369024,744,8.6,7442107008,4664210426.0,2977.12,42.1,13.1
4,5,1713,4,4,4,1,65141,175,9.9,2262294817,677665254.0,444.0,23.1,421.2
10,5,1304,5,4,4,8,101153,345,10.0,3099327920,1141688880.0,1527.16,30.4,699.7
9,8,300,8,5,2,3,421690,975,4.8,7721987280,\N,1052.23,\N,1.5
10,1,129,6,3,3,2,213875,270,8.9,7395048937,2305955245.0,167.71,26.3,639.5
10,5,1907,5,4,4,2,442622,431,9.3,10006930962,7646457091.0,454.67,22.7,325.9
1,2,1716,7,1,3,5,293090,943,8.9,4343154165,2787792296.0,985.93,43.7,13.3
2,8,207,7,5,2,4,265229,153,5.7,5583096972,1558480554.0,3019.51,8.3,33.1
5,7,2025,4,7,4,6,214194,895,8.4,3020906498,2061759366.0,4718.98,28.2,702.8
3,2,294,2,1,3,2,133668,134,7.9,1639932591,\N,3301.63,38.7,7.6
2,2,1964,4,1,3,2,426802,1099,8.9,10692883907,5765301053.0,4903.19,44.3,14.1
1,6,1874,4,3,3,1,434696,772,6.1,9097796053,7040092342.0,4840.53,26.7,471.1
10,4,2007,2,1,3,3,389028,498,6.3,9085398814,4126324983.0,2626.88,34.7,8.2
3,1,2077,1,3,3,1,261186,269,8.3,3427361047,1374813817.0,1148.51,28.7,545.6
1,7,2089,3,7,4,3,115779,448,9.7,3005298658,2285767536.0,4569.72,21.5,711.1
1,8,1216,6,5,2,2,201212,498,5.5,4248490774,883758146.0,2700.03,1.6,3.0
1,5,1773,8,4,4,3,256648,506,8.7,3523417732,782199436.0,801.7,\N,526.5
8,2,626,1,1,3,1,51112,158,7.1,1089774285,864089681.0,1923.91,45.6,7.0
3,8,278,4,5,2,1,229735,490,4.6,2659917777,650912729.0,1702.47,9.0,41.0
1,1,529,1,3,3,4,420838,1778,8.6,7651003175,5967729101.0,1832.89,29.6,680.3
7,7,2134,3,7,4,8,444779,1604,9.5,7909949736,2506342957.0,541.53,26.4,736.7
10,7,1925,7,7,4,5,396842,953,8.8,10804896502,6759926173.0,2334.47,20.1,613.0
3,1,1881,1,3,3,4,160540,520,7.4,3754067360,1824926176.0,2653.92,24.3,384.8
8,4,1926,3,1,3,2,437241,913,7.4,10900680474,\N,4388.46,31.2,1.9
4,6,693,8,3,3,3,40180,106,6.4,725682944,543676046.0,368.09,21.4,572.1
4,5,1361,1,4,4,1,295250,1125,8.2,4052837700,2890274282.0,4063.3,27.3,436.8
5,6,863,8,3,3,1,220339,628,8.0,4732881720,1231398111.0,3160.45,15.8,494.7
6,7,225,5,7,4,8,286072,1088,9.8,10902833278,3489687938.0,4834.81,24.9,406.5
7,5,1918,4,4,4,1,431832,1416,8.2,5874556161,2651653581.0,4150.42,23.7,366.3
4,7,1968,3,7,4,8,263914,957,8.5,8214851078,3826347580.0,2281.94,20.7,760.0
8,2,1957,6,1,3,6,253426,456,7.6,2969949979,861533302.0,3907.49,38.8,13.2
6,2,1840,4,1,3,1,33549,125,8.1,919591509,279836326.0,4617.36,38.4,7.7
1,1,68,5,3,3,6,421108,1501,7.8,12964483552,8515180460.0,2505.05,22.1,568.5
1,5,1643,7,4,4,2,340724,1199,8.7,8104392919,3867967394.0,1367.86,26.9,741.5
9,5,1021,1,4,4,5,349776,342,9.4,6819092985,4917215291.0,2053.04,33.0,698.2
10,7,1101,4,7,4,8,228041,631,8.1,6969229413,\N,2143.17,23.1,662.7
6,6,1563,1,3,3,4,133401,410,7.0,1850805474,1387505513.0,3027.75,15.5,260.5
10,2,1525,1,1,3,6,123932,425,7.9,3583369848,1624339429.0,2159.89,45.7,19.2
8,3,1471,4,1,4,4,344518,1343,8.8,8358557908,5006839975.0,3020.86,44.5,19.8
7,1,1716,3,3,3,8,299151,1230,8.9,4124125601,913884850.0,214.12,21.9,426.9
6,8,1583,3,5,2,6,137848,420,6.6,3125152007,633927339.0,1914.42,-4.0,50.5
4,5,1383,4,4,4,1,183688,716,8.7,3381549129,1033698395.0,3357.8,28.8,482.7
7,4,1301,3,1,3,1,22500,24,7.6,649629000,288179514.0,601.09,31.0,5.4
9,4,1337,2,1,3,3,375369,652,7.8,4749018440,1999980871.0,1113.87,41.3,3.5
10,3,1243,1,1,4,1,303175,329,9.7,10713325292,5210066596.0,3668.12,41.5,16.7
10,2,1706,4,1,3,4,126847,282,8.9,2946528963,1737436873.0,3322.58,45.4,28.4
7,2,1902,6,1,3,3,212345,637,7.3,3352906315,2512066299.0,1761.41,35.2,15.4
1,2,1968,5,1,3,7,147856,232,8.0,4691175168,3227614474.0,4962.28,47.2,15.1
10,6,1680,8,3,3,3,453984,635,7.2,5824796313,4449956419.0,1588.41,23.3,268.4
9,7,1316,7,7,4,1,101611,118,9.8,2109078560,852798998.0,1273.56,23.7,670.9
4,4,2114,4,1,3,7,3419,7,6.9,49116670,39006016.0,1738.47,44.8,1.4
3,2,731,4,1,3,7,404912,1140,7.4,9932896272,2027297781.0,3767.11,37.6,22.8
4,4,568,1,1,3,3,444438,355,6.7,9010624899,2816726643.0,507.28,34.7,6.1
4,3,1749,5,1,4,5,158444,363,8.9,3899069174,1594007063.0,1473.79,44.5,1.2
10,1,1630,1,3,3,1,424254,1139,7.8,7399329163,4244958619.0,3059.25,24.1,610.5
2,7,596,6,7,4,5,202864,823,8.8,6808765004,2098703686.0,4331.03,22.7,871.2
1,6,648,7,3,3,1,400423,396,6.2,6914103941,3703282797.0,2209.8,16.5,528.5
10,5,1554,8,4,4,6,486164,1787,9.6,16176426470,12408279651.0,1933.67,28.2,735.7
1,3,125,8,1,4,5,224140,442,9.7,5596282692,2702811222.0,1786.44,46.8,11.1
8,7,1538,3,7,4,8,351440,915,8.0,8201203840,3831923392.0,312.54,20.5,886.5
2,4,1356,4,1,3,7,209704,603,7.8,3497107785,1314476126.0,4694.05,37.8,2.2
10,3,480,1,1,4,1,483888,493,9.9,9590563382,7402028358.0,269.0,49.1,5.1
5,5,1002,8,4,4,8,20459,31,9.3,361891067,249205158.0,2831.37,31.2,750.0
4,7,712,7,7,4,8,314624,980,8.2,6485910835,5029182915.0,3977.76,29.9,542.8
8,6,1971,6,3,3,4,281602,387,7.7,7825522458,4804024017.0,4290.71,24.3,423.4
2,8,1422,6,5,2,6,462634,1081,5.5,4793813508,1643611903.0,964.04,2.3,73.3
10,1,1818,7,3,3,6,200872,589,7.6,4315775094,2945188226.0,211.12,28.1,618.3
9,5,815,8,4,4,6,174779,697,9.1,5479234260,4045805249.0,3853.57,30.0,458.5
7,7,56,8,7,4,8,15650,56,9.3,396464580,162585075.0,353.92,26.9,790.2
7,6,1655,2,3,3,1,397140,1010,6.8,7037638512,1702531663.0,2213.38,27.5,342.3
1,4,132,4,1,3,4,50750,154,7.0,1266821500,715673393.0,1806.98,38.3,6.1
2,5,231,6,4,4,2,145843,363,9.3,4334862320,\N,714.46,\N,408.9
4,8,395,7,5,2,6,339175,898,5.8,6521317725,2877859903.0,2679.5,8.7,69.5
4,3,982,3,1,4,2,276226,1215,8.9,9784477372,5339538942.0,798.16,42.3,18.9
3,2,933,8,1,3,1,210440,748,8.8,5457466784,2755630880.0,3338.34,36.2,20.1
7,3,1530,1,1,4,8,306711,571,9.4,7579626258,\N,3994.23,41.6,11.1
8,4,1410,1,1,3,6,197305,390,7.3,2634357168,1484644531.0,1194.64,31.8,3.8
2,7,533,2,7,4,4,259724,558,8.1,4823931769,1235736360.0,3713.69,29.3,538.3
4,8,965,3,5,2,4,125471,260,6.7,2075578923,1204287951.0,3249.96,5.3,32.9
3,1,2174,6,3,3,6,330868,1036,8.4,4188391838,2115336153.0,1385.3,20.7,283.7
2,5,555,7,4,4,7,7598,7,8.9,137678799,32877496.0,1016.0,34.3,579.8
6,7,1494,2,7,4,3,154085,276,9.7,4456970259,2915183753.0,4378.68,22.4,450.8
4,1,385,6,3,3,3,108564,300,7.8,3049323919,2152263548.0,1047.4,21.9,309.4
6,4,712,6,1,3,6,9562,15,6.7,235120018,158898706.0,438.95,41.8,4.6
2,5,1472,4,4,4,8,66545,117,9.2,2201521544,744216476.0,1624.67,25.6,545.0
4,6,654,5,3,3,7,471477,1124,6.2,7532976619,3008974086.0,4527.49,16.0,402.6
6,6,1143,7,3,3,5,355212,1058,6.9,8004844504,\N,2950.02,19.5,398.4
5,7,1117,6,7,4,3,95003,384,8.7,2505200609,1554939316.0,3605.23,20.6,552.7
3,3,1609,1,1,4,1,318893,1178,8.1,4259421911,2344358825.0,1133.16,44.7,15.2
8,7,538,6,7,4,3,477524,1592,8.7,6925482819,4377011284.0,2494.66,25.4,768.9
7,3,1457,2,1,4,3,162918,780,10.0,4288001760,2409844059.0,3965.47,43.6,10.9
3,8,1898,7,5,2,7,196953,468,5.1,2109366629,904508135.0,1880.57,-4.1,40.0
6,4,1092,8,1,3,1,363198,440,6.7,8295551279,\N,3595.14,\N,0.6
4,6,700,6,3,3,1,37939,43,6.2,627806984,368699197.0,2937.01,15.0,405.8
5,8,1902,7,5,2,7,136582,243,6.3,2928167839,1085418346.0,1709.92,7.6,69.2
5,5,2179,8,4,4,5,263628,491,8.0,7898294880,2227283717.0,2097.43,23.1,433.5
7,6,733,8,3,3,4,296207,1024,7.1,5817090790,4141384068.0,3694.74,24.7,543.8
5,3,1305,1,1,4,3,498109,1779,9.1,10778979138,8582372607.0,3756.32,49.0,1.0
3,7,1813,1,7,4,8,374994,780,8.2,10171937246,7656988069.0,4462.69,27.7,819.3
10,4,1676,2,1,3,6,460099,622,7.2,8980764400,2521629057.0,2717.66,35.7,0.6
5,6,513,1,3,3,6,116579,316,6.6,2866864136,648521966.0,2246.95,19.3,573.5
7,8,1,3,5,2,2,106397,198,5.1,973468711,574776283.0,3915.98,\N,12.4
5,4,1966,3,1,3,4,130757,293,6.3,2024824447,920408326.0,1960.44,44.1,8.1
5,8,432,5,5,2,1,219209,486,4.9,1996796701,1146785579.0,2986.34,6.4,28.4
9,6,1290,7,3,3,6,282021,453,7.9,5587738477,1267715729.0,3813.71,26.3,352.9
3,7,399,3,7,4,7,401343,607,9.5,10995995514,7549207914.0,4628.64,20.5,574.9
6,1,808,2,3,3,3,430941,1569,8.1,5787451441,1409604939.0,4449.42,\N,284.0
1,7,1280,6,7,4,5,168911,170,9.0,5341979286,2514767745.0,3320.23,26.3,412.5
10,6,952,3,3,3,7,275235,846,6.2,6639824187,3894035467.0,151.65,24.0,447.7
5,3,1069,5,1,4,8,289452,511,8.8,4737750336,2454353778.0,3705.55,48.7,1.9
8,7,855,7,7,4,2,355068,963,8.7,7475601671,2830192714.0,1689.55,22.5,711.4
5,5,745,4,4,4,4,272273,1121,8.9,5394109312,1553427421.0,4175.74,28.7,664.6
9,3,2098,4,1,4,3,58245,126,8.4,1365519078,877197670.0,182.64,46.9,17.2
6,3,243,8,1,4,8,486048,952,9.2,7789599667,3206664263.0,610.65,44.6,12.8
8,3,1164,2,1,4,1,374987,326,8.0,6272782536,3448087604.0,3464.47,44.1,5.2
10,4,1620,5,1,3,4,116065,367,6.9,1455942573,810096596.0,1365.98,44.3,0.8
8,2,276,3,1,3,7,20038,48,7.4,509790765,371016207.0,1623.38,40.5,27.7
3,2,8,5,1,3,7,63285,68,7.1,962900260,240496302.0,2031.23,45.1,3.4
7,1,715,1,3,3,2,288126,885,7.3,8135640986,2900504516.0,991.23,29.5,282.9
7,8,1959,5,5,2,8,217933,204,4.2,1627436470,393367235.0,4304.35,6.3,63.4
10,8,2081,8,5,2,1,1595,1,6.1,28916074,20583289.0,486.96,-2.1,13.3
6,3,810,3,1,4,2,44982,118,9.8,968930272,489499070.0,892.14,48.4,4.5
7,2,1473,2,1,3,3,297218,865,7.1,7016573934,5268174285.0,1937.64,36.0,22.3
2,1,928,1,3,3,4,121184,368,7.2,1509467904,476595637.0,1910.28,28.4,680.6
9,4,862,5,1,3,5,310555,713,7.9,4501960557,2736693344.0,306.76,36.1,8.6
10,3,37,4,1,4,7,51328,202,8.3,742557043,224940003.0,1725.34,44.7,10.1
10,5,2082,8,4,4,3,74435,330,8.9,2305400820,1483922856.0,3833.5,24.4,698.1
1,4,455,3,1,3,6,337737,362,7.9,10085502294,5316717109.0,4458.17,41.4,5.1
1,1,444,2,3,3,3,62996,56,7.7,1307746563,610408774.0,663.43,20.0,281.9
3,4,212,6,1,3,5,6001,13,7.4,125140053,50010478.0,3274.98,42.0,4.2
3,5,1730,8,4,4,5,124789,386,9.2,2337447716,628779656.0,4636.63,30.7,753.0
1,8,982,3,5,2,6,237152,115,4.2,3001063699,1994275207.0,1534.59,2.7,8.6
7,4,296,5,1,3,6,161232,268,6.7,4136294097,1507842557.0,4388.93,\N,8.4
4,1,152,7,3,3,1,306529,897,7.8,6534401304,4743510974.0,824.63,19.3,519.0
10,8,1970,2,5,2,2,307861,386,5.2,3134517557,1400597247.0,4311.83,-1.9,52.6
2,8,1220,4,5,2,3,272899,440,6.7,6121561208,1470624601.0,2162.37,0.9,68.4
10,8,600,1,5,2,1,187905,521,6.5,4040333310,982604151.0,4135.55,5.6,74.4
5,5,1323,5,4,4,6,126170,117,8.1,2181920895,1536137710.0,1092.22,23.5,643.0
6,5,1553,2,4,4,1,287465,1235,9.7,9151563261,4464898504.0,391.25,24.1,799.1
9,8,1512,1,5,2,3,456225,367,6.9,5445957825,2388451400.0,2999.31,-1.2,24.0
4,4,232,7,1,3,2,131365,109,7.9,1778760919,966699667.0,1368.45,34.8,5.4
2,5,367,2,4,4,5,90488,230,9.6,1450703616,335810676.0,4042.58,26.3,348.4
5,7,481,6,7,4,3,52254,43,8.1,1670173700,1145324799.0,4132.66,21.5,748.4
3,4,572,5,1,3,2,343941,376,6.8,3957247569,1847888115.0,3630.97,33.2,1.7
2,3,1203,2,1,4,5,153123,314,8.6,2139893925,1243250570.0,2513.62,42.4,\N
1,5,1508,4,4,4,7,14515,33,9.7,363533981,219377471.0,4619.62,26.1,378.1
10,4,1613,7,1,3,7,85901,100,7.8,2396019412,1501350661.0,2948.25,44.6,4.2
2,3,1571,2,1,4,7,261309,1006,9.6,4339819872,1943945366.0,941.33,48.7,13.7
6,5,930,8,4,4,4,214969,555,8.5,2748163696,1240216209.0,2930.75,31.5,639.5
8,3,1040,5,1,4,3,350849,1259,9.2,5425949954,2291131780.0,2900.7,45.7,1.5
3,6,1426,2,3,3,7,134069,249,7.0,2661537788,1885636732.0,3218.6,23.6,520.5
9,5,171,8,4,4,6,456368,544,9.9,10865893896,4956427512.0,541.53,24.1,507.1
9,6,1056,1,3,3,8,6350,20,6.8,136707880,90175096.0,3459.0,26.3,594.5
2,1,1239,8,3,3,3,329967,457,9.0,5238556092,3625887262.0,2046.35,27.6,320.1
8,1,2007,1,3,3,6,390592,435,7.1,7152091052,\N,3071.73,29.0,674.3
10,4,189,7,1,3,2,313608,531,7.8,5161360464,1294249166.0,4607.93,36.3,6.5
5,2,786,6,1,3,1,228650,565,7.9,3811366850,1624805959.0,1726.25,40.1,21.2
4,6,583,3,3,3,1,488039,755,6.9,10624365010,3093409738.0,2781.42,25.7,207.6
10,6,1832,7,3,3,8,380255,837,6.2,3552874567,1653491072.0,3863.21,25.9,372.7
5,1,600,6,3,3,2,101365,245,7.6,3052992162,1213935447.0,649.95,24.7,424.4
4,6,846,7,3,3,3,216438,500,6.4,2217710323,444881392.0,1803.61,26.2,376.4
8,2,2030,3,1,3,3,225792,260,8.4,6590868480,2215794908.0,723.45,36.3,27.9
4,8,1206,4,5,2,6,453384,1203,5.6,9300175315,3706167350.0,4206.63,-3.2,5.7
10,3,954,1,1,4,8,213396,500,9.3,6297081224,3198910752.0,3871.11,43.5,12.3
6,3,2070,3,1,4,3,259823,983,9.8,7498751603,5969790831.0,1617.61,43.3,9.3
2,2,1098,2,1,3,4,99719,101,8.7,2705037425,1640263186.0,194.98,45.4,20.4
5,6,1626,4,3,3,6,91504,272,6.9,1978737398,1291972897.0,2077.45,24.6,487.0
6,6,1871,5,3,3,8,23255,61,7.9,478759987,289243063.0,135.96,20.3,298.9
5,6,166,3,3,3,1,269957,186,6.1,4597691658,1692509832.0,1496.2,\N,489.3
2,7,2025,7,7,4,8,127692,139,9.3,2888086579,724926241.0,1090.78,\N,501.1
7,4,234,6,1,3,8,77024,115,6.5,1639147744,1139467368.0,1205.55,32.5,0.9
4,5,1399,3,4,4,7,29465,49,8.6,975332751,346334428.0,3463.75,26.6,338.9
8,2,1457,6,1,3,4,281843,1175,8.5,5778345186,2468914496.0,3558.12,42.7,14.2
7,2,641,7,1,3,3,441100,1185,8.3,6879263270,3473773018.0,3546.23,42.7,24.4
7,7,1358,7,7,4,7,218777,445,8.7,3713455164,2611053382.0,4109.76,21.2,752.0
9,2,1828,6,1,3,1,177794,529,7.4,4783796481,3403100709.0,3977.3,35.3,0.2
1,8,607,1,5,2,7,365541,802,6.8,8090884493,2512811376.0,3154.57,-2.1,31.4
10,8,540,4,5,2,6,394692,680,6.6,7986829435,2540742953.0,1173.42,3.6,0.8
6,2,1468,6,1,3,3,17633,21,8.8,534872368,121021034.0,1800.41,35.6,28.6
6,7,343,1,7,4,6,462807,527,8.8,16091244021,7837195283.0,2088.12,24.4,680.2
6,2,637,1,1,3,3,450448,505,7.9,12657723934,3690485300.0,3549.39,\N,0.4
6,6,79,6,3,3,2,283827,463,7.5,6062544720,3654232963.0,2705.17,27.0,221.9
10,7,2105,4,7,4,1,106259,449,8.9,2436136337,1040952681.0,3724.77,21.4,764.6
7,4,191,2,1,3,8,19899,29,6.4,469170662,\N,836.43,36.6,8.1
10,1,644,7,3,3,3,143390,159,8.4,1986180924,425532973.0,1200.05,23.5,285.6
6,6,1487,3,3,3,5,41728,112,6.9,715777075,210432379.0,333.31,17.6,440.1
1,8,2090,1,5,2,5,490180,1316,6.4,9587136512,3851126981.0,2946.41,8.5,40.8
3,6,1510,3,3,3,7,200136,287,6.5,2845033308,1672937457.0,4827.69,26.8,223.5
2,5,1217,4,4,4,7,252708,826,8.1,3782735510,2259341976.0,2740.14,23.6,360.3
6,7,790,2,7,4,6,484839,623,8.8,8055309081,3180978668.0,1141.24,25.6,545.0
8,8,742,8,5,2,3,109131,208,5.3,1054991203,548443274.0,3101.11,4.4,45.6
3,1,90,5,3,3,7,464491,1332,8.0,12507813648,4294255373.0,3415.99,25.1,325.0
10,2,1715,7,1,3,2,476884,1374,8.6,11151169325,3609914501.0,2910.38,47.5,28.4
8,1,987,7,3,3,6,208507,244,7.3,2879815281,2022415217.0,1891.77,25.3,421.0
8,4,648,2,1,3,3,386286,813,6.9,8665128923,3617858347.0,4157.23,43.0,8.0
5,3,819,8,1,4,7,224655,375,8.2,4321733165,2464841100.0,2483.35,45.9,10.9
8,6,243,4,3,3,7,189638,323,6.9,5118860606,3101716985.0,4946.09,24.6,335.5
6,7,1900,2,7,4,8,362353,1487,9.2,5173821075,2523737428.0,1254.62,25.7,885.4
5,7,219,7,7,4,8,481790,815,8.6,16461704362,11446394468.0,1155.09,22.9,411.6
9,1,9,5,3,3,5,115626,198,8.6,1783924178,1018765182.0,422.25,24.9,488.0
7,5,430,1,4,4,1,15869,42,9.7,476411183,199815349.0,2024.67,22.1,763.9
8,8,13,2,5,2,7,279342,344,6.2,5654720106,1441940370.0,1279.85,-1.6,8.3
1,4,1799,6,1,3,2,494132,1111,6.4,7820725990,1715558507.0,4174.49,38.2,7.7
2,3,690,6,1,4,3,316792,940,10.0,8433003040,5800791519.0,2623.78,\N,18.2
8,4,1783,4,1,3,7,115779,375,7.9,2669875317,855551361.0,347.59,41.3,9.9
9,7,677,7,7,4,5,178119,639,8.3,2275238670,841370755.0,1819.4,29.7,606.5
4,2,1005,7,1,3,7,425351,937,7.0,9703532363,6587343466.0,3493.29,36.8,\N
10,3,208,2,1,4,7,327759,711,8.2,4077125304,1638661152.0,2455.0,44.0,19.4
10,8,1324,5,5,2,1,423032,999,6.9,8161302556,5263409584.0,1791.35,3.0,66.0
9,8,1003,4,5,2,5,163939,271,5.4,2252128406,1347371533.0,818.18,4.8,72.0
4,7,1766,2,7,4,6,176822,381,8.7,4044325830,1684920795.0,3344.47,22.5,439.4
10,5,1554,4,4,4,2,186257,427,8.4,2393774964,1688154773.0,929.91,29.6,791.1
10,3,1683,6,1,4,6,430154,1563,8.3,10739396825,\N,4357.77,45.5,10.8
10,7,1986,8,7,4,4,376981,1331,9.9,8748070293,4753328851.0,4947.18,20.3,881.0
9,5,771,5,4,4,8,188772,645,9.6,4247823052,1138444000.0,2785.83,26.8,401.7
7,2,238,1,1,3,3,149865,457,7.9,4269264201,1045864595.0,629.75,37.0,25.6
2,5,1585,5,4,4,6,123215,496,8.1,3636863226,2240903929.0,3443.44,23.4,786.8
9,4,1308,1,1,3,1,143860,282,6.4,1927033472,\N,707.83,35.7,6.1
4,1,2086,7,3,3,2,463715,1294,8.1,12451443322,6568874485.0,4514.39,25.6,481.1
8,4,1820,3,1,3,7,260494,571,7.6,6834112188,1886380296.0,2950.54,35.2,9.1
7,8,32,8,5,2,8,203882,237,4.9,3981101873,988553837.0,4011.73,1.1,54.9
7,7,292,6,7,4,8,494443,1683,9.1,10605159574,5293858044.0,3143.27,29.0,669.4
8,7,292,7,7,4,7,295153,900,8.1,7855969339,4837170352.0,2653.69,20.1,720.3
1,6,1643,6,3,3,2,405170,943,7.0,8361088120,2566352529.0,2649.87,23.9,382.7
5,4,1406,8,1,3,7,127765,101,6.1,2550087188,1665486178.0,3710.11,44.1,9.2
2,3,578,6,1,4,7,392530,357,8.6,9496007254,6152206503.0,4517.7,49.5,1.8
2,8,1162,5,5,2,4,439571,1210,6.5,9780234964,6387447609.0,1133.71,3.5,56.2
1,2,1224,1,1,3,4,490599,571,8.1,13499174904,3405448075.0,613.69,41.7,9.6
5,8,447,3,5,2,8,413370,618,5.9,4887521532,1129664653.0,329.12,-3.7,9.1
2,6,278,8,3,3,3,193246,265,7.2,3190414161,2225237226.0,4340.32,19.7,\N
4,6,1825,3,3,3,6,26329,79,7.1,613523623,237232444.0,655.82,27.3,343.9
3,6,1423,3,3,3,3,323285,395,7.6,8564983476,4968923706.0,3162.08,27.5,299.2
3,7,984,7,7,4,6,493473,1115,8.4,13488393592,5587814123.0,1600.6,22.7,829.4
2,1,1573,4,3,3,6,492215,1691,7.3,5605344420,1138836812.0,2838.23,20.4,261.7
6,5,59,5,4,4,7,317382,1483,9.8,7527031512,1601140603.0,470.46,26.7,562.0
2,3,459,5,1,4,2,261036,840,9.9,6520078897,4757067036.0,2922.58,46.3,9.1
8,8,104,7,5,2,6,271625,712,6.8,3291443100,1383286832.0,4395.83,0.6,8.5
8,7,831,6,7,4,3,387728,375,8.1,7339574721,5037124759.0,1366.41,26.1,820.3
5,8,789,5,5,2,8,404975,252,4.0,3610757100,1939158680.0,1642.62,9.2,78.4
10,2,2152,5,1,3,3,167893,210,8.0,3723195168,1339999156.0,1129.66,42.6,12.4
7,7,742,4,7,4,4,373589,1364,8.5,6468506740,1855859252.0,692.69,21.8,783.7
4,1,1573,5,3,3,2,435488,1491,8.1,11220827356,8557882907.0,408.36,25.5,301.8
1,8,555,1,5,2,8,161952,181,4.1,2397051552,990715865.0,3367.73,1.4,8.9
2,7,628,7,7,4,8,496950,1490,9.3,8295834825,4125619612.0,1764.99,28.5,670.4
10,7,1108,3,7,4,5,35848,85,9.5,1133370368,750098255.0,2317.5,26.8,541.3
10,4,2135,4,1,3,5,223215,430,6.3,3645011664,1295274404.0,1642.54,30.6,0.8
4,2,428,4,1,3,8,418265,368,7.9,7741959670,5648658696.0,3734.42,42.0,25.8
1,6,1827,6,3,3,1,295816,633,6.5,4103263736,1572860434.0,3429.33,24.3,329.5
8,2,1945,5,1,3,4,355503,897,7.8,4702878086,1047875506.0,3345.33,45.6,8.2
9,2,2144,3,1,3,1,270788,554,8.2,5953057549,1297315745.0,3841.21,46.0,18.0
4,4,1878,7,1,3,2,281872,796,6.7,6755316164,5078443038.0,2935.7,31.4,2.6
10,5,1160,1,4,4,7,68372,191,8.1,1945545771,\N,531.38,28.3,599.6
3,7,1272,8,7,4,5,172186,478,9.7,4452764397,1215019732.0,2142.93,29.4,854.4
2,3,884,7,1,4,7,14513,33,9.5,355713630,224581458.0,1618.1,45.6,12.8
5,6,486,8,3,3,5,459341,718,7.4,9677304319,\N,1745.03,17.3,583.4
3,8,1426,3,5,2,8,480698,948,4.7,5862833157,3437377787.0,1020.2,-3.4,44.0
10,5,604,7,4,4,5,161568,474,8.8,2894781542,744126956.0,847.01,25.1,658.0
7,1,412,2,3,3,1,423853,514,7.2,8532669513,6169435111.0,2358.47,19.3,318.5
6,7,1995,3,7,4,7,487401,723,8.1,11342454891,\N,4857.66,20.3,821.1
1,6,1932,1,3,3,3,384060,995,7.5,5124320550,2530137875.0,160.35,21.4,213.0
8,3,247,1,1,4,1,469061,600,8.7,12050693057,5580118981.0,1448.4,40.6,1.2
2,7,2172,1,7,4,7,30580,109,9.9,502854462,127166433.0,4830.07,23.6,533.6
5,1,1623,4,3,3,5,184318,820,8.9,3643395474,1971955289.0,1815.3,21.9,304.4
9,4,2061,7,1,3,4,75753,252,6.7,1759658861,842624301.0,3289.93,39.4,0.0
8,5,800,4,4,4,4,245193,1014,8.6,5210498365,1042197201.0,1374.55,33.7,583.4
2,7,945,2,7,4,6,210668,325,9.1,5381240191,4264336061.0,2733.23,21.6,755.9
9,6,1266,3,3,3,7,354451,705,7.6,8604085354,6741415877.0,908.98,25.2,438.7
5,2,1263,5,1,3,1,290910,850,8.2,4136391108,2170069571.0,2716.5,38.4,5.5
10,8,1189,6,5,2,8,102845,217,5.9,2104938899,813070312.0,2422.35,\N,77.7
6,8,176,2,5,2,6,426404,568,6.1,6169724756,4223750245.0,4182.38,6.0,29.7
3,8,1053,7,5,2,6,44622,29,6.6,894706797,678246396.0,4029.98,6.6,30.4
3,3,1318,5,1,4,1,91364,177,8.5,2835344694,2172833274.0,952.63,46.2,0.6
10,7,477,8,7,4,6,132287,461,8.9,3681586896,963396914.0,4704.37,27.2,655.8
8,8,1716,7,5,2,2,375185,446,4.4,3004481480,837257314.0,1977.69,9.5,32.1
10,6,1675,5,3,3,1,408879,1323,7.8,11580189262,6391375234.0,300.43,19.7,585.9
10,2,334,2,1,3,6,412541,1665,8.1,8604573907,3130263041.0,428.87,45.9,23.4
2,6,1272,3,3,3,6,221631,433,6.4,4117726675,2129254475.0,2122.35,19.6,513.8
2,7,1265,6,7,4,1,380761,1057,8.7,8957326372,6825580074.0,4442.82,24.4,821.8
5,1,931,5,3,3,5,38536,132,7.3,820308124,255174149.0,823.76,26.6,451.5
6,2,685,4,1,3,8,123854,473,8.5,4144712183,1220925149.0,2429.31,41.0,0.0
2,2,561,4,1,3,6,183545,195,7.7,2484575247,1422450741.0,2717.17,37.8,11.1
5,6,123,2,3,3,8,311449,420,7.3,5938584952,1669148594.0,4461.59,21.5,498.1
7,4,1059,6,1,3,8,418160,344,6.1,4726587928,1779837514.0,111.43,\N,9.6
10,7,840,6,7,4,3,223335,247,8.6,6211482354,3507104885.0,4456.69,21.6,427.8
10,8,416,7,5,2,5,392109,769,5.7,4188429916,3164522526.0,1386.96,-2.6,27.2
8,4,708,5,1,3,3,55803,49,7.2,1420297956,1000436931.0,4363.86,32.1,1.2
7,5,347,2,4,4,5,417496,1128,8.6,9604495479,3898614564.0,2148.9,25.2,435.3
8,8,2085,6,5,2,7,371257,649,4.4,5459259933,2748991544.0,1670.53,-1.4,47.8
9,1,1724,6,3,3,5,373938,829,7.8,7568879058,1669813781.0,4950.26,21.3,691.9
5,4,849,4,1,3,2,147605,475,7.5,4411544437,1080434649.0,3923.25,37.8,\N
5,6,535,2,3,3,6,209060,757,8.0,4139388000,3090298161.0,2451.67,21.9,362.4
10,7,1730,5,7,4,8,109083,119,9.9,4109102068,2252266341.0,1899.32,20.3,499.9
4,4,1902,8,1,3,7,413001,468,7.8,11381233757,9094159488.0,1631.24,44.9,5.3
9,5,664,5,4,4,8,118288,483,8.8,1838290150,1113673037.0,3473.74,31.1,776.7
5,3,1042,4,1,4,3,479228,1441,8.3,13213561952,6688305965.0,2112.57,46.1,16.8
2,5,27,8,4,4,5,389179,1305,8.3,10779129680,2991396244.0,3266.83,24.0,508.5
10,2,1053,7,1,3,5,418474,963,7.3,6213585646,3485046160.0,2106.78,38.3,20.1
8,8,1675,8,5,2,3,161182,341,7.0,2311833426,1203533360.0,1888.8,5.1,33.2
7,7,1659,8,7,4,7,220157,461,8.6,3701499641,2308619940.0,1692.14,28.5,797.6
8,2,640,1,1,3,2,433316,1558,8.1,6380924752,4901645753.0,4598.74,45.3,12.0
3,4,1742,1,1,3,3,43082,126,7.1,653670261,354801554.0,3843.5,36.9,7.7
4,4,42,6,1,3,2,361031,475,7.8,6947175120,4362927661.0,3292.82,39.4,5.6
5,5,1715,3,4,4,7,327552,512,9.0,11323145088,7792449580.0,3343.74,34.3,514.9
6,5,1987,4,4,4,2,82505,152,9.5,2988619867,1748902619.0,951.88,24.2,455.7
1,6,702,3,3,3,4,499484,1721,6.9,5462606766,2698912760.0,4681.09,23.4,443.1
4,1,1455,6,3,3,2,403650,1129,8.8,5750882280,\N,572.78,22.9,355.1
10,6,2128,7,3,3,4,116498,240,6.8,1894909868,770422699.0,1159.05,27.7,285.7
5,2,1252,4,1,3,6,48147,168,8.3,1397071869,892662062.0,169.7,37.2,21.3
7,6,1997,5,3,3,1,9632,15,6.6,166429401,83550355.0,1876.72,15.3,324.6
5,5,919,7,4,4,2,148992,402,9.8,3440046489,1820095292.0,1571.93,31.3,387.7
1,7,165,4,7,4,3,83820,196,8.1,2224892934,1539164184.0,4218.54,20.8,507.1
7,6,1450,2,3,3,4,36748,95,7.4,470447896,141527420.0,3350.99,27.9,531.9
8,3,1066,8,1,4,7,54472,78,9.7,881335171,598086261.0,3975.29,\N,0.3
7,8,1821,3,5,2,7,60855,73,6.4,1104932064,634495309.0,786.1,5.3,12.7
4,1,336,4,3,3,1,497769,1502,8.0,15247660008,5591513812.0,2876.1,27.3,384.1
8,5,1925,8,4,4,6,234589,244,8.5,5828480999,1523837569.0,2474.5,22.4,303.0
5,7,881,3,7,4,1,317954,868,8.9,8144137346,3227283031.0,2160.79,23.1,827.6
10,4,1454,7,1,3,2,258355,767,7.2,2881381644,1469701451.0,4966.78,44.1,6.6
9,8,972,6,5,2,3,197832,140,5.4,4226166316,1619081294.0,2260.4,-0.2,18.5
10,6,30,4,3,3,2,295599,1087,7.7,4260882225,1094591412.0,579.09,24.7,\N
5,5,1541,1,4,4,5,219869,389,8.7,4529653190,3621042473.0,214.04,31.1,378.5
1,4,575,3,1,3,8,63848,107,7.0,1395334192,\N,4000.18,30.7,3.9
9,4,221,8,1,3,1,489723,856,7.2,7044959188,\N,97.78,42.5,4.1
5,2,827,5,1,3,5,316626,489,7.3,3954753727,2933671853.0,4593.83,39.7,20.6
6,2,2014,5,1,3,5,498621,1330,7.7,13061576543,5205019767.0,1082.2,37.8,25.8
4,7,1518,8,7,4,4,36040,132,9.4,874380856,662399128.0,4413.59,22.5,405.9
6,5,754,8,4,4,7,496632,1754,9.7,7659555335,1955672259.0,3981.31,28.1,386.7
8,8,1277,4,5,2,5,130688,205,4.7,2240109939,470638836.0,1090.74,7.0,22.2
3,7,1588,5,7,4,1,363528,703,8.3,4719029673,3029363341.0,4189.7,24.2,582.4
5,5,1021,8,4,4,1,446568,666,9.1,9732726276,2532289528.0,1639.82,34.8,467.2
2,3,1489,7,1,4,8,19823,32,8.3,492605514,341202085.0,1082.1,47.4,18.6
2,1,1962,5,3,3,8,198246,243,7.5,4866443685,\N,1111.4,19.7,522.9
7,1,1863,3,3,3,8,269855,349,8.2,7231466348,4195706207.0,4374.86,26.0,321.4
10,8,438,7,5,2,3,320191,322,6.2,7390840776,3724035615.0,122.29,6.0,57.8
10,5,479,4,4,4,2,221132,644,9.9,8220471534,6456091002.0,3712.11,30.4,796.4
10,2,783,3,1,3,3,249640,864,8.6,4246576112,1302892386.0,4022.44,36.2,11.1
6,8,1008,4,5,2,3,47503,111,6.7,511460050,371773283.0,1884.24,1.9,23.7
4,6,72,5,3,3,7,247605,850,6.9,4474494715,2679285125.0,3544.53,20.0,210.6
5,7,582,7,7,4,2,294792,732,8.7,6791300179,5229738861.0,4530.12,24.0,509.8
1,3,220,4,1,4,1,418652,610,8.8,6631447680,4395571017.0,2739.92,41.2,11.5
7,1,1028,6,3,3,4,390769,550,9.0,10744193655,6298587474.0,3283.53,19.3,697.7
8,5,290,4,4,4,7,116331,103,8.2,3693555782,2255632402.0,3516.7,\N,424.2
9,2,380,2,1,3,8,361161,1076,8.7,5181324054,1437051996.0,4810.14,40.1,23.2
8,2,1379,4,1,3,8,346412,272,7.0,7827525552,5893069336.0,2128.71,40.1,12.4
5,2,1959,2,1,3,8,192298,804,9.0,5108973264,3536823309.0,2818.11,46.1,11.3
3,7,2128,3,7,4,5,246901,858,8.4,4206007915,1887703802.0,2362.41,23.5,401.4
10,6,66,2,3,3,8,66641,187,6.0,1535808486,1015534122.0,1612.69,22.1,519.6
9,4,2184,7,1,3,4,146996,291,6.4,2845842560,1437571101.0,4718.32,30.2,2.7
6,8,399,3,5,2,5,410465,700,4.7,5019740671,1472233432.0,2472.78,2.3,71.9
5,7,347,4,7,4,8,83648,108,9.1,2048380588,1071881329.0,4657.19,23.6,761.8
3,6,1985,3,3,3,2,34166,29,7.5,682636680,487080453.0,4955.62,17.4,312.0
6,2,2107,5,1,3,2,29358,119,8.6,970780986,276803412.0,4293.24,36.5,1.2
3,5,778,6,4,4,3,437447,600,9.2,15297171632,7392461565.0,867.65,22.5,436.8
10,8,1904,4,5,2,6,28140,28,6.7,731527440,288294896.0,240.15,-4.7,71.9
6,3,79,7,1,4,6,249010,751,8.0,4699316720,3287361667.0,2730.05,43.9,16.9
4,6,1582,2,3,3,2,415480,760,6.5,7621149640,5664082689.0,2713.86,16.6,282.1
2,5,1779,6,4,4,5,310581,1101,8.3,8780062753,5735976161.0,3043.92,29.9,785.0
8,7,2163,1,7,4,6,16973,36,8.8,236888766,156877949.0,332.17,\N,783.7
4,7,986,6,7,4,4,261352,401,8.5,4391889684,3376110172.0,1483.26,25.7,576.6
9,8,1486,8,5,2,7,181712,262,4.5,2172639528,1530925703.0,2510.71,-3.0,52.8
7,2,1650,4,1,3,4,318853,1054,8.4,8399353267,4067069986.0,2596.04,46.3,17.9
2,3,2174,7,1,4,4,461692,778,9.8,12012764148,8179470970.0,4735.56,46.2,12.9
4,1,1626,7,3,3,6,407177,1393,7.3,4613152539,1270984653.0,4829.26,21.9,570.3
5,1,965,8,3,3,7,261007,402,8.7,7695608690,\N,4453.46,25.7,432.5
3,7,829,6,7,4,4,137135,588,8.9,3685914530,1894433676.0,1289.14,23.5,827.6
9,5,1198,6,4,4,3,11903,18,10.0,413867310,222578895.0,3222.6,33.6,799.6
5,3,1719,5,1,4,6,475928,699,9.7,7012465930,4926419312.0,1406.82,44.4,19.3
2,5,1229,3,4,4,4,288709,412,8.2,9133482440,6265654567.0,4755.69,22.2,463.0
3,3,1841,6,1,4,5,442090,944,8.6,11915386516,7363473935.0,2555.22,41.3,18.2
9,3,498,2,1,4,8,208469,602,9.8,5971677892,1481823926.0,4150.4,45.8,9.2
7,7,537,7,7,4,8,479901,1374,8.2,12384037265,6548988639.0,1995.37,22.3,620.8
2,5,2064,8,4,4,3,268073,514,8.6,7598690028,\N,1938.28,30.2,743.1
9,7,1165,2,7,4,7,321437,840,8.9,5638615710,1717220135.0,216.83,27.9,467.5
4,8,1972,5,5,2,3,9782,9,6.1,151621978,35712402.0,2324.44,-0.8,\N
9,3,300,6,1,4,6,55851,186,9.6,1657300233,951612509.0,3235.94,44.1,6.7
2,6,303,6,3,3,3,340001,1243,7.6,6852788155,3276263120.0,692.83,22.1,418.3
10,2,592,5,1,3,2,393208,720,7.2,6522848870,4364408507.0,964.99,43.1,4.5
4,8,76,4,5,2,3,445483,699,4.8,6459859886,3748895122.0,4859.6,-1.1,29.4
5,3,914,1,1,4,5,139914,518,9.0,3082585248,1037108697.0,3671.42,42.4,1.2
2,6,780,1,3,3,7,146225,401,6.3,1459208520,602637213.0,4547.28,15.3,406.7
10,3,921,3,1,4,6,196224,540,9.5,3676060416,877165226.0,2406.94,48.7,7.9
1,6,1524,2,3,3,6,5934,19,6.9,84345876,18196604.0,936.91,18.2,596.5
7,5,1750,4,4,4,4,460235,1446,8.6,10785607225,3885962895.0,873.54,30.9,753.7
10,1,2036,2,3,3,7,461071,831,7.3,5698330381,2145623925.0,2731.16,22.8,544.5
1,4,1006,4,1,3,2,345540,941,7.2,8093099664,6047867754.0,3591.17,40.5,8.1
8,8,1702,5,5,2,4,383481,1137,6.7,6179221093,1308197244.0,4583.65,-0.2,\N
3,3,804,3,1,4,1,269104,947,9.5,9016733176,4033000028.0,2065.45,42.5,17.4
10,4,1052,5,1,3,2,494798,1189,6.3,5427092903,3527325347.0,1661.15,36.6,10.0
6,3,872,2,1,4,7,407632,874,8.0,7846100736,2806524043.0,4678.06,44.3,14.0
7,5,115,7,4,4,5,216063,842,8.4,4602660451,3254073856.0,2295.38,33.6,474.9
10,5,373,3,4,4,2,403094,573,8.0,11828390336,4948657822.0,2626.49,\N,398.9
1,6,850,6,3,3,3,102705,323,7.3,1279817275,269126372.0,2273.71,15.7,270.6
6,3,2138,8,1,4,2,331619,961,8.3,8144463154,5313378037.0,3852.78,\N,\N
7,5,757,7,4,4,3,27640,56,9.0,704488320,386925582.0,402.29,28.6,482.8
6,5,1322,8,4,4,4,319029,702,8.3,9259848627,3985339115.0,4190.17,30.7,397.7
4,3,31,4,1,4,2,370487,1191,9.0,8949483972,4340184428.0,1990.07,49.3,0.9
1,6,1853,4,3,3,2,16713,31,6.8,344809245,215260282.0,4831.27,21.8,208.8
9,6,1806,3,3,3,5,358068,575,6.2,8209639876,5886398058.0,1537.36,20.7,560.0
4,6,1437,5,3,3,8,300896,396,7.7,6593895123,3212788860.0,2377.95,24.7,431.6
7,6,690,3,3,3,1,57189,194,7.1,1124330021,301109931.0,2140.85,15.6,367.7
7,1,1215,5,3,3,2,364355,1067,8.1,9084025989,2045035527.0,4017.05,19.8,334.6
2,3,457,3,1,4,4,371765,1586,9.0,11814319935,6946177540.0,3374.26,45.9,2.7
1,7,449,5,7,4,3,290972,758,9.6,10042025663,5508451143.0,3251.95,21.5,436.1
8,1,68,1,3,3,8,124046,483,8.2,1866520162,981431489.0,3585.91,19.4,304.0
8,5,1863,3,4,4,4,492792,1174,8.1,11204463866,2861907330.0,4797.41,25.5,563.1
7,1,1803,8,3,3,7,372344,1336,8.9,7810771791,4115523742.0,2415.88,24.9,\N
8,8,1806,8,5,2,6,439625,713,6.5,6495239562,2955302109.0,3275.84,5.5,79.6
3,7,874,5,7,4,6,91776,417,9.9,1893485721,998137795.0,3435.28,29.6,849.2
2,7,467,6,7,4,5,64323,196,9.8,1200215721,492043605.0,4292.54,27.1,472.3
7,7,128,2,7,4,6,267597,435,9.1,4215214703,2280326269.0,1476.66,25.1,649.1
8,6,1800,7,3,3,2,463846,905,7.1,10538581119,5775064074.0,4041.36,17.7,283.5
1,5,733,7,4,4,7,271484,520,9.5,8410438578,5747926885.0,2521.32,32.1,350.8
10,1,1268,7,3,3,1,486051,1359,7.1,8430700410,\N,129.99,20.2,436.5
9,1,1929,2,3,3,8,111891,106,7.9,3093786150,1742238544.0,807.72,25.4,633.5
4,8,1043,8,5,2,1,333126,381,6.2,6301478041,2539722322.0,4204.84,7.9,56.0
4,3,1420,3,1,4,2,206359,361,8.3,4917390518,2949455291.0,1378.0,43.7,6.8
3,1,368,3,3,3,1,460239,1755,8.1,8369216095,2602707996.0,1520.13,24.9,694.5
6,8,2106,4,5,2,4,84610,85,4.7,832317031,233830153.0,3689.01,3.1,\N
1,5,2096,5,4,4,3,259196,566,8.3,4436035861,2096776487.0,3445.25,34.7,512.7
6,6,812,3,3,3,2,431107,1693,7.9,6269977097,2712759736.0,2279.12,19.0,493.0
2,3,59,2,1,4,6,346349,1349,8.6,5376375527,1278162449.0,3663.82,42.4,9.5
9,8,161,2,5,2,8,10219,25,5.8,196717793,139526547.0,3071.51,-0.1,7.2
2,1,103,7,3,3,3,268793,312,7.3,4642538937,1533845750.0,955.96,21.3,348.6
7,3,846,2,1,4,1,226363,442,9.5,4401968079,1041642403.0,1420.17,44.4,8.1
1,4,412,8,1,3,8,187540,168,6.9,3149659284,1162177495.0,367.82,36.3,9.4
7,3,786,5,1,4,5,307923,896,8.2,10039275153,3956988691.0,3324.56,45.1,18.4
5,7,183,1,7,4,7,133473,445,9.1,4569341376,2628654884.0,324.4,23.8,491.4
8,6,2047,3,3,3,3,150359,454,6.1,2055422565,1296068897.0,3726.47,25.7,556.5
4,7,957,7,7,4,7,347549,1004,9.5,5929881038,2656870107.0,2687.39,23.8,587.5
10,4,437,1,1,3,7,362798,418,6.9,9162100692,5202966692.0,2221.91,42.4,3.4
7,7,1840,5,7,4,5,353763,440,9.5,13308564060,6634060022.0,3004.28,\N,442.9
6,4,606,7,1,3,8,71191,80,7.1,1130705295,330600935.0,3116.8,42.4,2.8
5,3,1471,6,1,4,4,418837,910,8.1,5261891114,2343897091.0,2942.98,45.3,17.7
4,5,497,3,4,4,5,399733,1377,9.5,6911383570,5389567963.0,3580.54,30.2,461.2
7,6,1367,4,3,3,3,91136,181,7.8,1498494566,\N,3198.53,16.9,476.4
5,5,1852,3,4,4,3,12702,37,8.3,286127792,\N,2441.26,\N,776.1
5,6,1023,3,3,3,2,469181,688,7.1,10253387737,5425367729.0,4156.21,23.2,227.9
1,8,1773,3,5,2,6,329260,200,4.2,3816781920,2784105058.0,4869.67,2.0,14.9
2,6,1490,7,3,3,5,264665,369,6.9,4969058908,1777521773.0,3082.32,26.5,438.1
5,7,1320,7,7,4,4,450042,772,8.7,8923117746,2087696376.0,3574.89,\N,720.3
3,7,2121,3,7,4,2,239406,314,8.4,4506674306,1391298352.0,2566.82,27.3,495.4
2,5,337,6,4,4,2,109154,241,9.5,3702994873,1605638912.0,2034.37,33.8,474.4
4,2,203,3,1,3,4,142951,434,7.9,1848685217,1007115171.0,4311.0,35.6,14.9
4,8,231,5,5,2,2,370470,465,5.0,3554659650,796927420.0,1013.61,\N,\N
4,4,809,3,1,3,4,394486,1103,6.6,10070754196,2917500017.0,3466.98,41.8,2.5
4,7,1329,6,7,4,1,123368,513,9.9,2662528176,573808950.0,729.27,21.1,\N
3,8,466,8,5,2,2,219278,387,4.3,3494370352,1240011099.0,3844.75,4.4,64.9
7,7,1198,5,7,4,3,10433,30,8.2,207203553,142305952.0,1211.5,24.8,404.3
9,7,804,3,7,4,1,291625,921,9.1,9508520612,6251725734.0,3054.73,21.7,732.5
5,3,266,3,1,4,2,143953,207,9.2,2218315730,466938450.0,739.64,48.4,9.0
4,5,2126,5,4,4,4,138931,265,9.7,2401477907,640595608.0,52.97,30.2,337.0
2,5,1671,3,4,4,1,56597,138,8.9,968136962,234606812.0,3720.11,28.3,644.7
2,7,176,6,7,4,6,155402,393,9.3,2943951028,1674243551.0,4382.32,25.6,636.7
5,3,1445,7,1,4,1,244771,807,9.6,6017841897,2835102068.0,4007.67,41.1,12.8
7,7,1596,8,7,4,3,46634,74,8.2,1385430852,701100886.0,707.64,20.7,687.5
10,4,254,2,1,3,2,176644,280,7.8,2989876344,2108521820.0,1211.67,34.0,2.4
10,3,1544,3,1,4,2,91970,124,8.9,1289189475,999766491.0,4130.9,42.2,5.1
9,7,903,4,7,4,4,208433,752,9.2,4680821567,2240728580.0,133.21,20.8,590.8
7,6,2155,5,3,3,1,482416,1277,6.6,9618699657,3776862614.0,2665.7,17.0,573.0
5,2,1195,6,1,3,3,404704,1452,7.5,11743498320,5056911454.0,4187.1,39.3,13.3
10,6,2106,3,3,3,4,297008,247,6.6,3800930179,2248032600.0,1016.35,23.9,348.2
10,2,1361,3,1,3,6,223664,431,8.1,4107074932,2234330467.0,763.31,\N,21.2
10,3,84,5,1,4,8,336927,878,8.5,11131899616,8640287800.0,949.47,49.6,3.4
6,6,1141,1,3,3,4,251706,739,6.3,5144165863,1245916427.0,3790.31,26.6,592.0
3,4,712,6,1,3,3,471408,700,7.9,6416664273,3790656435.0,4827.79,32.0,9.6
5,8,1558,6,5,2,2,259699,719,6.3,4464926997,2336787431.0,1094.94,7.7,46.6
8,6,1762,2,3,3,3,12263,41,7.3,232483180,128773407.0,587.73,25.1,353.8
1,5,1941,7,4,4,2,224743,778,8.5,6607781314,3499273273.0,1390.61,34.2,498.5
1,8,1807,7,5,2,5,299766,238,5.7,6345986266,3112129179.0,598.75,6.4,75.3
7,8,901,2,5,2,1,388284,900,5.2,6812365123,3392817424.0,75.2,4.5,24.1
5,2,657,3,1,3,3,476470,1824,8.8,6524208416,2312460681.0,2276.53,\N,26.3
5,2,659,5,1,3,8,43107,72,8.1,1262935953,255696702.0,3769.34,43.4,16.9
1,7,851,4,7,4,6,372199,1009,8.5,9516384032,4602819337.0,1590.15,20.2,722.0
9,4,141,3,1,3,6,206166,594,6.5,5062818462,1873378063.0,1688.52,34.3,9.6
1,2,1930,2,1,3,7,229851,251,7.2,2623059612,1650541836.0,1177.85,47.0,15.1
5,2,1055,3,1,3,4,345467,941,7.6,7874022050,2111691693.0,701.66,37.1,5.1
10,7,1502,5,7,4,8,27533,78,9.2,730780885,435748817.0,380.53,23.7,632.2
9,4,111,6,1,3,2,374123,716,6.7,4745039421,2603133047.0,2872.6,41.8,2.7
4,6,1092,8,3,3,1,443010,413,7.4,6687678960,3851299664.0,3832.18,25.0,428.5
8,3,1719,6,1,4,6,383352,1247,9.2,9557732064,2035215405.0,2543.17,46.7,3.7
6,6,196,6,3,3,1,113536,155,6.2,1830904243,721851240.0,4229.0,26.0,595.7
3,5,126,6,4,4,3,483522,1695,8.4,8679606717,5941415721.0,2335.68,25.7,302.9
4,5,262,7,4,4,4,101590,461,9.1,2082828657,754376609.0,402.56,30.7,\N
2,2,924,4,1,3,6,479026,1506,7.4,7876528712,5077137390.0,3039.99,36.1,12.8
1,8,1822,1,5,2,3,60539,64,6.0,717387150,571135721.0,3589.74,5.3,33.6
8,5,1605,7,4,4,4,196029,411,9.2,7206653332,5099259507.0,660.9,23.6,357.3
1,3,108,4,1,4,5,105749,453,9.6,4023199555,\N,2641.66,48.9,14.9
1,2,2083,8,1,3,3,3259,3,8.8,113397556,43976275.0,1521.11,37.6,15.3
4,7,655,3,7,4,7,323337,426,8.3,7033970099,4389215341.0,4814.58,29.4,428.5
10,5,2014,2,4,4,2,209189,744,8.3,6498853744,4111222131.0,1098.76,23.3,384.7
10,8,998,8,5,2,3,467071,198,4.2,6385327641,4990559835.0,3428.99,2.1,\N
6,7,285,5,7,4,3,422025,877,8.9,11790154627,6072557802.0,1577.62,23.2,850.3
9,1,1471,3,3,3,6,243278,791,7.9,2915516535,1755538946.0,2110.93,26.8,358.1
1,1,27,8,3,3,7,75949,76,7.3,2195533692,972596522.0,4143.94,28.6,653.4
7,1,1592,1,3,3,5,429637,889,7.6,8907577993,6671734464.0,4986.04,22.0,403.2
10,7,1392,5,7,4,6,487942,1336,9.1,15656399777,4009364722.0,649.06,24.1,633.1
5,1,848,5,3,3,5,374638,1083,8.3,12363353710,3971804547.0,2324.55,18.5,355.1
8,6,1129,5,3,3,6,363779,874,6.4,4961363513,3299593535.0,3120.33,23.6,443.0
7,1,18,3,3,3,8,285540,320,7.3,5167331718,3699929519.0,1994.57,23.0,486.3
4,2,2091,1,1,3,3,271293,455,7.1,5759279096,2806846374.0,702.62,47.4,16.3
4,4,2137,3,1,3,4,326150,261,6.3,5428636290,4027006249.0,168.18,41.7,10.0
6,6,157,5,3,3,5,321264,933,6.1,5308855473,3450220676.0,204.95,15.4,419.1
6,8,1290,5,5,2,8,335711,677,6.9,5990225657,1506623350.0,2512.66,-3.7,42.9
9,4,2182,7,1,3,5,87732,141,7.0,2395083600,1523732960.0,2085.01,31.2,5.5
5,2,1625,2,1,3,4,220937,767,7.9,6217122992,4539478229.0,4897.43,43.0,\N
8,8,1772,4,5,2,1,342148,532,4.4,3464043211,1915037167.0,4564.74,3.5,46.1
5,2,1156,8,1,3,7,40470,85,7.6,1062661260,549929638.0,3075.63,38.3,6.5
2,3,1058,3,1,4,8,372455,1169,9.3,13359998095,8912496478.0,2399.52,42.3,6.8
6,8,2131,1,5,2,5,329788,983,6.7,3628129703,1047380807.0,2887.82,-0.5,39.1
9,6,1156,7,3,3,5,430378,1099,6.8,11562879650,5570835942.0,2348.77,26.9,557.2
3,4,204,5,1,3,4,236664,778,7.5,3464760960,1519564050.0,1766.19,40.5,\N
1,1,1823,3,3,3,8,50748,92,7.4,1253536497,729799104.0,3071.33,29.5,633.3
1,2,1360,4,1,3,4,312422,948,8.6,7678957853,3799469335.0,4655.28,41.7,25.6
3,1,962,3,3,3,3,163649,200,8.7,4762431373,1046687612.0,3247.64,22.1,668.2
10,8,442,8,5,2,7,447585,448,6.0,8768190150,2617380844.0,928.3,-4.2,79.4
5,4,1316,8,1,3,3,292507,607,8.0,3793230776,2884126140.0,2405.59,41.7,2.2
3,7,1149,4,7,4,8,423115,1823,9.0,9988475805,\N,904.24,25.5,737.4
9,6,1687,3,3,3,1,85831,232,6.2,1739073389,589200164.0,641.21,26.0,301.4
8,5,871,2,4,4,1,461396,846,8.1,12579777381,2528429743.0,1681.8,30.1,314.2
3,7,1199,3,7,4,1,394615,416,8.1,10509702372,5427045599.0,1035.93,22.1,403.1
9,8,1908,7,5,2,2,393586,436,5.7,8971517359,5189472702.0,4679.87,1.1,31.5
6,8,1516,6,5,2,4,197805,224,6.2,4651701063,1153577102.0,326.55,\N,\N
7,7,80,2,7,4,5,383412,365,8.4,12718389499,8647361779.0,4822.49,22.4,411.4
4,5,1329,4,4,4,4,437606,1759,9.5,11640319600,3031448034.0,4211.98,27.2,730.5
4,8,1368,5,5,2,4,86475,232,6.1,1893188527,1055128587.0,1343.31,4.5,27.4
2,8,570,5,5,2,1,171571,301,7.0,3799954508,2872694682.0,508.24,3.7,55.6
5,2,1115,8,1,3,4,94803,133,8.9,3312549544,1361275944.0,2856.64,45.4,13.7
8,3,399,3,1,4,2,45077,56,8.7,1415341169,454667050.0,1268.99,\N,12.7
7,8,821,1,5,2,6,446308,374,5.5,4528910430,1080273651.0,1290.22,-3.5,78.1
7,1,845,3,3,3,5,429900,560,8.6,12943687140,3073193296.0,2891.1,23.0,316.2
6,2,1277,2,1,3,8,470494,456,7.9,8913132434,\N,2315.43,\N,\N
3,3,358,2,1,4,6,363437,1652,9.6,13711751135,8253931194.0,2559.22,41.7,15.6
5,1,1423,4,3,3,1,7094,11,7.8,142095657,55444430.0,1629.5,29.5,475.6
1,4,521,3,1,3,7,440698,475,7.5,5443722045,4217241852.0,1654.91,35.4,9.4
7,7,393,4,7,4,3,6877,23,8.9,165743952,131523027.0,4997.12,25.2,762.1
9,7,1667,1,7,4,7,456854,1778,8.4,14813034096,\N,1996.41,27.7,864.6
1,5,1396,5,4,4,7,252379,956,9.0,8560948059,4523009471.0,1153.71,26.8,624.5
2,3,893,5,1,4,6,279820,1172,9.5,5710006920,1228572037.0,3537.12,44.9,16.8
3,1,984,3,3,3,5,158223,433,8.6,3279329898,1574706512.0,3929.66,24.3,360.6
3,8,583,4,5,2,6,126923,138,4.0,1633752856,434210542.0,1214.37,1.6,73.7
8,2,1956,4,1,3,3,450616,1332,7.3,9773094992,3225955433.0,591.2,42.4,18.5
7,1,20,1,3,3,8,312718,1140,7.8,8920155862,4775996726.0,1505.53,24.1,302.1
6,2,1974,4,1,3,3,264125,359,8.0,7718789000,5710425691.0,2650.02,43.8,20.5
10,7,19,6,7,4,4,318783,370,9.2,7035795836,1917428463.0,1934.89,28.3,688.9
10,5,1643,6,4,4,5,433989,906,8.1,8036000717,6274909530.0,815.17,24.3,534.3
4,8,889,2,5,2,2,9433,15,5.1,124889146,44144088.0,171.66,-1.1,16.4
9,5,1884,6,4,4,4,259451,463,8.1,4320793173,900812243.0,2553.19,28.1,413.8
1,1,726,8,3,3,3,215525,557,7.3,4271597737,2582026101.0,4359.37,22.2,295.5
2,1,147,6,3,3,6,100249,78,7.7,2661570850,2072648016.0,2997.41,27.7,437.1
4,2,1717,2,1,3,8,58218,57,8.1,1590119877,1258442379.0,4349.47,35.8,\N
3,2,1528,6,1,3,5,494929,1864,9.0,11483342658,3333359631.0,3842.55,39.3,16.9
1,3,848,6,1,4,8,6268,9,8.4,116885664,42298694.0,1748.61,44.1,11.3
5,7,1464,2,7,4,4,418915,1560,8.4,6717553374,2715540948.0,2095.25,26.9,405.6
7,3,1311,3,1,4,5,334622,1575,9.5,10131182983,2973395491.0,4318.61,43.7,15.0
2,3,565,7,1,4,6,337420,1114,8.4,6088136544,2977745888.0,3541.72,48.8,19.3
5,1,369,2,3,3,1,1105,3,8.2,21510814,8864290.0,2819.04,29.4,358.8
6,6,1264,2,3,3,2,51765,98,6.6,1226178261,976367264.0,4739.49,17.1,208.7
7,6,1311,8,3,3,2,199684,296,6.6,4745809754,1994464967.0,281.01,17.9,336.7
1,6,1819,6,3,3,2,268384,595,6.2,5181636211,2837927138.0,4291.46,16.5,283.5
7,6,1888,5,3,3,8,186234,221,7.1,4249748139,2364251337.0,1627.39,21.9,531.1
4,3,60,7,1,4,3,49929,72,8.3,754641884,380795142.0,3263.1,43.2,16.9
8,1,545,6,3,3,3,281085,832,7.4,5586957894,3789564773.0,4579.41,27.9,527.6
4,6,1268,3,3,3,8,360269,477,7.8,4723775074,2380720104.0,1802.52,17.7,223.5
6,8,1708,2,5,2,2,231040,537,4.7,4268625728,2385757733.0,2500.72,6.3,74.6
9,5,1231,1,4,4,5,110877,383,8.6,3196273454,783333373.0,1647.09,22.6,547.4
5,4,1046,2,1,3,1,225807,798,7.6,4242281270,\N,3536.02,36.2,4.6
4,5,559,7,4,4,3,462423,1155,8.5,12157331881,5095968392.0,695.62,31.3,689.7
8,1,1513,3,3,3,6,136878,318,7.7,3507580876,1031711384.0,3777.31,\N,645.1
9,1,1968,7,3,3,4,82174,254,7.2,1798624512,1409636026.0,3914.38,22.0,\N
4,4,670,4,1,3,4,400252,1026,8.0,7630404128,4182981763.0,376.83,35.5,4.6
3,2,258,7,1,3,3,388291,374,8.6,8722258391,1933903345.0,2028.7,45.0,25.9
8,2,1071,6,1,3,2,79172,186,8.9,1998332948,846722627.0,3499.21,38.7,5.2
5,8,1051,5,5,2,5,442154,825,5.0,4010336780,2467991819.0,516.94,-4.1,45.5
2,2,1051,5,1,3,1,99064,182,8.5,2511817252,1454584105.0,3977.42,44.4,7.6
10,3,2005,6,1,4,4,32312,34,9.5,1200536204,366600671.0,3230.33,44.4,10.3
9,2,145,8,1,3,3,29209,87,8.2,934103820,421598397.0,2342.58,43.3,21.2
3,7,801,6,7,4,8,115154,417,8.6,3533477459,1588119223.0,519.85,29.0,523.8
2,3,1486,3,1,4,5,464437,965,8.6,14406928627,8505792637.0,403.15,48.1,1.1
1,3,673,8,1,4,8,456654,844,9.9,17902663416,9031386062.0,1263.8,49.2,6.8
8,8,327,2,5,2,2,315361,654,4.3,4225458966,3091514187.0,3961.73,7.6,66.2
3,2,1415,8,1,3,1,250078,708,8.4,8173649383,5072977938.0,4455.57,35.3,25.7
7,2,630,1,1,3,1,283590,291,7.1,4941102006,3362328254.0,1276.13,39.9,10.1
1,8,2020,2,5,2,4,23091,35,5.9,473559464,285116999.0,1556.9,3.1,41.3
1,4,2132,2,1,3,8,478430,926,7.0,6845376440,1978623148.0,892.31,\N,3.4
9,6,2029,1,3,3,7,426124,725,6.5,10381232888,3645660063.0,3445.06,20.2,215.8
8,8,1195,8,5,2,4,9895,8,5.8,179059920,58933143.0,187.1,7.7,41.3
3,4,2025,5,1,3,6,15513,50,6.9,181646370,78557631.0,4657.81,40.0,8.9
6,3,1358,8,1,4,3,400704,1743,9.5,9528140064,2484804530.0,1411.34,49.1,19.8
3,4,1550,2,1,3,7,51664,162,7.1,1056058657,405414669.0,3863.64,41.7,9.6
4,3,569,4,1,4,1,321798,1164,8.5,7650586551,5570875481.0,4824.64,45.1,0.1
1,1,1946,4,3,3,2,55894,140,7.8,1578658957,943400554.0,777.02,24.7,685.9
5,3,347,3,1,4,2,487436,1495,9.0,13700363652,7811073380.0,665.5,49.0,3.8
1,3,408,3,1,4,7,25379,102,9.7,850292940,341331742.0,1415.43,43.3,13.9
1,4,133,7,1,3,3,411196,539,7.1,7593597651,1829697849.0,2968.4,\N,0.4
10,6,614,1,3,3,1,143792,254,6.2,1502195024,714601405.0,56.67,\N,430.7
7,1,106,1,3,3,4,12310,27,8.9,318926249,214171890.0,3049.34,22.3,256.3
6,5,262,3,4,4,6,62886,181,9.4,1526884657,369198994.0,2905.7,26.0,354.4
2,5,494,6,4,4,2,34434,83,8.6,1149585976,682424952.0,277.15,23.8,320.6
2,6,1475,2,3,3,5,430793,493,6.0,3965018772,2323879275.0,2639.09,26.9,470.6
7,5,290,6,4,4,3,286912,1090,8.4,6227597107,1565676895.0,4180.34,34.3,745.2
1,1,1869,5,3,3,2,300945,789,8.3,6726692545,2693786314.0,1532.3,24.1,669.4
2,2,1338,4,1,3,5,303496,886,7.0,4788559888,1264818824.0,4099.83,35.1,4.7
8,1,2133,1,3,3,7,268492,438,7.7,7260668060,2047513051.0,2239.77,26.8,565.7
6,4,1439,3,1,3,5,41804,112,7.1,991043247,761570849.0,4218.01,32.8,10.0
2,8,1353,4,5,2,2,230619,309,5.8,3314548515,1977068841.0,2381.33,2.1,64.1
7,7,45,6,7,4,3,256073,482,9.7,7546112807,\N,4509.07,\N,516.5
4,3,815,1,1,4,5,396257,1272,9.9,8450022022,3564963853.0,4573.53,44.9,3.5
2,3,465,1,1,4,5,88220,189,9.8,2796838660,1059400491.0,82.02,48.0,16.4
6,8,200,7,5,2,1,190838,229,4.6,2988217739,2280385935.0,1959.64,-0.1,17.3
9,4,329,2,1,3,6,165488,407,7.1,2865739147,1918399925.0,4442.26,40.5,\N
9,4,1908,1,1,3,6,257340,609,6.2,3473420916,1248613666.0,119.02,43.4,0.3
8,7,798,5,7,4,8,113547,178,8.9,2321275385,1086027475.0,555.31,24.2,866.2
3,7,702,8,7,4,6,46815,171,9.1,1167285210,699952033.0,2183.13,25.0,424.6
3,3,2022,1,1,4,1,356706,714,9.9,7380603846,3523286261.0,4902.73,50.0,\N
2,7,1925,8,7,4,6,245203,739,8.4,7725954205,\N,4640.5,29.3,817.2
5,7,1402,5,7,4,1,435332,2003,9.4,11216503112,8750650072.0,2946.05,24.7,694.8
4,7,2120,6,7,4,5,201820,179,8.5,3768887590,\N,1300.37,25.6,688.2
7,8,1438,7,5,2,5,342859,368,4.9,3175217199,791989611.0,3226.6,-2.3,16.5
4,6,127,2,3,3,3,17659,32,7.3,282443343,206019623.0,1648.24,17.8,338.3
9,2,1511,7,1,3,4,125049,310,7.4,2184781098,904026828.0,3284.37,44.3,14.3
2,7,1621,5,7,4,8,16380,48,9.5,405364050,310856557.0,888.52,26.4,842.8
6,2,482,6,1,3,1,425986,1332,8.1,5427615421,1782688789.0,3028.91,36.2,4.6
7,2,1336,4,1,3,6,170547,440,7.4,3383550151,911853977.0,3473.63,43.8,8.4
4,4,283,7,1,3,4,272843,636,7.0,3917206951,2996740560.0,3586.79,35.9,1.9
6,7,2122,7,7,4,1,98469,225,9.5,2357347860,704528613.0,4886.58,20.7,795.1
7,3,2045,1,1,4,6,439273,701,8.8,11813280934,3466307358.0,179.99,41.9,14.5
4,6,239,7,3,3,7,321647,605,7.8,6495403847,3140594005.0,432.95,21.2,350.6
8,3,1421,3,1,4,7,302590,301,9.5,7721189030,3959973200.0,3045.46,46.6,6.2
9,7,341,3,7,4,1,9298,14,8.7,221888401,124354210.0,2438.54,23.6,434.9
1,3,892,5,1,4,6,28779,54,8.1,402114577,95213786.0,3163.18,\N,2.4
7,7,1487,2,7,4,3,230305,925,9.7,6194766920,2020144681.0,3483.73,\N,889.1
9,6,462,5,3,3,3,61216,44,6.6,658965753,389224498.0,220.13,25.9,201.8
10,1,1317,8,3,3,7,42464,31,7.1,1060054310,254911491.0,2438.29,20.5,609.7
5,6,798,7,3,3,2,128745,367,6.4,1908309888,566190280.0,2510.36,24.7,\N
2,8,733,7,5,2,1,198720,226,4.5,3284543520,1791170638.0,3125.13,4.7,22.7
10,1,162,6,3,3,1,174894,154,8.2,4947751259,3371373286.0,1824.23,22.3,665.7
6,5,1479,7,4,4,7,223884,971,8.8,7384231641,3748354502.0,386.85,29.3,665.3
7,1,1010,6,3,3,1,191103,335,8.0,3126445080,877575908.0,1647.98,24.9,363.7
2,2,132,7,1,3,8,157768,596,8.6,5389228665,2176187732.0,1127.95,45.1,21.8
2,8,1858,7,5,2,3,70347,108,4.3,853027721,584047349.0,3942.34,3.8,67.5
10,2,2168,5,1,3,6,86885,93,8.3,1631952266,781366446.0,4404.45,47.0,3.8
10,8,1916,5,5,2,1,320959,183,4.9,5342458842,3054683918.0,910.14,4.4,58.0
1,6,1243,4,3,3,2,196376,529,6.7,2589335385,604493457.0,3065.97,23.6,221.0
4,2,672,6,1,3,5,19172,64,9.0,269347428,\N,1044.71,43.9,13.6
7,2,505,4,1,3,2,374216,466,8.6,5393799737,1884880081.0,4168.32,41.3,20.2
9,5,2157,5,4,4,6,157706,639,9.5,2740220603,1986588200.0,3870.0,33.4,587.7
3,2,1262,2,1,3,5,330548,898,7.5,6237440760,1266892969.0,2930.27,46.0,4.5
7,4,293,1,1,3,3,215584,475,7.2,3526609305,705702446.0,1621.01,30.3,6.4
7,4,2011,6,1,3,7,286781,928,7.2,4647917023,3684510448.0,4916.28,42.5,4.7
7,4,828,3,1,3,6,115094,151,6.2,2077953113,454944086.0,3249.79,42.4,0.4
2,1,187,4,3,3,4,406617,1143,7.3,6355139078,2629371880.0,3706.8,21.6,354.7
6,6,1060,8,3,3,6,467363,1605,7.3,9167371981,\N,4408.28,15.4,593.5
2,6,1459,6,3,3,8,393999,1162,7.9,11280033770,5873124409.0,4127.47,23.7,490.8
6,3,1643,8,1,4,3,14708,39,9.8,484449162,331023023.0,4113.42,44.7,13.3
10,5,1032,1,4,4,4,305638,1191,8.4,8438909690,5228809532.0,1307.71,28.0,584.7
3,4,1202,4,1,3,5,454715,883,6.2,5658200631,1999135971.0,1613.85,38.3,6.5
2,4,2089,6,1,3,4,241692,519,7.5,3123264870,1602607590.0,1993.07,38.1,1.9
6,2,2161,4,1,3,5,485642,1451,7.1,7030590669,5092216410.0,4587.99,46.6,29.8
2,4,854,4,1,3,6,440007,743,7.8,12722626402,4395769002.0,333.31,38.3,5.8
5,2,2126,5,1,3,4,435347,1350,8.4,7035904075,2022700393.0,1332.85,42.4,3.4
2,2,719,7,1,3,5,215626,798,8.8,4041693744,3111185821.0,2242.24,39.9,0.2
3,3,1847,5,1,4,6,187898,460,9.6,4893765830,2442250305.0,3589.81,44.9,15.4
3,1,878,4,3,3,8,460734,1127,7.4,10524915349,4673468399.0,852.72,24.5,502.9
6,2,402,4,1,3,4,23210,40,7.1,503766087,153746174.0,2562.07,43.1,0.3
6,2,64,7,1,3,5,390971,1025,7.8,11753057425,6284105106.0,1708.69,45.2,8.3
10,6,1449,3,3,3,2,170881,507,7.4,2953917318,1256770261.0,1120.79,25.8,429.4
3,3,373,1,1,4,1,426497,1119,8.9,12404750544,6344572699.0,354.74,\N,19.8
3,2,306,7,1,3,8,268887,1105,8.5,5227028836,3272483579.0,4119.13,45.9,9.6
1,5,932,1,4,4,2,50407,115,9.6,1434300940,883934774.0,3438.66,23.2,798.0
7,1,1991,2,3,3,3,402076,993,7.7,7978353860,5667330228.0,1440.58,20.9,380.6
8,8,1416,8,5,2,7,117467,137,4.5,971569557,699408677.0,1976.43,\N,27.3
2,5,362,7,4,4,7,147278,428,8.7,2730489936,1824297343.0,2763.06,33.6,460.5
4,4,1288,2,1,3,4,393031,745,6.3,5229513273,1553279843.0,1640.1,35.3,7.0
10,1,716,2,3,3,7,379993,824,8.3,8452564292,3862185690.0,977.31,20.8,378.0
7,4,1646,5,1,3,8,333004,566,7.9,7942178700,2359813928.0,1092.77,\N,0.6
8,6,543,5,3,3,6,49891,119,6.4,786122508,310437076.0,4260.81,16.4,405.9
1,7,1548,3,7,4,5,166627,378,9.2,5656653396,1255909873.0,2449.1,25.8,681.9
4,7,1663,5,7,4,8,408784,1262,8.6,6145168115,3497302612.0,2383.93,29.7,684.7
6,7,652,2,7,4,2,365313,1068,9.7,12955167981,2748556149.0,1968.63,20.4,615.8
3,2,1051,6,1,3,2,117775,118,7.8,3139009965,1747817578.0,3627.35,37.9,26.5
5,3,1070,4,1,4,6,100113,222,9.3,2513837430,1414121216.0,4156.75,44.9,10.5
10,5,647,2,4,4,5,219970,748,8.0,5448216960,\N,3616.8,26.7,625.0
9,4,1853,3,1,3,4,145449,401,6.8,2566593054,775099056.0,2448.99,31.7,9.1
3,2,1082,4,1,3,6,410542,1431,7.5,8495140335,4967120173.0,1042.51,\N,3.3
5,7,949,5,7,4,3,173256,198,9.0,5858305128,1772938031.0,2732.06,20.4,719.6
8,5,961,4,4,4,3,411007,1404,8.4,9252589584,6051463327.0,3645.33,33.4,652.4
6,5,2097,6,4,4,6,289637,758,8.8,7338011322,1732227851.0,2095.67,24.4,668.5
4,6,803,3,3,3,3,321131,528,6.1,3947181686,2649468388.0,4954.62,22.1,574.3
8,6,1681,5,3,3,7,156222,301,7.6,2284340572,1366615050.0,4678.64,25.1,281.5
3,7,1608,1,7,4,8,265114,699,9.0,4509589140,2374142119.0,4666.78,25.5,574.6
3,4,1403,2,1,3,5,459321,1364,7.2,6349653504,2084664351.0,2988.18,35.2,0.3
4,7,2058,7,7,4,8,146742,556,8.1,2313035449,1689594368.0,2786.24,26.2,572.8
9,7,726,6,7,4,2,87260,328,8.2,1652878919,1005124263.0,2692.47,22.8,857.6
5,2,1405,6,1,3,6,39682,54,7.6,1054033284,331468423.0,2373.05,37.1,26.2
8,3,203,7,1,4,3,176597,655,9.8,4968697872,1636362543.0,847.25,42.4,5.6
6,7,942,2,7,4,8,189047,898,9.7,6539173539,3089816437.0,4390.11,21.7,747.3
3,4,589,3,1,3,2,222805,596,7.8,5919215874,3754406276.0,4097.52,44.8,9.8
8,5,571,3,4,4,6,143961,289,8.3,4671966333,2723985491.0,3726.93,26.5,658.0
9,5,196,6,4,4,3,221087,916,9.9,7367370535,4379503348.0,3465.05,31.0,581.4
8,8,1346,2,5,2,3,255642,758,6.7,6667935850,2531084358.0,2359.11,-1.6,18.2
4,1,418,4,3,3,6,214620,204,7.7,5711295744,2256561869.0,4978.02,25.1,549.0
6,7,1643,1,7,4,4,244153,525,9.1,7571868158,4464143893.0,2232.0,21.2,671.0
1,8,1366,1,5,2,5,328777,616,5.5,2849839036,1291869847.0,1350.11,7.4,70.4
4,8,9,3,5,2,4,124952,325,6.0,2063207424,1412864673.0,1701.15,-1.5,55.0
8,2,532,8,1,3,7,432045,659,7.4,5869936188,2151871110.0,3590.18,42.2,14.8
1,1,149,3,3,3,2,402579,1495,8.0,10631306232,7799523394.0,1540.57,22.8,606.3
3,6,1553,4,3,3,7,185454,351,7.8,5703711951,3867749904.0,3359.72,20.4,381.5
1,3,1036,3,1,4,2,87439,150,8.4,1505699580,938465811.0,3568.19,46.4,6.3
9,4,476,1,1,3,6,432589,303,7.0,10546952409,8176282190.0,4529.16,41.6,7.0
2,7,1618,8,7,4,5,413815,737,8.4,13723429608,10927395670.0,2325.77,25.8,562.2
9,5,1980,2,4,4,3,216829,704,8.3,4925726075,1847296888.0,2473.72,\N,446.8
4,2,1077,6,1,3,5,127246,351,7.9,1716955727,948662453.0,391.32,41.2,29.4
2,5,206,1,4,4,8,3399,8,8.8,94429658,73627766.0,918.88,22.0,757.9
4,7,745,4,7,4,3,498583,1720,9.4,16872048720,10933179192.0,1299.82,21.1,621.5
10,6,913,2,3,3,1,183032,355,6.3,3605748703,2600448322.0,4664.04,19.3,439.9
6,1,54,2,3,3,7,425412,802,7.0,6125507388,4565570002.0,3222.46,29.9,488.9
7,7,1604,6,7,4,1,489381,599,8.1,10532311067,7955078980.0,4515.95,27.0,\N
3,1,1827,1,3,3,5,412563,764,7.3,7866586258,5495056379.0,1595.55,18.8,337.3
3,4,344,7,1,3,7,481110,403,6.2,11827127130,3666482459.0,1682.25,38.7,4.0
10,2,1193,2,1,3,8,364938,1116,8.9,5287659669,3511913591.0,2518.49,35.0,13.3
8,6,1933,2,3,3,1,176064,584,7.4,2269605811,1078809306.0,3315.15,18.6,275.9
5,2,1185,3,1,3,1,36016,40,7.3,537927772,372297865.0,778.16,44.9,3.3
4,4,703,2,1,3,7,169844,389,6.2,3665607176,2151522842.0,906.91,39.2,3.6
7,6,1311,4,3,3,8,338962,459,7.3,5510539130,2561510287.0,4023.55,22.8,466.8
7,8,1899,2,5,2,7,14086,12,5.2,234024804,143391850.0,4319.6,1.7,72.9
9,6,199,3,3,3,2,11722,36,7.5,220051245,115667140.0,84.12,19.2,358.6
9,1,389,5,3,3,3,356137,917,8.0,9712568264,2680159690.0,3562.7,25.1,398.4
5,1,474,5,3,3,6,96627,368,8.0,2189181312,1485638741.0,1824.18,22.8,687.4
8,1,1405,4,3,3,1,449941,1663,7.5,5908850182,3432569955.0,1749.34,19.8,450.8
10,5,765,6,4,4,4,392823,1234,8.7,8882238699,4268985294.0,2808.37,27.5,398.6
1,8,1655,6,5,2,8,26787,41,6.0,642245112,219178000.0,3786.07,8.1,19.1
9,3,592,7,1,4,7,441635,766,8.0,12616628680,6724754622.0,4643.61,44.7,19.5
8,7,1849,7,7,4,2,258596,364,8.6,4674691611,2799649360.0,102.07,24.1,669.1
6,1,1096,4,3,3,3,471983,1048,7.6,11564716259,8001497171.0,1368.31,29.5,651.7
3,3,982,8,1,4,8,130408,310,8.3,3925815472,2161793117.0,1968.64,42.1,0.8
3,3,168,2,1,4,2,451231,385,8.5,14778040865,4194792330.0,437.58,48.1,17.8
8,2,284,2,1,3,4,423317,1153,7.1,8081925832,6436243428.0,225.75,43.5,13.9
5,4,1199,8,1,3,6,224721,424,8.0,4005427104,1875359505.0,4967.96,\N,2.5
10,5,1244,5,4,4,3,151357,618,9.3,3343097737,1525054814.0,3246.88,28.8,600.3
7,3,891,5,1,4,5,102905,254,9.6,2220772224,1560226475.0,1378.73,44.8,16.0
5,7,2182,1,7,4,5,57407,223,8.2,1460698152,496180321.0,1909.36,20.2,801.9
8,5,1655,5,4,4,2,231103,839,9.5,3512765600,1731000043.0,3550.45,33.4,311.3
10,2,122,8,1,3,6,346980,793,8.6,5207128860,1255600081.0,768.76,47.6,5.1
10,1,833,7,3,3,5,212337,546,8.3,5461668612,4214558911.0,2153.3,21.7,430.4
4,6,1923,5,3,3,7,459973,877,7.5,5502427012,4020676634.0,4323.68,25.7,413.4
2,3,1022,4,1,4,3,258071,649,9.1,7787447267,4375678137.0,1392.81,48.5,18.3
3,4,1994,1,1,3,4,247190,233,7.8,7322855436,\N,905.14,35.5,7.0
8,6,895,6,3,3,4,142092,183,6.6,2422355997,1328425653.0,4430.59,18.0,434.1
7,2,1516,1,1,3,5,32932,137,8.8,1113127945,759688140.0,4752.62,43.1,19.6
2,5,289,8,4,4,1,26154,85,10.0,561264840,328383763.0,4407.36,28.0,529.0
6,7,1077,2,7,4,1,120476,114,9.1,2917338387,753624203.0,4615.56,27.5,555.0
9,8,1372,2,5,2,6,93996,300,6.4,1277142451,551628083.0,2067.95,-0.2,46.0
4,1,1075,1,3,3,8,339337,592,7.4,9926353791,7578896739.0,2368.29,20.7,375.2
9,5,839,1,4,4,1,143313,629,9.2,3232911979,2482961548.0,3122.15,23.9,368.6
2,4,40,2,1,3,5,363423,1310,7.5,4625466232,1805856286.0,340.51,31.4,6.2
2,3,179,7,1,4,8,485363,1419,9.4,14878026184,8337060728.0,3424.85,45.6,3.0
9,4,183,8,1,3,5,402320,772,6.9,7184308704,2727776378.0,2735.48,44.5,6.2
7,5,1760,4,4,4,5,116026,294,9.5,1817605303,788942135.0,4690.39,25.7,641.9
7,5,1188,4,4,4,7,227875,663,9.9,7977083400,5120378068.0,2743.37,29.3,434.5
1,6,1770,4,3,3,8,135259,284,6.1,1407586309,358002850.0,4955.51,17.0,584.9
6,4,1401,4,1,3,3,34294,36,7.2,545933044,410682147.0,4848.72,33.6,6.2
7,4,705,2,1,3,8,225352,547,6.2,5372166328,1151302595.0,2037.53,39.3,7.2
6,4,497,8,1,3,1,150791,279,7.6,3950301985,2010549665.0,220.53,39.7,7.3
6,1,597,7,3,3,2,252732,652,8.5,7780860084,5172538507.0,4047.55,26.1,416.3
2,7,474,3,7,4,6,333975,1439,9.0,11217552300,3983822137.0,4270.34,22.3,458.7
6,5,685,5,4,4,3,427073,1926,9.2,15566981679,9823635260.0,2787.13,27.6,621.7
4,2,1061,5,1,3,6,11269,13,7.6,227043304,60134680.0,3676.68,35.8,19.1
9,1,1623,5,3,3,6,20052,43,8.2,654252645,427097489.0,2411.54,26.8,464.3
1,1,1665,5,3,3,3,51686,92,8.0,715747728,273435700.0,3182.6,25.3,423.1
8,1,319,2,3,3,5,185909,277,7.8,2501405595,1753695425.0,2585.22,24.1,582.0
5,6,1436,3,3,3,8,471512,1295,6.6,7885755292,4568403273.0,2425.26,22.2,414.6
1,8,1695,2,5,2,5,54802,41,5.1,1034393230,252464729.0,4110.05,9.8,7.8
4,7,1989,3,7,4,3,267721,473,8.3,5717422903,2295725204.0,938.37,29.6,717.1
1,7,229,2,7,4,5,148732,192,8.3,3124457743,1618579135.0,2151.71,20.8,585.8
6,2,729,7,1,3,1,25223,72,8.9,736983270,416642411.0,3387.52,42.9,21.2
2,8,1288,1,5,2,3,16519,12,5.9,252134452,120321835.0,4928.75,-2.9,6.6
5,4,1511,3,1,3,7,41506,58,6.3,1029738956,631164324.0,2880.02,33.7,3.4
7,6,561,5,3,3,7,59111,225,7.7,1411889879,528863628.0,2773.48,19.7,312.9
2,5,1376,3,4,4,6,343796,352,8.7,9562307564,6415765208.0,2564.71,23.9,511.4
6,8,1466,6,5,2,7,411601,1184,6.2,9072097641,5200967913.0,306.86,-2.1,25.4
6,3,25,4,1,4,3,190534,429,8.8,4315823740,1422998912.0,3271.83,48.1,7.1
5,6,1155,3,3,3,7,236375,394,7.0,5493355000,3566200118.0,4821.1,23.5,418.7
5,3,370,6,1,4,3,130177,406,8.7,1825654318,1365177737.0,3626.39,47.9,18.1
3,5,1460,4,4,4,5,67700,273,8.6,1073031460,483478306.0,1631.91,22.4,488.9
10,2,1012,6,1,3,7,138168,186,7.6,3406449139,1551654142.0,3301.82,43.6,23.9
10,7,611,4,7,4,8,383997,801,9.0,13139609346,2883566218.0,2544.38,20.8,584.6
2,3,1376,1,1,4,3,274876,756,9.1,8554690872,3143413983.0,3349.69,42.8,7.0
7,1,1826,3,3,3,8,236196,886,7.8,5154835982,1656916234.0,4987.66,26.8,498.3
1,6,2036,6,3,3,8,98689,357,7.7,2044905162,1098045024.0,3068.14,26.5,490.4
6,8,1221,7,5,2,2,306607,459,5.5,5853280933,3568790856.0,145.3,5.4,27.5
6,8,2157,1,5,2,2,18906,12,5.8,234990236,158588688.0,1305.25,6.2,71.3
3,3,1884,5,1,4,1,467653,977,8.8,13761718361,7608712889.0,2145.92,\N,17.1
2,5,1947,3,4,4,3,122397,276,9.7,4169625160,2595082994.0,395.34,27.6,764.1
2,7,720,2,7,4,7,220783,941,9.9,6823916807,4742429310.0,2340.58,25.7,890.6
9,1,1106,2,3,3,8,389806,816,7.3,9962388883,3189091827.0,2287.01,25.3,395.1
5,8,1561,2,5,2,3,439820,378,5.1,7704986670,4805901945.0,4391.85,1.5,62.2
7,3,1921,7,1,4,8,272023,715,9.2,6354130852,2177455520.0,1478.67,42.9,13.7
5,7,636,6,7,4,6,418130,1242,8.9,13091733926,3570540006.0,2068.78,26.4,425.7
7,5,1173,6,4,4,5,265697,379,8.2,3847611396,796894820.0,1218.63,32.5,792.4
4,2,1754,4,1,3,6,362991,472,7.8,9182002541,4558512248.0,4008.43,44.4,10.1
8,5,1927,2,4,4,7,91888,332,8.2,1351745990,889106486.0,3966.39,29.5,374.1
10,2,356,5,1,3,4,439246,616,7.0,10411008692,4825314563.0,4726.62,37.4,3.6
10,8,2059,6,5,2,6,152810,110,4.3,1341106403,275905351.0,4167.18,8.9,74.9
7,7,1440,7,7,4,7,390089,358,8.1,8189996572,5536375734.0,4042.54,29.8,633.6
10,7,1595,3,7,4,4,19838,49,9.9,632395764,425811202.0,1218.65,28.9,739.4
5,1,1676,6,3,3,7,195581,213,7.5,4091065567,1750516461.0,3433.46,28.7,476.6
6,5,1871,3,4,4,3,8955,37,9.1,282690544,\N,257.33,27.9,320.6
5,4,1146,7,1,3,1,435804,743,6.1,5199839006,2492618244.0,159.69,34.0,8.2
7,8,2113,6,5,2,2,347855,873,6.6,6123013281,3708884213.0,1554.45,\N,\N
2,6,125,8,3,3,3,128242,183,7.2,1809751104,704828580.0,4352.64,21.3,337.4
5,4,312,4,1,3,3,451466,1699,7.8,9166294784,3725486620.0,1413.4,33.6,5.6
10,8,775,4,5,2,1,355449,601,5.6,3401789109,711252144.0,4648.51,8.6,41.1
3,4,1474,4,1,3,1,288449,1047,7.3,7014012418,3037907673.0,1141.54,31.2,\N
9,4,1832,5,1,3,4,177867,392,7.1,4539966241,3249008616.0,284.65,44.1,4.0
6,6,694,6,3,3,7,444979,355,7.8,7878798173,3388607531.0,2989.97,26.3,269.4
10,4,1183,3,1,3,3,118204,357,7.5,1461887970,635238115.0,4096.03,37.5,2.3
3,2,1377,7,1,3,7,318753,498,7.8,8771572555,\N,2871.81,35.5,0.0
7,5,1844,6,4,4,3,86553,334,8.5,1810558930,1034423557.0,2551.12,\N,410.5
4,7,990,7,7,4,5,464107,962,9.4,15059715221,8336785884.0,2222.77,27.0,559.5
3,1,1753,1,3,3,2,21644,66,7.9,583409691,364346949.0,3594.07,23.1,479.6
8,4,1717,4,1,3,5,178649,585,7.6,2469715235,886112318.0,4830.01,40.3,5.0
4,7,1627,2,7,4,8,258769,330,9.2,4620889786,1138675535.0,1605.12,25.8,\N
1,4,890,7,1,3,5,161609,541,7.2,4058583782,2410898651.0,1746.75,37.8,3.5
6,8,1379,1,5,2,2,283893,515,4.4,3205265527,999180555.0,381.13,4.1,9.7
10,1,489,7,3,3,3,115660,201,8.8,3225433552,1917205978.0,867.88,19.6,427.8
1,8,180,1,5,2,4,335883,413,4.8,4254697137,3193491236.0,2654.02,8.5,\N
5,1,1443,7,3,3,8,293720,575,7.7,7732560836,\N,1611.33,18.5,357.4
7,4,1708,4,1,3,7,372717,1066,6.1,3774132341,\N,4107.64,44.0,1.1
6,2,1268,2,1,3,2,70710,249,8.1,1885496292,1192428243.0,3129.68,37.9,24.1
2,7,232,8,7,4,1,446700,1994,9.5,15799108950,6109743954.0,3669.97,25.9,619.9
4,1,1813,4,3,3,3,37598,87,8.6,1182141276,781346033.0,2236.36,25.4,387.1
2,5,1613,7,4,4,2,244813,870,9.7,5661251662,2928670866.0,543.05,25.6,782.8
1,7,1327,4,7,4,2,51793,167,8.2,818826612,482384170.0,2833.67,25.3,871.3
3,5,331,2,4,4,6,462160,1790,9.0,7873819920,5948575437.0,1332.96,24.3,698.6
3,7,561,1,7,4,7,60730,239,8.8,1390571248,403535213.0,2635.49,27.0,615.1
7,2,248,1,1,3,2,137904,470,7.5,3865104360,2825060073.0,602.29,45.8,23.3
1,8,283,7,5,2,8,357500,284,5.4,5638990500,2247448475.0,3907.08,0.8,55.3
9,6,1311,6,3,3,4,309408,571,6.7,3451600944,849484667.0,2026.97,18.0,393.6
6,8,940,2,5,2,5,66001,126,6.0,671626176,288267136.0,3342.57,-0.4,2.6
4,3,2080,1,1,4,5,20995,22,10.0,609484850,176589941.0,2487.38,47.3,5.2
3,2,1524,5,1,3,6,444266,660,7.3,7747865760,5549250044.0,2360.49,47.8,28.2
3,4,530,4,1,3,2,25439,32,6.3,274855675,198177965.0,1940.33,43.3,3.3
2,3,381,7,1,4,2,451803,962,8.8,9446658566,5996515725.0,2439.84,45.8,2.2
2,4,63,5,1,3,5,379789,1246,7.2,8947221177,2460241133.0,3082.89,33.6,5.3
10,5,128,5,4,4,4,23201,65,8.8,609443868,213270071.0,1159.36,30.4,524.4
5,1,1552,6,3,3,8,495704,1629,8.9,9877943178,\N,3586.55,24.1,429.3
9,7,295,6,7,4,3,346797,1383,8.8,8081202412,2765555838.0,2453.82,29.4,677.4
2,4,179,6,1,3,5,258493,604,6.6,6500064977,4637121213.0,3103.07,36.9,9.9
2,5,229,5,4,4,2,376337,849,8.2,7094629856,5529357653.0,2389.37,27.9,586.7
6,2,883,3,1,3,4,459721,1342,8.1,11953205720,2469496891.0,860.31,40.2,7.6
10,4,394,8,1,3,7,202607,520,7.0,2985414145,1058768783.0,1672.46,34.2,4.6
2,8,72,3,5,2,4,450897,575,4.3,6865492991,2902222967.0,1735.97,-0.5,60.1
4,5,318,5,4,4,7,191763,759,8.2,4152857880,1193035612.0,2055.65,24.1,314.0
6,1,595,4,3,3,6,388673,719,7.9,6051988415,4044069241.0,1629.26,21.5,301.1
5,7,379,7,7,4,2,160778,684,9.3,5122676480,1124915188.0,3389.91,22.6,663.2
1,4,907,5,1,3,8,154628,135,7.4,1948652981,544195971.0,4971.35,44.4,9.5
6,6,136,7,3,3,1,43629,120,7.4,956941034,460303483.0,3545.82,\N,391.8
1,5,1402,5,4,4,4,135895,529,9.6,4208613792,2205170981.0,4796.57,33.2,770.8
3,4,1143,6,1,3,5,460240,522,7.8,5625329424,4283188531.0,3704.54,42.0,2.3
10,1,906,7,3,3,8,444299,1493,7.3,10826411452,5902976897.0,2953.87,27.1,401.7
5,7,530,6,7,4,1,358050,1202,8.8,10249682520,5552857251.0,3543.02,22.3,459.9
10,4,523,6,1,3,6,342398,395,7.0,8856124270,2196676077.0,4092.82,44.9,1.8
5,4,387,8,1,3,3,498716,1492,7.7,6236343836,4750103561.0,4176.62,30.7,8.8
10,7,573,8,7,4,5,406018,1511,9.0,13008816720,9538771098.0,684.73,20.2,\N
6,6,644,3,3,3,6,246473,350,6.7,5208418141,3895243805.0,3146.19,20.4,460.9
10,5,1293,5,4,4,7,341070,1269,9.5,7899522270,1887698931.0,841.79,23.1,696.3
8,3,547,4,1,4,6,438823,1286,8.6,9951715758,3450858972.0,3663.63,43.8,2.2
5,8,1510,4,5,2,6,382357,695,4.8,6445621363,4491329185.0,77.38,7.1,47.0
1,7,1587,6,7,4,2,335663,1188,8.5,5455195076,\N,3224.32,20.5,833.5
5,4,555,6,1,3,1,389676,1320,7.2,9247479091,6609480350.0,292.29,36.4,3.8
3,3,1764,5,1,4,6,255764,522,8.7,5992320332,2659686479.0,4510.39,44.2,17.0
4,2,2159,8,1,3,6,151176,416,7.4,2458907875,1119305469.0,3733.39,44.2,2.8
8,4,1575,4,1,3,6,60299,201,6.8,1353519593,704378930.0,4608.01,38.6,1.0
7,3,624,5,1,4,5,87047,112,8.7,2423388479,1244703622.0,2451.01,49.0,5.5
5,2,1989,8,1,3,8,266084,860,8.8,4954696947,2065627343.0,63.89,39.1,12.2
2,6,944,7,3,3,6,333912,223,6.1,6379455542,2842773560.0,4675.19,16.6,229.5
6,5,473,3,4,4,4,478040,778,9.4,17214889656,9023242692.0,1379.19,34.8,687.1
6,4,1587,5,1,3,2,435375,1188,6.6,10821506850,6550668253.0,1705.98,41.2,1.3
10,5,994,6,4,4,1,267796,855,8.1,8555118134,\N,2789.23,27.0,532.3
10,2,1122,1,1,3,4,124946,469,8.6,2430599527,1128676511.0,1124.33,39.1,9.5
6,5,1435,3,4,4,6,29845,81,9.0,519750675,\N,4801.26,26.1,599.1
9,5,170,4,4,4,8,122205,535,9.6,2874261600,1449063233.0,691.81,29.2,310.5
8,7,1014,4,7,4,7,272145,922,9.7,4165614657,2343987283.0,1703.46,22.7,654.1
8,1,56,6,3,3,8,234488,268,8.7,4261655258,2955247099.0,4811.25,18.1,431.3
1,2,1757,6,1,3,2,476316,1562,7.2,11684222006,4269125160.0,4957.28,45.0,15.6
5,5,658,3,4,4,8,420000,902,8.5,6069000000,2668664089.0,3225.71,25.6,524.2
7,8,957,6,5,2,2,152778,142,5.4,1862852709,1427079903.0,3933.96,-4.7,79.3
6,3,260,1,1,4,8,430384,1702,9.2,10251230419,5063609548.0,2905.64,43.8,12.8
5,2,641,3,1,3,8,125544,447,7.6,3644793407,2508633741.0,2348.02,35.8,7.2
8,1,404,8,3,3,1,179442,458,8.3,3371930510,780158425.0,1760.52,24.6,680.3
3,4,795,8,1,3,1,168704,364,6.1,1682569343,\N,1214.71,43.9,9.8
6,6,1562,8,3,3,8,47599,83,6.6,766848449,483813449.0,1366.94,\N,334.1
5,5,1184,6,4,4,1,346351,1365,9.0,8378923392,6271574327.0,2461.55,25.5,428.2
8,3,714,7,1,4,5,459132,2106,9.3,7485183082,2282111058.0,4719.23,49.9,9.7
4,1,1397,2,3,3,7,181441,160,7.4,3725890935,2347175610.0,4356.61,24.4,652.1
8,2,1958,1,1,3,2,124100,206,8.2,1834768859,413854788.0,1670.41,36.3,13.2
10,6,2094,3,3,3,6,224918,654,6.5,3577433249,822656308.0,4762.84,17.0,451.0
2,6,1753,2,3,3,3,4357,9,6.1,103413830,28073206.0,829.96,16.2,566.5
9,8,904,8,5,2,4,483698,758,5.1,6843069085,3579967539.0,2738.59,\N,78.8
9,5,2103,8,4,4,1,297599,309,8.9,6250769396,2832863687.0,3462.92,29.4,395.5
10,1,1102,5,3,3,2,315548,889,9.0,4367815416,1707279673.0,4711.99,18.9,261.9
10,1,1695,1,3,3,7,340611,589,8.2,10970944065,4873118974.0,1215.0,20.5,\N
6,3,856,5,1,4,6,207569,230,8.0,6283528768,3088760371.0,1574.56,45.2,7.2
4,4,1296,8,1,3,4,263424,266,7.5,6646187520,5100127592.0,629.03,37.5,9.4
4,4,660,2,1,3,3,161135,457,6.4,2182154624,536512565.0,1714.3,40.8,\N
6,7,111,4,7,4,4,409989,1392,9.0,6830006751,4109956116.0,4196.41,29.7,891.3
5,4,1039,8,1,3,8,130111,506,7.9,3370408355,1072235911.0,2108.98,41.7,0.2
6,7,2126,4,7,4,3,17513,23,8.9,500017165,389827192.0,4944.37,24.5,895.1
7,6,501,6,3,3,6,366677,768,6.3,7978964855,4566837448.0,2013.4,23.6,247.2
7,6,418,4,3,3,1,365478,995,6.2,3446530635,1734109121.0,3602.74,20.8,352.5
9,8,1864,5,5,2,5,6164,13,4.5,82465074,53087325.0,2028.58,-4.4,60.9
8,2,275,1,1,3,3,237497,738,7.9,3966342398,2516935064.0,1229.83,46.3,12.4
6,6,1221,5,3,3,1,381253,1059,6.7,7410300185,3970185525.0,932.16,18.9,300.2
6,6,1755,5,3,3,4,286262,731,7.9,5355160486,1292362463.0,909.97,25.5,472.9
5,1,1769,8,3,3,6,409897,827,7.4,9099713400,2132952255.0,3247.58,23.9,612.8
1,2,1134,8,1,3,7,241145,532,8.7,4946993217,2815090324.0,414.12,35.9,7.7
9,1,1543,4,3,3,4,98583,221,7.8,3010429071,1050840818.0,3210.1,29.6,568.3
9,3,1968,5,1,4,4,429796,1441,8.2,13410064995,6837935581.0,2106.47,48.2,12.9
9,7,799,2,7,4,6,77354,234,8.9,1291533325,624492344.0,3332.06,29.3,470.0
8,7,1964,3,7,4,6,215922,356,8.3,6428451376,4388495206.0,159.78,29.9,553.6
10,3,769,3,1,4,5,318373,1134,9.1,5788594211,3869154049.0,731.46,47.0,7.0
3,7,1485,3,7,4,2,44602,137,9.0,1219106466,816437612.0,4368.89,28.8,482.7
1,2,139,6,1,3,3,403537,1232,8.7,8246803193,5632104638.0,4999.56,36.5,16.2
8,2,861,8,1,3,7,313269,933,8.3,9568488336,4533631714.0,4218.48,43.9,5.7
7,6,1860,7,3,3,6,91091,139,6.4,2168694528,1397669148.0,672.27,21.0,346.3
5,7,335,7,7,4,2,358018,502,9.8,6536477833,5003191184.0,1046.05,22.9,418.6
10,3,1859,4,1,4,4,279588,1007,9.9,8699576331,3304719290.0,922.7,43.1,18.0
7,5,1208,7,4,4,7,65433,218,9.7,1485832934,394578635.0,4345.45,31.1,595.4
10,4,925,4,1,3,5,396411,1115,7.8,10129411000,7967505588.0,4144.0,31.2,6.2
4,6,981,3,3,3,8,194427,531,6.5,4209636190,3297362441.0,2086.81,26.6,508.1
9,4,1286,8,1,3,8,401626,576,6.7,6910216305,\N,663.72,40.1,9.0
10,3,1334,1,1,4,1,470103,2045,9.8,12544886596,9984501037.0,4448.42,46.4,8.3
2,7,344,6,7,4,5,277447,1123,9.4,4968243429,2813001261.0,2931.19,22.4,540.6
9,7,657,3,7,4,6,335640,1340,8.6,9196401744,5029710917.0,4886.65,\N,539.8
9,4,1797,8,1,3,2,208059,242,6.1,5004297485,1667406101.0,1446.84,40.5,5.1
5,5,1850,5,4,4,4,228673,607,9.8,3919500954,1094226449.0,235.12,27.6,795.7
1,7,261,8,7,4,7,362951,1426,8.3,10739538614,6731940575.0,4912.46,28.2,709.8
7,5,1386,7,4,4,7,143980,431,8.3,3109478468,1395664044.0,1797.46,33.7,479.9
10,1,169,3,3,3,8,453846,1348,8.3,11428840741,\N,2268.61,19.7,631.3
10,2,660,7,1,3,7,496012,439,7.5,11193750810,7159026423.0,481.22,36.4,25.5
4,4,200,3,1,3,3,360901,360,7.6,9770023151,4697792222.0,2985.5,39.0,9.6
9,7,1409,7,7,4,5,34729,57,9.1,602360613,\N,1337.44,26.7,784.9
6,5,582,1,4,4,2,242914,495,8.0,4730021408,1798902491.0,3422.46,27.3,308.7
3,8,566,4,5,2,2,292104,359,5.8,3779767339,\N,3812.26,8.9,8.2
6,8,28,8,5,2,8,30296,81,5.5,412237672,143862515.0,1474.18,3.5,\N
10,7,1899,7,7,4,1,476530,837,8.6,14052583782,9899420102.0,2235.37,29.5,574.9
6,2,632,4,1,3,3,304610,899,8.4,5928563508,3362780016.0,1757.82,39.7,6.2
5,2,1626,5,1,3,8,373422,889,7.2,7388378323,5659477063.0,4896.34,39.5,1.9
2,1,2037,3,3,3,8,333458,949,7.4,9125144861,6643232817.0,4248.48,27.2,293.4
10,2,1311,2,1,3,7,459769,473,7.2,8636668711,6125736862.0,2135.67,39.9,23.8
10,2,1766,5,1,3,2,7325,24,7.9,182745565,58423482.0,2592.79,37.5,6.0
2,6,807,7,3,3,3,41322,31,6.6,520359681,295946001.0,4920.91,20.2,522.2
7,8,2075,4,5,2,4,333479,426,4.9,4225645800,2962454611.0,1396.77,-3.1,19.1
2,3,1141,1,1,4,6,376738,899,8.4,7920991797,2430896919.0,4431.92,45.9,7.7
6,8,89,7,5,2,8,368327,336,6.8,4087545715,3139387807.0,4710.81,-3.4,47.0
5,8,1759,4,5,2,5,178575,456,6.7,4017687495,3104477257.0,2326.89,-1.9,10.1
4,7,122,4,7,4,2,361948,1396,8.1,5464835683,\N,1275.65,26.0,580.5
7,8,1918,7,5,2,4,413847,846,6.7,6346881746,4117718118.0,818.73,6.4,57.4
8,1,866,1,3,3,8,468083,614,7.3,5761071947,3750959249.0,410.32,24.8,393.1
4,1,33,3,3,3,1,243995,389,8.7,3303009114,811411730.0,949.23,20.7,480.7
1,4,603,3,1,3,3,328909,282,6.1,5685981446,3774696837.0,1716.65,43.5,4.9
1,2,696,7,1,3,6,226432,793,7.5,3445728960,1138753282.0,3878.76,36.5,28.5
1,4,525,7,1,3,8,418724,1430,7.9,9705436106,6693379566.0,1972.39,42.3,9.3
1,6,1048,7,3,3,8,220279,705,6.9,4581054251,1629627884.0,1848.44,16.3,267.4
5,8,1349,4,5,2,8,414037,1026,5.6,4013509063,1356655213.0,4230.07,-0.2,29.2
4,5,2082,7,4,4,4,396526,1217,8.9,5438314437,3736995948.0,2992.89,34.2,544.2
9,2,247,5,1,3,3,429421,1620,8.0,6771110328,4288231871.0,2327.72,43.5,4.2
3,5,2097,2,4,4,7,430680,1625,9.5,16333108320,5624096603.0,3166.2,31.4,596.4
7,8,1963,7,5,2,7,39731,115,6.2,908226821,371526458.0,2823.31,8.3,35.2
8,3,1394,5,1,4,6,411221,959,8.9,9211884987,6555879531.0,2249.85,44.1,17.4
6,6,1908,6,3,3,3,275779,851,6.8,6392888154,3457520803.0,2028.15,23.8,202.9
10,2,2024,5,1,3,2,212141,653,7.4,4795871587,\N,4430.67,42.2,19.2
1,4,738,4,1,3,3,190794,567,6.6,2799291409,1740776209.0,962.72,39.5,7.5
8,4,1969,4,1,3,4,30338,94,6.4,713355596,\N,830.98,35.3,9.1
10,2,1437,2,1,3,1,413516,1114,7.4,9666598125,5519834940.0,4013.7,39.8,21.6
3,7,364,2,7,4,2,55632,102,8.1,1770032217,912284004.0,646.92,25.1,773.0
8,4,982,2,1,3,5,146263,103,6.5,2121983604,1052157353.0,4850.54,33.6,5.7
4,8,1303,4,5,2,1,109938,230,5.6,1198676001,468930882.0,1430.94,7.2,53.7
8,8,227,4,5,2,8,10306,18,4.5,105461298,37254611.0,4273.71,-2.8,54.1
1,7,1267,5,7,4,4,294232,967,8.8,7948971712,5427377088.0,3253.42,29.4,437.0
3,2,2058,4,1,3,2,139094,421,8.3,2631060375,1172507124.0,4055.18,38.7,20.1
6,1,1416,6,3,3,6,324513,304,7.5,7440271807,4163739027.0,2028.66,27.0,601.0
9,4,2096,3,1,3,6,50714,157,7.1,1334777265,307681506.0,1055.63,39.6,2.2
2,7,1648,3,7,4,3,302882,1275,8.6,6452052940,2279106655.0,4743.18,24.8,794.9
1,2,157,2,1,3,7,98328,252,8.7,1637338190,1275171586.0,3944.82,35.5,11.1
10,2,2074,4,1,3,1,256924,470,7.5,3331661970,2252229288.0,792.74,40.8,24.5
3,7,1702,6,7,4,2,382799,1523,9.5,12546237225,6640625445.0,2241.13,\N,532.6
4,4,761,8,1,3,5,390048,702,6.8,9832173964,5062722752.0,1685.54,38.2,7.1
5,1,774,3,3,3,7,407313,388,8.0,7377253056,1555298940.0,815.52,23.4,463.6
3,4,1553,5,1,3,5,463802,995,7.1,12184078539,5553467284.0,2982.53,34.4,6.8
10,2,958,8,1,3,5,366391,863,7.2,7135831116,5487374485.0,3712.2,43.2,3.0
2,1,254,1,3,3,6,435194,1643,7.6,9816584019,4285569189.0,1206.21,22.8,527.4
2,8,1570,7,5,2,2,446292,790,6.4,5586861772,2699940847.0,2771.79,-3.2,58.2
7,5,118,5,4,4,1,137506,317,9.2,4280946796,3181282151.0,1044.13,30.4,466.9
9,3,550,1,1,4,3,235298,1010,9.9,4505156686,1208994182.0,3321.92,43.1,16.2
10,4,911,6,1,3,1,328389,199,6.0,4681513584,1858591294.0,3509.8,\N,\N
2,6,870,5,3,3,3,390210,840,7.4,8480746098,3656558087.0,2537.26,20.7,499.2
7,2,808,3,1,3,1,91478,264,8.0,1672217840,388873562.0,3339.92,47.1,27.1
7,1,1673,4,3,3,1,364888,1249,8.2,6771080660,3353937714.0,3509.14,27.9,697.8
7,7,821,1,7,4,2,342959,753,10.0,13173055190,8241989160.0,4565.91,26.6,440.3
3,8,1782,4,5,2,5,384632,559,5.4,4473885571,3438191117.0,4182.98,8.7,37.6
7,7,1222,6,7,4,7,426659,475,9.4,12549150503,7774918756.0,4119.47,25.8,764.0
1,7,1602,7,7,4,5,204362,351,9.1,5521432079,2302307362.0,157.56,26.5,543.8
10,1,880,7,3,3,5,201964,629,7.1,3805688437,2488230234.0,1350.95,24.6,468.5
1,5,993,4,4,4,7,85949,300,9.3,1913585725,1076126493.0,1006.02,33.5,461.4
5,4,1,3,1,3,5,402124,1286,7.8,5576816481,3535277670.0,4969.51,39.4,1.3
2,6,167,6,3,3,1,382857,490,7.8,7734477114,4595320087.0,2841.41,19.7,227.4
9,8,2064,8,5,2,5,183634,234,6.9,2109679209,1024517122.0,911.81,-1.8,58.9
7,7,112,7,7,4,1,178058,386,8.6,5178852541,3796619946.0,2873.73,22.3,751.9
4,1,1126,2,3,3,3,181327,647,8.0,3363978504,2537653636.0,3486.3,\N,632.7
4,7,1430,2,7,4,4,47008,165,9.7,1022301779,543661869.0,4125.36,25.4,675.3
2,5,2006,1,4,4,7,256194,500,8.5,7123089879,5365195938.0,1430.73,23.6,494.2
5,2,2044,3,1,3,7,175835,152,8.0,5434004840,2742375142.0,2810.98,45.1,18.2
4,7,507,4,7,4,4,230695,750,8.4,7532376306,3767403764.0,1543.99,24.5,818.2
1,5,1635,5,4,4,3,407738,440,8.4,7017823360,2524618291.0,2278.29,27.2,595.6
8,4,671,8,1,3,1,319393,346,6.9,7537036014,4065708565.0,2065.01,36.5,6.8
3,8,1691,5,5,2,7,378393,745,4.5,4059400104,948894389.0,1109.15,-3.4,47.7
6,8,965,6,5,2,5,142235,101,5.5,2559661060,2023151497.0,1501.69,-0.4,4.3
4,7,281,1,7,4,2,12162,23,9.6,441684921,209873696.0,1322.32,24.3,785.2
9,5,351,1,4,4,1,81252,105,8.6,2407951771,1698753988.0,4066.79,33.6,364.4
7,1,1950,1,3,3,1,200120,420,7.9,5353089928,3902682717.0,770.15,25.6,675.5
9,1,1967,3,3,3,7,249215,633,7.6,4481284444,3437087102.0,4861.52,24.1,435.6
10,3,1548,5,1,4,3,491584,808,8.8,8729745305,3300337915.0,2038.88,42.8,6.0
3,5,1307,6,4,4,3,453686,1761,9.5,13240372224,8413580289.0,1167.1,28.1,332.4
1,2,1965,8,1,3,2,328364,352,8.3,8086324700,1662877125.0,3825.35,36.3,18.0
5,7,728,3,7,4,8,249708,882,9.5,4815618780,2575085747.0,505.69,20.4,575.1
3,6,823,6,3,3,5,105222,269,7.9,2560261704,750599398.0,4085.67,19.0,557.4
6,6,1438,3,3,3,4,156749,190,6.3,3106733830,728667902.0,1588.46,26.8,440.1
8,4,2062,8,1,3,8,149265,128,6.1,1724518251,675983202.0,900.34,37.4,9.9
4,3,1080,8,1,4,6,231247,1085,9.9,6078211771,2707014984.0,4231.74,43.7,\N
5,5,199,4,4,4,5,470210,2101,9.1,15074603453,10016684193.0,2996.83,27.8,303.8
5,2,1884,3,1,3,5,357381,831,7.3,9405017086,4329911498.0,2715.53,39.4,21.8
4,3,678,3,1,4,6,17896,41,10.0,491603120,301962724.0,1529.05,47.4,7.5
4,1,1465,8,3,3,6,195815,260,7.7,3874983035,893875170.0,2528.0,23.8,404.9
4,4,78,4,1,3,1,289074,426,7.4,6231336958,4887383847.0,3916.22,30.8,9.9
4,7,2160,2,7,4,2,393722,1711,9.9,11175129642,2982282220.0,2411.48,28.3,670.7
4,7,535,4,7,4,7,266689,408,9.5,8507645789,3657841313.0,3173.07,24.8,542.9
5,7,1399,1,7,4,1,198731,535,9.8,4902018084,2460100960.0,242.27,27.1,807.5
2,5,1166,7,4,4,8,124519,527,8.8,2324122231,1859078248.0,2985.05,24.5,465.4
2,6,1221,2,3,3,3,343014,1193,7.0,6852733692,1648575179.0,1192.82,18.2,561.6
9,2,790,7,1,3,8,401970,684,7.9,6970360785,2803204534.0,3689.52,46.6,15.1
2,7,1564,8,7,4,6,189356,477,8.6,5601907903,3253470798.0,1602.16,\N,643.1
6,7,1323,5,7,4,4,280395,420,9.6,5343207120,3818518044.0,1506.55,25.7,479.1
2,1,1100,8,3,3,7,263230,436,7.5,5837783325,3883471101.0,2102.13,\N,472.7
5,8,2148,7,5,2,2,115566,97,6.6,2866360384,928261279.0,632.57,\N,20.2
4,3,1503,6,1,4,7,342810,1049,8.1,5572959327,\N,3780.16,\N,2.3
7,7,1492,3,7,4,2,325790,349,9.2,7292353044,5493347496.0,3158.98,21.6,666.6
7,4,1660,2,1,3,5,337627,351,7.2,9142669058,5763605819.0,1439.15,31.8,1.9
6,3,1901,5,1,4,8,478123,1565,9.8,12674562607,3398906724.0,3873.64,41.9,15.2
10,6,1316,4,3,3,8,43901,85,6.2,980686878,625213438.0,4809.51,21.9,539.8
5,3,125,4,1,4,1,311531,1016,8.0,3840554168,2653970913.0,4292.48,49.1,1.2
1,2,519,1,1,3,5,233822,289,8.6,7367824748,2590440130.0,2100.54,46.8,5.1
3,1,2071,7,3,3,8,459988,1212,8.9,11675783406,3761078249.0,1507.45,23.6,423.8
9,5,162,1,4,4,5,118535,457,8.6,1766621933,469781121.0,90.18,31.7,703.9
1,2,882,8,1,3,2,259251,679,8.7,5697351826,3962253913.0,1330.98,36.0,8.9
5,6,1045,2,3,3,4,221641,757,6.9,5549912804,3889874147.0,623.4,25.8,528.6
2,4,1788,8,1,3,3,90710,206,6.2,926838496,403690548.0,4149.2,\N,1.5
4,6,1862,7,3,3,5,15718,23,7.8,427017193,209898672.0,3898.23,20.3,473.8
1,6,483,6,3,3,6,142223,191,7.7,4257815284,3331804651.0,2380.14,19.8,547.2
3,3,1526,3,1,4,8,437975,1059,8.1,10270294762,6296793846.0,629.36,47.3,12.1
10,4,1967,4,1,3,4,123793,284,7.8,2020970242,744687665.0,2621.8,37.2,8.1
7,2,874,8,1,3,6,410413,1550,8.7,6562750117,3787033466.0,2676.1,40.6,17.2
10,6,1577,2,3,3,5,60217,62,7.7,1528259286,645793938.0,3174.28,21.1,440.8
3,2,142,7,1,3,4,392753,991,7.2,6724559764,2008261770.0,2652.31,45.3,2.6
4,7,1880,2,7,4,1,59629,288,9.8,1286185604,966957722.0,542.77,24.2,826.3
2,7,1004,6,7,4,6,499639,1295,9.0,14659408260,9292158906.0,3213.14,29.5,894.4
3,7,2155,7,7,4,3,329612,1138,8.9,8369409020,3146915279.0,4953.21,29.2,763.5
9,5,2015,2,4,4,2,78746,333,8.6,2223298814,1651002801.0,3185.68,34.1,503.4
3,3,529,1,1,4,1,130174,494,9.9,4009216008,3025440858.0,1846.42,\N,2.5
5,2,969,6,1,3,8,370734,655,7.2,5736293035,3463274587.0,3128.1,45.0,16.9
2,7,1773,4,7,4,5,62616,219,9.0,1477612368,949466932.0,2816.03,22.3,651.9
4,7,805,7,7,4,5,110579,133,9.4,2732694595,1522372989.0,520.29,\N,567.4
7,4,1335,8,1,3,3,242879,467,7.7,5632946919,3545582441.0,3188.93,44.1,5.4
7,6,668,1,3,3,8,244112,553,6.3,2497558694,1446953052.0,3281.96,23.0,212.4
3,7,385,1,7,4,7,80981,290,9.6,1835482953,877392846.0,1782.07,28.8,638.0
5,5,1609,6,4,4,7,148293,165,8.0,2105760600,598805966.0,1539.15,\N,571.7
1,4,13,8,1,3,6,201449,347,7.1,5603867992,2164783446.0,2511.49,40.4,9.6
10,3,1308,6,1,4,6,450684,689,8.3,11154699410,3546690853.0,767.15,48.4,6.7
10,8,2056,2,5,2,8,377889,288,6.5,8339065507,2302253613.0,505.11,-0.8,35.0
10,8,72,8,5,2,3,463551,329,4.7,4738650097,2840942300.0,3786.27,4.4,15.3
1,5,2146,5,4,4,3,351612,715,8.4,11447924140,2605621897.0,955.37,32.2,632.3
5,5,2135,5,4,4,5,394932,909,9.1,10267718588,2469662776.0,1279.73,30.1,760.8
10,5,1866,5,4,4,5,438586,1797,9.9,12622198069,2996495944.0,1936.7,23.1,667.5
9,6,101,7,3,3,2,20314,21,7.8,461562519,\N,3608.64,22.2,425.9
1,8,281,7,5,2,3,350237,412,5.0,5444434165,1683630713.0,2854.27,-0.8,27.7
1,7,883,2,7,4,4,468179,2032,9.2,9230429892,6103231649.0,2315.04,23.0,468.3
4,1,1313,3,3,3,7,306929,423,8.6,4943950946,\N,4921.8,23.6,408.0
4,5,609,7,4,4,2,404239,372,8.4,12533187651,7113358650.0,2381.07,33.6,446.5
2,4,450,4,1,3,4,248525,254,6.3,4632928492,1124616004.0,2956.09,35.2,6.4
9,8,1285,2,5,2,7,292951,938,6.6,5632217335,1209968410.0,459.3,-1.5,7.5
9,4,1536,2,1,3,1,267312,625,7.7,7364605987,2526930838.0,1395.46,41.8,3.4
2,3,121,8,1,4,3,28699,92,9.0,730188657,526526164.0,1499.64,40.4,10.1
9,2,1076,1,1,3,2,369321,396,7.7,5653418139,3118643543.0,1156.19,38.2,14.3
6,2,318,8,1,3,6,88110,187,7.9,2194705557,870671485.0,1516.73,41.4,3.7
8,1,702,5,3,3,7,251329,644,8.4,7243402311,4120880412.0,2444.03,26.6,660.8
10,6,1017,6,3,3,2,226720,480,7.2,3855691008,1638034525.0,4288.6,26.2,231.6
4,7,21,2,7,4,1,95954,417,9.8,2283167857,1037799898.0,3241.65,20.8,585.1
2,6,1739,3,3,3,1,213699,251,6.5,4094900238,1228019954.0,4000.4,22.2,418.3
2,7,896,7,7,4,1,420762,932,8.6,7425271166,4671007016.0,2464.76,23.1,846.3
9,5,1183,4,4,4,7,231069,710,8.7,4738277807,1573844590.0,2861.3,24.6,436.9
1,8,2074,3,5,2,2,430718,899,5.0,7281287790,1918961708.0,392.85,5.6,72.2
7,7,66,2,7,4,5,195262,581,9.9,7005531931,5255484914.0,750.08,20.6,643.3
3,8,263,2,5,2,4,389873,961,6.5,6375983042,2173835152.0,4164.28,-4.6,\N
3,1,472,1,3,3,6,181913,153,7.0,2851122449,813107176.0,4964.29,28.7,536.5
2,3,343,3,1,4,6,250924,434,9.3,7042784277,5162320033.0,3925.09,43.0,5.2
10,3,718,1,1,4,4,362606,321,8.3,11301159899,2406448865.0,1023.96,49.7,12.4
6,2,1695,6,1,3,6,89983,247,7.4,1211891044,330219989.0,171.37,41.2,2.5
10,3,1239,3,1,4,1,148381,146,8.2,1921207511,421020423.0,245.49,43.8,10.7
2,5,2026,5,4,4,6,16306,40,9.7,453626397,193759475.0,1378.35,24.3,559.7
10,4,1056,6,1,3,5,126957,116,6.2,1960749299,1425825785.0,4410.71,41.8,3.9
4,3,15,5,1,4,5,423548,388,8.6,8283074107,4771032766.0,1105.57,48.0,9.5
10,1,1870,3,3,3,1,5529,17,7.6,153164358,60954651.0,3231.34,24.3,511.0
9,5,17,1,4,4,3,267708,934,8.6,6011276056,2023703578.0,734.68,30.1,\N
9,3,1780,5,1,4,2,414957,347,8.0,6649270968,2090827469.0,3547.37,49.5,16.3
6,6,1950,2,3,3,8,99372,114,6.6,1299249151,526259817.0,778.03,22.5,519.6
4,7,81,7,7,4,7,388150,944,8.5,11732221900,9189838371.0,1953.04,25.7,784.8
7,3,1019,4,1,4,3,49882,208,8.4,660776877,524735095.0,1070.01,47.8,14.5
1,6,780,8,3,3,7,165334,176,7.3,3405979600,1637315172.0,1419.46,20.0,511.7
4,5,1825,1,4,4,7,130791,184,8.7,4535596456,1661529024.0,3563.93,28.6,\N
5,3,2131,6,1,4,5,359185,1425,8.4,7301512680,5774290077.0,2830.17,44.6,8.3
8,6,325,7,3,3,1,239724,351,7.0,4362976800,1738932284.0,548.97,25.4,590.6
2,4,2099,6,1,3,8,130445,359,6.7,1536459477,650897284.0,4180.61,44.7,3.7
5,8,1051,3,5,2,2,463291,291,4.8,4418684241,986915822.0,3037.45,8.5,77.1
6,2,677,6,1,3,4,301331,941,8.3,9151332070,3914740201.0,1447.59,47.1,3.9
5,5,2030,8,4,4,6,451849,1165,8.3,7088155263,1895567687.0,2025.25,33.5,504.3
9,6,2012,4,3,3,5,325499,490,6.1,6218723494,3203426298.0,4415.96,26.7,509.3
10,1,793,4,3,3,2,457056,1407,8.0,8782788096,\N,1661.77,23.2,576.3
1,8,1195,2,5,2,2,52277,121,6.1,1273645461,861265716.0,1433.3,8.7,3.1
3,3,2165,6,1,4,3,321024,879,9.5,6053710080,1402578454.0,1092.3,49.4,4.9
2,6,905,1,3,3,4,381770,1251,7.0,6694336950,3470310965.0,3950.42,19.8,334.3
3,8,502,4,5,2,3,491631,802,5.4,7656464541,2264931055.0,1313.67,4.4,54.6
10,7,799,1,7,4,3,346176,1228,9.7,9640551571,\N,2397.25,29.3,510.4
9,8,1124,2,5,2,3,195083,407,5.1,2299267746,1247528219.0,99.5,7.6,10.3
9,6,1143,3,3,3,3,466454,1227,7.8,12515893727,\N,4797.54,22.2,494.7
10,6,2117,4,3,3,5,211393,286,7.4,2948720957,2035687568.0,4174.34,27.6,313.5
2,7,221,8,7,4,4,377143,460,8.5,5363162031,3420646773.0,3281.13,27.7,606.4
3,2,931,8,1,3,3,6541,7,7.4,72798713,35486681.0,1569.44,44.7,\N
4,8,886,4,5,2,8,295997,255,4.6,2490341159,1678881424.0,978.57,-4.7,30.3
9,7,262,4,7,4,7,448473,848,8.4,10197737852,7703793936.0,2218.27,26.5,782.6
3,7,1272,6,7,4,5,921,3,8.6,16094659,11132048.0,1157.07,29.6,\N
7,8,798,8,5,2,7,42773,67,6.5,773186134,298727809.0,4688.15,0.9,57.4
3,1,1281,8,3,3,6,83733,111,8.8,1799388676,1146057365.0,3680.96,24.8,287.1
7,7,417,1,7,4,5,62982,109,9.7,2278140816,940114239.0,3463.26,22.7,725.8
7,1,2101,7,3,3,8,151798,355,7.0,4166399706,2386004393.0,3409.72,28.4,332.8
9,4,1788,4,1,3,2,145511,248,7.2,3755929932,2311448233.0,3837.61,44.2,3.5
2,8,38,1,5,2,2,302871,538,7.0,7946123556,3084097927.0,266.19,7.1,24.3
6,7,846,6,7,4,1,499959,1032,8.5,6450970977,3571515669.0,1328.65,20.7,588.7
9,2,898,5,1,3,8,285549,650,7.8,6822165378,3545143515.0,2899.3,36.9,10.5
2,7,53,8,7,4,5,460429,1402,9.5,8975602926,5010679469.0,1131.09,28.5,743.4
2,6,606,5,3,3,7,75966,161,6.5,1287775632,436420554.0,3019.47,23.4,471.6
5,5,452,1,4,4,1,166006,521,9.5,5798838589,4322479737.0,4794.97,31.5,593.4
10,2,461,6,1,3,5,127603,139,7.3,3308694748,1176314379.0,1694.37,39.9,9.9
10,7,775,5,7,4,3,365476,1440,9.4,11663435588,2847079717.0,3799.02,25.7,562.6
10,2,1859,2,1,3,3,490748,543,8.2,15138790603,9520587302.0,2195.75,45.7,23.7
8,8,1161,2,5,2,8,269601,384,6.5,5294020036,3560828647.0,3598.09,-2.8,36.0
9,1,1396,5,3,3,1,63925,264,8.5,1505114125,\N,363.66,25.7,536.3
2,4,1061,8,1,3,3,376577,1213,6.5,6251554777,2234895678.0,1855.02,31.9,6.7
5,4,1678,3,1,3,8,271350,498,6.4,3310035840,689474704.0,3641.92,38.9,6.0
7,8,1283,1,5,2,8,429813,753,5.2,6092685237,1405270582.0,4237.62,5.1,56.8
6,8,1347,5,5,2,3,464713,1523,6.6,12246953459,6282295552.0,2112.87,3.7,29.4
6,2,1889,1,1,3,7,463849,1245,8.9,8343205578,5305549725.0,2778.21,43.4,16.3
7,8,485,7,5,2,8,370128,561,4.4,3843409152,\N,4831.59,6.5,24.3
3,2,92,7,1,3,2,193428,309,7.5,2575010250,1608259276.0,2302.05,35.4,16.8
3,8,1188,6,5,2,3,455255,624,4.5,3142625265,1538898634.0,1217.08,7.8,0.5
10,7,1359,7,7,4,2,288637,331,9.1,9277139544,3333393823.0,152.2,23.7,743.2
9,8,1938,7,5,2,4,447842,921,4.7,3186754103,2024228983.0,4613.29,-0.0,\N
8,3,1710,5,1,4,5,54824,192,9.8,1899805107,654986392.0,319.02,48.3,6.1
5,6,2131,2,3,3,2,482207,411,8.0,5944647896,1932870551.0,1231.3,15.3,215.9
6,1,1990,8,3,3,6,257177,197,7.4,6856904609,4087852245.0,4290.06,25.4,681.7
10,6,178,6,3,3,6,240264,650,6.4,3496706150,1970665188.0,4699.65,26.4,465.0
1,5,250,7,4,4,2,51666,218,9.0,1525180320,1088871114.0,3344.36,32.1,\N
10,5,765,3,4,4,2,498838,1140,9.1,16282920344,5760772879.0,1330.55,33.9,485.3
1,4,91,1,1,3,6,369590,372,6.5,9273013100,2533062220.0,1377.47,34.3,4.6
4,1,339,8,3,3,5,14406,54,8.5,339311721,139791798.0,2551.87,25.9,460.2
2,6,1662,8,3,3,5,484361,945,6.3,10555049603,7435324677.0,4673.93,26.3,447.1
7,4,1873,8,1,3,5,433159,576,7.8,10852192322,6878712156.0,4736.73,36.0,2.3
2,5,169,3,4,4,6,290135,1406,9.8,8387802850,3126461587.0,2181.43,28.2,\N
10,2,780,7,1,3,8,251078,516,9.0,4338627840,1320134832.0,1639.71,41.1,9.6
2,1,170,2,3,3,3,210785,591,8.4,3063127620,2172148761.0,1965.84,20.8,430.2
5,1,138,7,3,3,2,325431,315,7.0,6553854909,1524034874.0,1206.29,22.0,478.0
4,8,519,8,5,2,5,30035,34,4.3,286843260,169995119.0,901.69,-1.7,65.9
8,8,1422,4,5,2,8,378875,683,5.3,3423703937,2487928395.0,3435.26,3.6,17.2
4,6,1160,4,3,3,4,189734,653,7.0,2366741916,1782715733.0,1336.23,24.4,379.3
6,8,709,1,5,2,6,231565,370,5.9,3829552500,1944543469.0,4159.12,9.6,14.4
5,8,1291,6,5,2,5,170022,167,6.1,1615855083,328468502.0,1274.13,-1.9,68.1
2,7,2036,2,7,4,7,412393,1120,8.5,11735879994,3703619879.0,2773.22,27.8,774.4
8,3,107,7,1,4,7,206772,436,8.8,6938110396,4457788627.0,3565.38,47.2,9.1
2,6,2186,1,3,3,1,436877,1079,7.1,7779381363,4044447358.0,3280.69,19.7,476.9
9,8,2095,6,5,2,1,434921,1114,6.2,9316442741,2652508136.0,611.17,1.4,66.5
9,2,2013,1,1,3,8,435490,386,8.6,9044691810,7084468303.0,1410.55,36.4,9.8
3,7,1689,1,7,4,2,314910,673,8.9,8251145856,5707423722.0,131.85,26.5,613.6
4,7,6,3,7,4,2,353148,725,8.4,11192390193,6889203434.0,2972.11,25.8,463.6
8,7,523,5,7,4,2,70294,201,9.4,2609355456,1995188384.0,3100.09,21.3,447.5
9,2,1679,2,1,3,7,62405,208,8.5,1843287687,1051272721.0,2404.65,37.6,4.3
3,4,66,3,1,3,7,218099,462,6.7,3130025988,1556605707.0,3188.72,37.8,4.4
5,1,498,6,3,3,3,272006,678,7.8,5531133207,2611318810.0,4263.86,25.1,624.3
8,4,1493,5,1,3,6,145827,344,7.1,1629675055,1140711230.0,1309.72,30.1,8.9
3,2,1001,1,1,3,1,357699,985,8.1,10352274068,2961497635.0,2714.35,36.7,1.5
7,3,1663,4,1,4,1,241295,270,9.2,4872711230,2085543733.0,719.26,44.9,2.1
8,1,2018,7,3,3,2,289782,874,7.8,7192273327,5185976825.0,1211.95,26.0,537.7
10,2,1743,3,1,3,6,313989,374,7.7,3667674110,824885373.0,1559.03,39.7,18.8
3,3,1625,8,1,4,1,143347,206,9.2,3650417363,1069881070.0,3573.84,46.0,18.2
2,6,1041,2,3,3,1,126720,401,8.0,2388418560,1470149379.0,777.54,24.3,523.2
10,5,1490,2,4,4,3,384910,1193,8.9,9105507942,2333517350.0,3496.75,30.1,511.0
7,7,363,5,7,4,4,417511,508,8.3,8524739598,2941389508.0,513.56,27.5,885.4
9,8,1635,3,5,2,8,338715,888,5.7,6631870342,5151175009.0,3414.44,5.2,34.2
1,2,525,1,1,3,2,7450,24,7.9,228475110,71334882.0,3925.64,40.4,4.3
3,5,831,8,4,4,8,420653,1326,10.0,8665451800,2950383979.0,4514.76,34.4,341.1
5,4,1723,5,1,3,4,461868,1042,7.4,10376511235,3664463996.0,4158.54,30.8,4.0
3,5,420,6,4,4,4,113419,360,8.6,2416074221,543786339.0,3215.45,30.2,407.3
1,2,133,2,1,3,3,60368,95,7.4,1759642684,1224377989.0,3948.85,42.1,29.7
7,5,2062,8,4,4,7,255594,878,9.1,6207841512,2128049021.0,3608.21,29.0,577.0
7,7,1068,6,7,4,1,322569,1158,8.4,8640849344,4911005285.0,2392.8,27.5,510.4
10,1,1401,8,3,3,2,12326,12,7.5,272065635,118942621.0,3945.04,29.0,488.3
8,2,1420,3,1,3,8,185293,200,7.4,4109391095,2265198349.0,76.42,37.6,3.0
5,3,1845,4,1,4,5,113351,283,9.1,3838189546,1519403852.0,4031.24,49.5,9.2
10,5,630,8,4,4,7,201931,702,9.4,3828571373,787790943.0,4624.23,\N,575.3
5,1,321,8,3,3,4,230463,444,8.3,7098560001,4000600258.0,4572.7,\N,680.3
5,7,1155,6,7,4,6,423877,1081,9.6,8870897856,5929836790.0,4992.87,27.5,756.6
1,4,1835,7,1,3,4,16866,35,7.7,201815182,89393487.0,1430.09,37.3,\N
10,4,1223,1,1,3,3,114879,228,7.3,3084432222,1166195830.0,727.2,38.7,2.5
5,7,905,7,7,4,4,247449,897,9.1,5534889742,2354075417.0,2488.12,20.7,761.5
6,5,36,2,4,4,8,406483,956,9.7,14174671934,3471351062.0,1745.42,30.9,573.9
1,4,1591,7,1,3,4,325490,987,6.6,6831384120,5348514106.0,2313.49,\N,9.0
7,3,12,3,1,4,4,369200,708,9.9,7555050360,3338340087.0,1846.15,49.1,8.4
1,2,2131,8,1,3,3,485668,1997,8.7,6452050813,2483119736.0,4282.5,39.9,22.6
2,1,1432,4,3,3,1,204023,250,8.2,2723625440,983918646.0,2736.22,23.0,495.9
2,6,1987,2,3,3,8,422975,843,6.4,6821740800,2038654642.0,3974.86,15.7,383.3
5,5,1768,4,4,4,6,275140,444,8.6,7716191244,5860307797.0,1525.58,\N,768.3
10,4,1435,2,1,3,4,344520,1118,7.5,8999723700,5360945008.0,2003.74,35.8,8.4
7,2,957,5,1,3,2,33304,121,8.0,479311168,340320560.0,1467.58,46.3,21.0
1,6,713,7,3,3,6,441424,895,7.3,9953978772,7734944507.0,4858.72,19.1,579.6
10,3,2043,5,1,4,4,271993,654,9.7,4516824555,1565145308.0,2254.83,44.2,11.8
1,4,1280,5,1,3,4,336098,287,7.1,4877588615,2640193698.0,2078.19,33.8,7.8
1,4,241,3,1,3,2,457615,827,6.4,4890989120,3669552470.0,4207.27,39.9,7.4
6,1,1956,8,3,3,3,64635,53,8.2,1172375484,601070726.0,3797.56,29.6,419.2
2,3,2013,5,1,4,5,447698,1172,8.2,7206415626,4840018513.0,4605.71,\N,10.0
1,3,896,3,1,4,2,286343,1218,9.6,7721639875,4614469360.0,3783.99,47.0,3.3
6,5,1476,1,4,4,7,478595,1940,9.0,10182587220,7445962820.0,1767.91,31.4,738.1
2,6,1025,5,3,3,5,157568,263,6.7,2164196480,1663679445.0,1543.98,\N,374.6
6,1,601,3,3,3,1,257775,687,8.1,4725093082,1183927787.0,3438.61,25.5,298.3
10,5,599,8,4,4,1,358378,670,8.1,5889906592,1470877056.0,691.75,30.1,466.4
8,1,1885,2,3,3,4,271342,905,7.1,7182097129,\N,489.66,22.2,490.0
2,3,1143,3,1,4,8,26690,84,8.8,635093888,440778461.0,3982.53,46.0,14.8
9,1,1012,6,3,3,6,386791,964,8.5,10047283016,4712313333.0,3197.73,24.3,494.0
8,1,1529,3,3,3,4,46385,50,7.4,529633207,354437973.0,1133.39,28.9,\N
10,1,1104,7,3,3,3,263616,362,8.8,6980340787,4161470225.0,3364.02,18.7,409.1
1,8,1647,6,5,2,5,210786,392,4.2,3420803836,2340308545.0,1581.89,7.4,54.2
7,2,1701,2,1,3,1,222133,227,7.1,5603593697,3026439713.0,1456.53,37.3,27.9
10,2,957,8,1,3,1,373355,488,8.5,8816031615,4352361195.0,1403.44,45.4,13.9
6,6,219,7,3,3,4,487208,727,7.2,13891274496,11072583754.0,2558.51,15.7,336.4
6,6,727,3,3,3,4,78957,80,6.1,1778206388,367835855.0,4709.7,17.8,255.8
6,7,1731,7,7,4,8,99015,361,8.5,1442549535,755433927.0,4744.71,29.6,764.5
6,3,1490,8,1,4,3,412431,376,8.9,10956848161,8129781397.0,2754.61,45.6,13.0
10,1,1818,2,3,3,8,32506,102,7.2,413320291,93111847.0,4349.22,\N,425.7
7,3,518,7,1,4,4,56072,131,8.7,1652268016,1107795752.0,2550.87,41.5,12.9
3,2,812,6,1,3,8,91676,280,7.9,2066982101,818497188.0,2485.71,39.1,26.4
6,8,2106,4,5,2,7,18330,31,6.8,310114272,166974820.0,238.97,\N,72.3
3,1,1361,5,3,3,8,118204,402,7.3,1825873547,1351176921.0,3738.24,27.5,444.8
7,5,814,6,4,4,6,215024,360,8.3,5259508542,3217237746.0,3204.31,28.9,496.7
7,2,614,8,1,3,4,425823,689,8.6,10733550031,2970178331.0,1867.38,47.5,26.3
8,2,426,1,1,3,6,183677,572,7.5,5441431125,2325135404.0,777.53,37.7,27.7
2,2,1584,3,1,3,7,64530,56,8.5,1824327630,991648247.0,4952.4,47.2,23.9
9,7,1435,7,7,4,6,330013,358,8.8,9296070194,4359630263.0,4092.76,30.0,652.6
5,1,1812,2,3,3,3,342976,583,8.3,11235928057,4078982262.0,3154.94,28.2,576.1
9,6,883,5,3,3,4,483118,1320,6.6,11475695101,6514332054.0,132.3,19.4,481.9
10,4,1699,8,1,3,8,415849,493,6.5,5549296980,3258204988.0,4355.38,38.0,3.6
5,5,432,7,4,4,6,265051,857,9.8,5371629586,3554194880.0,3068.53,24.0,368.2
7,5,1401,3,4,4,8,265949,433,9.8,9580759535,2306053454.0,832.13,30.8,362.9
9,3,948,5,1,4,6,32153,144,9.5,760884668,550006783.0,4079.89,46.7,13.2
4,1,1389,4,3,3,7,464414,762,7.4,5271841962,2021642828.0,3037.71,26.2,465.5
2,6,1668,3,3,3,8,456407,471,7.5,7006988467,3311074858.0,2677.56,18.4,302.1
9,2,2114,7,1,3,4,287093,398,8.3,5480605370,\N,742.77,37.7,8.9
2,4,912,2,1,3,4,472185,1082,7.2,13507135236,4969874843.0,1310.88,31.1,6.9
3,1,391,4,3,3,5,165696,215,7.5,2849556960,1815283851.0,3467.84,23.0,270.6
10,1,83,3,3,3,1,228496,662,7.3,3484495451,864506871.0,1783.19,21.4,259.8
2,7,1003,5,7,4,2,237535,438,8.2,7121109271,3567895115.0,1765.41,\N,423.8
3,6,481,7,3,3,1,150209,195,7.6,4277531734,2529173382.0,942.32,19.4,337.7
6,4,777,4,1,3,8,78225,65,6.1,771110760,502598990.0,1068.81,\N,0.6
3,2,1755,2,1,3,5,353691,614,8.1,9396862488,2092135701.0,3387.69,39.5,19.9
10,1,1249,3,3,3,2,280150,1170,8.7,6539289315,2902446059.0,4613.12,20.1,479.6
8,5,1137,5,4,4,1,439832,518,9.8,12633646401,3357530199.0,318.83,24.6,610.9
6,8,1536,7,5,2,3,220009,487,4.6,2509862672,668677685.0,2487.29,3.6,71.4
7,5,1912,5,4,4,7,450426,1468,8.2,13237479628,9055914852.0,4782.99,27.4,586.1
1,4,523,8,1,3,5,491429,1165,7.1,8119242509,6027205804.0,2699.48,38.6,4.9
3,8,1933,6,5,2,3,149465,238,5.4,2272017465,459373467.0,2145.51,6.5,19.8
3,2,1695,4,1,3,3,211333,271,8.2,4795018970,3535005521.0,1487.35,41.3,22.1
2,4,742,7,1,3,1,228219,170,6.5,5046606747,3155249626.0,3784.65,43.2,0.6
7,1,278,3,3,3,7,386234,971,7.2,10876040452,\N,4481.42,21.4,626.1
9,7,148,6,7,4,6,34261,56,8.4,713725152,353641023.0,4949.74,28.4,760.7
4,7,778,5,7,4,2,112471,301,8.6,1506009184,1166821301.0,1578.69,26.7,497.0
5,5,1107,4,4,4,8,426538,954,8.1,13667813056,10586949849.0,679.76,30.7,\N
3,7,419,1,7,4,6,387164,1314,8.4,8156461420,5800551554.0,3632.01,23.5,718.1
9,3,1157,7,1,4,4,392611,765,9.4,8001098091,6113520379.0,4162.66,48.0,2.5
4,4,940,5,1,3,4,212198,251,7.9,3171681066,2190178243.0,4370.78,34.9,5.6
5,7,2020,4,7,4,5,154685,440,8.3,3521697926,2455607790.0,3040.73,29.8,\N
1,3,1628,1,1,4,3,76589,300,9.0,2426339520,571144526.0,4803.65,48.5,14.8
2,3,242,7,1,4,5,477392,1939,8.7,10075931030,4218412099.0,604.85,\N,\N
9,6,999,4,3,3,8,432643,1219,6.0,4586881086,1300777788.0,1574.44,24.7,497.2
2,5,1224,5,4,4,1,71564,78,9.7,2135269380,1353734806.0,1533.51,23.6,559.1
5,4,1243,1,1,3,7,91387,107,6.7,2305895061,1661034968.0,2024.07,44.3,6.3
8,3,1818,8,1,4,7,367047,1423,9.7,7896869386,2710920412.0,3766.87,42.3,16.9
3,1,1853,7,3,3,3,208750,589,7.4,5602808250,1457204833.0,150.15,24.0,480.5
6,7,684,4,7,4,4,60586,177,8.8,937289654,728974639.0,135.94,24.6,711.6
4,6,1412,3,3,3,1,443431,855,7.8,12472295050,5147585936.0,729.41,26.6,551.1
7,2,1233,1,1,3,1,48114,77,7.2,1237068676,750275855.0,969.49,35.3,3.0
10,7,617,4,7,4,8,346958,425,9.0,7082106696,1863454983.0,4946.35,25.9,480.9
3,7,2028,3,7,4,8,363840,1034,8.5,8931544320,3289128127.0,1326.8,28.2,747.6
6,7,2074,8,7,4,6,161165,262,8.8,3364093744,2640555489.0,2314.51,25.5,709.4
10,6,2127,1,3,3,5,299532,1064,7.8,5525466804,1900944504.0,193.54,16.9,548.3
9,2,1012,4,1,3,7,479823,755,8.3,15675241622,4756570897.0,4655.89,45.6,25.9
10,5,2018,5,4,4,5,11068,43,9.6,206555443,57637450.0,283.17,27.3,357.7
1,4,128,1,1,3,6,223245,363,6.8,4120031124,1134705750.0,4516.49,34.0,1.7
3,4,413,1,1,3,7,134591,408,7.1,2498883801,1858586307.0,1041.47,39.9,5.7
2,2,2185,7,1,3,2,234573,649,7.0,4663311240,2267705604.0,4549.11,36.6,4.6
8,8,1358,3,5,2,4,497826,239,4.4,8268889860,2430367847.0,1686.8,-1.3,43.9
7,7,571,6,7,4,4,340809,1054,8.6,11550903113,3862503415.0,2410.13,21.6,776.9
2,1,141,7,3,3,5,265588,749,8.7,6617603078,1660071771.0,3569.23,25.7,682.1
6,2,1940,6,1,3,4,440243,1359,7.2,7401365316,4875928956.0,3728.67,47.0,26.7
3,2,51,4,1,3,4,351103,522,7.7,6715476860,2625194455.0,218.45,43.4,24.1
8,4,1429,5,1,3,1,446859,1173,6.7,9697421216,3219141094.0,146.3,31.3,0.5
10,3,1361,3,1,4,6,287761,1242,9.5,6888998340,4286182186.0,1642.27,48.0,14.1
3,1,366,1,3,3,6,191489,664,8.4,2755373518,1150173149.0,2582.34,19.1,332.5
10,4,1935,6,1,3,3,385001,1226,6.8,6461240782,4516590807.0,4373.23,44.7,1.7
9,6,2004,3,3,3,3,263797,370,6.3,3622987997,2394143744.0,945.72,20.5,549.6
1,2,258,3,1,3,2,228982,436,7.1,4857807333,2965088258.0,1894.74,\N,12.7
5,8,45,7,5,2,8,339961,558,6.4,7264830585,4620012662.0,2205.22,5.5,73.9
3,3,269,3,1,4,3,43206,91,9.0,1199614590,416329626.0,2464.16,\N,5.2
6,1,1335,1,3,3,6,83592,99,7.4,2048739609,933774907.0,3539.0,19.4,503.3
10,5,672,7,4,4,8,195040,173,8.3,4134496928,2525165220.0,4554.02,33.6,516.2
2,1,1302,2,3,3,4,59143,94,7.8,1420390116,399917751.0,688.96,21.2,262.1
9,1,1990,3,3,3,6,151688,565,7.5,3663265200,2635976037.0,2377.51,22.8,525.2
6,7,235,2,7,4,1,401435,838,9.6,10516954704,5689741914.0,4924.9,28.9,\N
7,2,1469,6,1,3,6,492018,1617,7.8,15159074580,10100000157.0,3015.78,39.7,4.2
5,2,1418,5,1,3,8,36535,41,7.1,721646627,243947615.0,4250.54,44.5,4.7
9,5,994,7,4,4,3,86924,241,8.6,2461670295,1956612086.0,4454.16,24.5,649.4
1,5,275,6,4,4,8,292198,415,9.7,7156659514,1627365132.0,401.65,34.6,329.2
5,5,910,7,4,4,4,252015,821,8.9,6257784465,2336090995.0,2430.6,34.2,439.7
10,4,440,5,1,3,6,492090,462,6.5,8876073375,\N,4811.23,38.4,4.0
6,4,1087,5,1,3,4,1722,2,6.8,38840743,\N,788.83,35.4,6.8
7,2,1897,7,1,3,5,136212,187,9.0,3170198088,1049896837.0,982.75,39.6,7.9
4,2,1751,6,1,3,7,398630,861,8.9,8025139434,6139025172.0,2554.98,47.0,\N
1,5,872,4,4,4,6,181325,389,9.5,4787070662,2682239859.0,709.19,28.1,469.8
8,4,651,8,1,3,5,378820,489,6.2,8445867664,2084260524.0,4306.51,40.1,9.1
10,3,34,1,1,4,3,473531,724,9.6,8218982860,2733512922.0,3825.78,47.7,8.7
4,4,867,2,1,3,5,421453,960,7.4,11664133228,4938953839.0,4255.37,37.1,6.6
3,2,832,4,1,3,4,431464,638,8.2,11180095168,2473422598.0,2055.85,44.3,13.9
7,4,1111,2,1,3,4,11586,31,6.2,257665688,144660791.0,3252.31,\N,4.6
2,2,462,7,1,3,5,280839,907,8.9,9020576763,7077172219.0,1668.98,39.8,11.3
8,5,2129,1,4,4,7,441606,1738,8.9,10446719857,4505749625.0,362.67,30.4,601.9
6,7,322,7,7,4,1,235706,1005,9.6,7530523852,1688688099.0,3885.43,20.6,830.6
7,5,415,3,4,4,5,325035,736,9.7,11104300719,4310494351.0,4859.8,22.8,499.8
5,5,1875,7,4,4,1,399403,440,8.5,5234975121,1541695568.0,1465.47,27.5,446.3
9,3,1257,6,1,4,7,10464,17,8.2,256127327,95440038.0,1473.79,42.4,4.6
5,7,168,4,7,4,5,213492,572,9.7,7604243452,\N,1072.38,23.1,803.8
5,3,1174,7,1,4,4,439962,2034,9.7,16613889040,5668755328.0,2161.61,40.5,11.0
3,2,1410,1,1,3,6,185368,427,8.2,3543161025,2265105942.0,1909.79,38.6,8.7
1,1,1833,6,3,3,8,432389,1552,7.5,9258529462,5972213344.0,4430.14,24.5,538.6
2,6,2025,4,3,3,4,46523,118,6.2,534195695,161940406.0,3961.86,15.9,271.4
8,3,1641,7,1,4,5,97346,244,8.7,3372396416,743072156.0,4408.78,40.1,7.8
1,2,898,5,1,3,2,399077,1569,8.8,8881538450,3979324333.0,4601.41,47.3,12.5
7,7,2110,7,7,4,1,428665,1701,8.6,14506452265,9660252276.0,3412.24,27.1,867.6
5,4,862,8,1,3,2,339695,595,6.4,5669917184,2816711538.0,3234.52,42.4,3.0
3,7,150,4,7,4,4,365912,1541,9.9,10382167540,6635741105.0,2357.4,24.2,456.9
7,5,2164,3,4,4,7,114185,413,8.1,3198299013,1936403227.0,460.46,28.2,367.2
9,5,824,3,4,4,1,80126,191,8.8,1986291489,761982582.0,2259.08,35.0,615.1
2,5,2113,2,4,4,8,339149,960,9.8,5587072796,4198352737.0,1844.77,24.5,467.1
8,2,1453,8,1,3,6,71227,129,8.8,1508075025,996663711.0,1923.22,41.8,8.5
9,5,1454,4,4,4,8,103420,258,8.9,1981703014,1040271547.0,2532.08,33.0,406.1
3,3,306,7,1,4,8,288128,766,9.0,5331520512,1257358588.0,2660.13,\N,2.4
2,4,1385,5,1,3,8,461174,1154,7.0,12315651670,3235586893.0,1119.21,35.4,5.4
7,5,1575,7,4,4,7,35254,97,8.2,820127903,251536629.0,1410.35,24.8,631.5
5,2,873,3,1,3,5,385146,1534,8.7,7050020500,5254727588.0,1055.81,38.8,8.3
5,4,169,8,1,3,1,489654,1267,7.2,9575281900,6337024319.0,3695.16,44.9,\N
10,5,1483,2,4,4,1,479678,736,9.9,18781552251,12550257508.0,4823.7,32.9,409.0
5,1,1604,7,3,3,7,256289,430,8.6,4317803298,1135880039.0,1261.47,24.2,694.4
4,8,1031,5,5,2,3,159789,477,6.4,1628058163,621276058.0,4325.13,3.0,30.3
5,5,1735,5,4,4,6,318735,329,8.3,4373012326,3418758132.0,3664.69,29.9,553.6
4,6,347,7,3,3,1,394216,1046,7.0,10626880712,8387492575.0,1565.69,23.1,442.1
6,7,735,5,7,4,6,473565,537,8.5,15763084590,8289853719.0,2648.37,\N,545.7
4,3,1277,1,1,4,4,43282,68,8.4,813666974,621913861.0,3069.39,43.7,8.2
2,4,543,3,1,3,6,223015,603,6.4,3732379040,2329055012.0,3868.59,38.1,7.5
9,3,355,1,1,4,2,45806,106,9.5,1580055067,1195611349.0,2744.57,49.7,3.6
2,1,713,1,3,3,8,355708,913,8.8,8536138300,4537212609.0,3295.91,26.1,301.2
9,1,584,3,3,3,8,239694,742,7.5,5335588440,1502323742.0,1636.57,24.1,304.8
10,6,511,4,3,3,2,149183,352,7.1,3511245679,2478069994.0,660.35,19.0,289.6
6,3,947,6,1,4,6,264699,512,9.2,4916730985,3462808054.0,347.45,44.6,4.5
9,4,1199,2,1,3,5,461407,1528,6.9,9140426529,2228306411.0,1494.55,42.2,8.6
9,1,78,8,3,3,3,178396,383,7.8,3642917678,1699140998.0,3355.49,\N,332.8
3,8,440,7,5,2,8,403785,277,4.7,7232475784,5021176827.0,491.08,2.4,34.1
1,1,1776,8,3,3,2,65797,68,8.2,1933694873,\N,3707.42,26.5,289.3
1,5,1217,6,4,4,7,475243,1701,8.4,11117834742,4056383501.0,2065.86,29.7,401.9
3,6,1291,6,3,3,2,324049,673,6.9,6982834686,3323410173.0,2367.17,25.7,493.4
5,7,126,6,7,4,1,306468,925,9.7,5163648685,3594367427.0,1104.47,24.1,796.5
3,2,1739,6,1,3,6,101374,169,7.7,2129421694,553771639.0,3501.57,44.0,4.1
9,7,502,3,7,4,4,370536,1404,8.8,5641040064,\N,4853.89,21.0,774.0
9,8,387,6,5,2,6,185205,445,5.5,2312284425,1731323433.0,2035.37,-3.4,60.9
3,7,412,2,7,4,6,358800,1013,8.9,5358390960,\N,622.01,25.8,431.4
3,8,1370,7,5,2,4,455338,1115,5.8,6792550148,3511773130.0,134.86,-2.0,43.7
5,1,2007,4,3,3,5,73512,265,8.8,2153548742,1708589619.0,4337.56,23.8,325.2
2,4,1118,3,1,3,4,462221,685,7.3,5449354479,2124941192.0,3541.3,39.4,2.8
6,4,2148,6,1,3,2,472742,1432,6.6,12040455094,8098427733.0,4239.64,41.6,5.9
7,5,1339,5,4,4,1,57537,101,9.7,2101838117,447676847.0,1993.73,32.8,370.2
9,8,2073,7,5,2,4,21994,51,6.7,366336462,158889373.0,3184.82,-4.4,52.4
6,4,1942,3,1,3,3,399439,1374,7.3,10237741401,2596257430.0,1969.87,37.6,7.6
3,5,353,4,4,4,3,196310,343,8.6,6680468562,2518409254.0,1676.81,25.1,588.1
5,1,869,6,3,3,3,430073,1166,8.7,13555943967,8447407723.0,2972.11,29.8,\N
4,1,1303,1,3,3,4,108887,323,7.5,3104912805,1125691372.0,1131.4,29.7,291.0
5,7,847,3,7,4,1,202239,730,8.3,3561954611,716502262.0,3658.46,26.0,401.1
8,1,1103,7,3,3,4,149229,178,8.7,4011723206,2282153878.0,3186.86,23.1,581.0
8,1,1448,7,3,3,2,393109,295,7.2,7627887036,2122266002.0,2062.06,25.4,305.2
6,8,526,5,5,2,4,106348,216,4.3,765971470,437478338.0,1462.12,2.3,60.6
1,2,1680,7,1,3,7,338617,858,8.2,6688972494,1443892441.0,1830.76,38.0,11.8
8,6,1879,3,3,3,7,69746,181,6.8,985064605,724162859.0,1591.61,24.6,413.3
8,7,10,1,7,4,6,440243,866,8.8,9464520111,2199583126.0,1838.55,20.4,551.7
2,7,1284,3,7,4,8,123416,247,9.2,4303269088,3162510467.0,128.83,20.9,629.6
4,6,1620,5,3,3,3,429424,939,6.2,9172067216,7120269269.0,1734.73,24.1,386.7
2,2,1884,4,1,3,8,459672,628,7.5,11752663860,\N,2727.04,42.2,4.7
4,1,1059,5,3,3,3,36347,102,7.3,912215197,402623513.0,2437.92,19.6,289.4
10,4,1171,4,1,3,6,211608,286,7.3,3733632712,1999185477.0,748.89,36.1,4.4
7,5,1593,5,4,4,1,193131,199,9.5,3161264773,712307016.0,4737.42,23.4,458.9
9,7,1928,2,7,4,5,447707,1973,9.7,13875111490,10824801598.0,962.91,28.8,701.9
8,6,675,3,3,3,3,127188,345,7.4,2391566839,805406346.0,2910.76,20.1,240.4
9,3,1879,8,1,4,3,232295,794,8.3,3805967739,2258545081.0,1888.13,47.4,2.2
8,5,2162,7,4,4,8,117468,353,8.7,2518138022,1094816792.0,3382.95,22.0,614.4
2,3,1012,3,1,4,5,456609,1448,8.0,13234355256,9454043519.0,2206.9,44.3,1.3
7,3,794,1,1,4,4,445202,596,8.0,7201587552,4476746129.0,253.01,43.7,13.6
2,8,233,2,5,2,3,91349,72,6.8,1500133278,1167041307.0,3187.34,-4.8,8.6
2,7,1702,1,7,4,1,395134,1410,8.2,6418635722,3863064546.0,4632.1,27.8,\N
4,1,1346,3,3,3,8,210839,589,7.3,3549221558,1232919464.0,4354.17,19.2,405.3
1,8,2174,1,5,2,7,103351,194,5.3,2113806997,563706625.0,1675.06,\N,28.7
5,3,511,4,1,4,4,498820,955,8.1,9975851298,7917987707.0,1659.41,40.6,17.5
6,1,1508,2,3,3,4,461293,1602,7.5,5362531125,3267490285.0,2958.75,29.1,362.7
9,2,798,7,1,3,3,321773,384,7.6,8094521587,3176281965.0,1023.53,46.7,15.7
10,4,1307,5,1,3,4,79619,241,7.7,1816515446,1258354685.0,3157.08,37.9,9.8
8,3,392,4,1,4,4,194321,546,9.5,4777576106,2865818495.0,4015.81,42.3,1.0
2,7,382,6,7,4,1,222746,1014,9.3,7517610676,3688008164.0,1057.44,21.2,693.6
1,4,606,5,1,3,4,227359,464,7.1,4847589446,2907089465.0,4791.75,33.8,5.7
2,1,116,1,3,3,6,413668,552,7.3,6990782366,4120080266.0,2540.99,26.4,655.5
7,3,509,3,1,4,3,374200,1117,9.0,5071906800,3932406672.0,1127.58,45.7,10.9
4,5,1464,4,4,4,8,164711,667,9.5,3242171324,2100777716.0,381.23,27.1,794.7
10,8,1048,2,5,2,3,240664,384,4.3,2080058952,1300601203.0,1468.21,\N,58.6
5,7,776,5,7,4,6,302989,412,8.7,10483389101,6452851725.0,2393.56,21.4,482.9
7,2,1067,6,1,3,7,55027,44,8.0,1713320672,371554004.0,2418.85,39.8,\N
3,6,1194,4,3,3,6,183247,141,6.3,3486457421,839020255.0,1062.02,24.7,292.5
10,2,340,7,1,3,6,219846,581,8.9,3388882120,1363456817.0,1328.3,47.2,4.4
2,8,169,7,5,2,5,381832,332,6.4,6211948441,1828874799.0,3407.61,5.3,50.7
7,3,1839,3,1,4,2,375887,317,8.2,7983088106,5143179258.0,3885.37,40.7,3.1
5,8,1562,2,5,2,5,137222,161,4.0,2147798744,625862307.0,583.47,5.7,5.3
1,7,2191,2,7,4,8,179287,231,8.1,5061003079,3583531011.0,3346.31,21.0,451.4
1,2,575,5,1,3,1,264062,436,8.5,4464364203,3332631889.0,4585.82,40.2,25.9
9,6,1629,4,3,3,1,65670,94,7.3,1497617484,390152470.0,224.3,24.9,219.0
5,5,1743,4,4,4,8,209976,302,8.4,4301904297,3372968873.0,3084.76,26.7,791.1
1,4,475,8,1,3,7,167541,460,7.2,3702119968,944715325.0,2934.17,33.3,1.2
7,8,531,2,5,2,3,252428,715,5.8,4746555140,2980714714.0,1217.07,2.7,22.3
9,5,991,7,4,4,8,25702,24,8.6,838615136,655924138.0,4132.57,28.2,567.1
1,2,2121,8,1,3,2,343629,420,7.3,5879904544,1466797015.0,82.43,43.1,27.2
10,6,1418,1,3,3,5,46852,104,7.6,1135167737,905299429.0,4649.25,15.3,540.8
4,4,869,2,1,3,7,373576,1112,7.4,10657002552,6804665737.0,3010.63,\N,8.3
3,7,1782,3,7,4,7,266951,321,8.8,5001380375,3019652964.0,2480.4,28.0,856.7
5,6,313,4,3,3,2,216453,654,7.2,3187053972,1256976616.0,3713.67,25.4,485.1
7,5,1462,7,4,4,3,231522,696,9.2,8492319568,3609874903.0,4713.88,34.2,631.6
8,1,952,5,3,3,7,321987,951,8.8,5913484447,2460231740.0,4118.2,25.0,520.8
2,1,1013,8,3,3,7,483151,376,7.4,13868656194,9754615121.0,2860.5,21.4,568.2
7,4,965,4,1,3,4,85055,76,7.0,1223516175,625294541.0,673.97,34.0,6.5
1,8,2135,7,5,2,3,68379,172,5.2,647494426,485605032.0,1934.33,8.6,52.9
7,4,359,2,1,3,7,205292,574,7.0,4691948660,2382114488.0,4371.72,32.0,0.8
8,4,695,3,1,3,8,388683,1119,6.9,8968316068,2410996146.0,4263.5,38.6,4.8
2,1,1409,1,3,3,3,58853,66,7.1,1280311703,544776176.0,2127.64,24.5,436.0
9,5,1142,7,4,4,2,129950,120,8.7,2949644085,1497508040.0,2391.94,23.9,358.3
1,8,498,7,5,2,1,310713,475,4.3,4984861872,3158016470.0,3437.25,-3.9,24.6
6,4,908,4,1,3,4,382340,1117,7.3,10427482352,6102044779.0,2224.63,38.0,9.2
1,1,462,2,3,3,4,212637,860,8.6,5398258046,3594765695.0,492.97,19.0,273.4
3,4,1618,6,1,3,7,380550,433,6.4,5078059200,1692917097.0,3661.21,31.1,9.2
6,4,417,2,1,3,1,285026,818,7.6,3881826099,3043943659.0,3267.42,37.3,4.5
3,8,1491,2,5,2,2,474851,377,5.6,4541854844,2598098662.0,1033.4,0.3,23.7
8,8,1506,3,5,2,2,438826,1030,6.4,10602036160,6564221694.0,4023.81,2.1,64.1
5,6,1389,8,3,3,1,366671,1030,7.7,6262227340,1427274886.0,4091.94,22.5,592.3
2,4,272,8,1,3,5,404720,753,7.2,10464116544,6933468062.0,1272.92,33.9,0.6
4,1,392,2,3,3,2,118928,297,7.3,2439570064,809889603.0,749.89,20.6,542.6
9,5,725,7,4,4,7,71012,208,8.5,1618860564,999539624.0,1021.52,\N,454.9
4,1,1747,2,3,3,1,186793,285,8.2,3149180545,1748157382.0,2491.37,22.1,584.6
10,1,1675,2,3,3,5,332218,1046,8.7,10685426530,5730530556.0,1630.67,\N,299.2
10,4,395,8,1,3,3,121286,285,6.7,2459789237,1960721921.0,3383.25,38.8,2.9
8,6,662,4,3,3,4,364782,635,6.6,6861549419,3858214988.0,2630.2,19.9,230.2
5,3,853,2,1,4,1,370939,645,8.3,7084304303,3564453175.0,3372.3,43.0,19.1
10,7,1712,3,7,4,7,352251,1319,9.8,6099789666,\N,1142.99,21.8,835.7
1,3,2031,6,1,4,2,150840,348,8.9,3348135144,1904189395.0,2976.29,47.4,2.7
7,3,237,4,1,4,4,493342,1760,9.5,8126822766,2270423968.0,4421.8,45.6,11.0
3,1,1057,8,3,3,5,440405,1327,9.0,13845011985,10100465276.0,2939.18,24.1,547.6
10,4,1596,7,1,3,7,232485,267,6.4,4505373312,2517639311.0,3459.71,33.6,3.2
8,8,1026,6,5,2,4,115912,257,4.7,896718414,413039742.0,4753.72,-1.1,14.7
3,7,909,2,7,4,7,489975,1548,9.9,18563829817,7545632716.0,4438.01,28.4,\N
1,3,450,1,1,4,6,215903,317,9.4,6780520076,2966193931.0,1163.53,48.6,2.3
5,2,569,6,1,3,1,173847,385,8.0,4127823168,2235691075.0,4090.59,39.1,10.3
2,2,1674,3,1,3,3,386936,725,8.9,6618849828,3921858513.0,4901.14,36.8,27.9
4,2,214,8,1,3,5,283876,248,7.0,7346427004,4945135989.0,3954.33,36.9,6.1
1,5,1775,1,4,4,7,343538,812,9.2,5088484855,3552984497.0,687.0,25.3,638.8
9,4,1309,3,1,3,5,438218,1476,6.8,8945606964,5655870216.0,3120.07,39.1,\N
6,1,718,7,3,3,5,141318,561,8.2,4299176195,2682857805.0,3281.25,27.8,368.3
8,1,970,1,3,3,4,197533,410,8.5,4148884365,1389196831.0,779.72,21.1,467.7
4,4,1666,2,1,3,3,389473,446,6.6,7405673305,5517494472.0,2797.58,36.3,7.7
9,6,904,1,3,3,7,422786,602,8.0,9625991648,2359356834.0,4619.67,20.6,\N
2,8,1451,7,5,2,1,138669,308,4.6,1583211706,1096503117.0,1512.33,7.5,19.7
9,7,1456,6,7,4,1,418595,763,8.3,8755333020,6281894187.0,4046.78,26.2,499.8
5,6,135,8,3,3,4,499003,781,6.6,13035355568,8782300577.0,3235.24,15.8,335.6
6,8,532,1,5,2,6,30908,39,4.1,217076156,126522090.0,3388.96,-2.7,62.8
3,5,333,3,4,4,7,352859,559,8.7,9854293293,6904159154.0,1532.64,33.9,652.0
4,4,1154,2,1,3,1,139070,457,7.7,2356916639,1428917454.0,3797.32,41.4,3.9
6,6,1626,3,3,3,8,385887,1057,7.1,8855026166,6450067717.0,3201.64,18.4,340.7
7,7,1449,2,7,4,1,204641,797,9.5,7480856396,3210360060.0,2644.27,28.9,\N
1,5,1322,6,4,4,3,128581,359,9.5,3695096487,2774803985.0,2478.16,24.5,491.0
7,3,1528,5,1,4,4,489778,1083,9.9,18279984294,6392043169.0,1569.19,49.8,7.7
1,3,1709,4,1,4,4,349226,765,8.1,7527252126,4963280402.0,1050.59,45.4,15.1
5,5,401,6,4,4,5,118035,143,8.2,3170797811,\N,3847.12,22.2,773.7
6,8,2012,7,5,2,1,137439,287,5.9,2592415649,1704648830.0,1037.47,7.5,13.5
2,4,1479,6,1,3,2,478359,1287,6.4,6925107571,2455944399.0,878.53,37.7,1.2
10,3,1915,4,1,4,6,12640,32,8.3,221783968,177028105.0,4263.37,46.3,17.5
9,4,1058,3,1,3,3,321096,599,6.9,7951653453,4226951020.0,445.78,37.9,9.9
10,6,42,6,3,3,3,267982,908,7.8,5325981460,2925482680.0,809.14,17.0,564.6
6,3,801,2,1,4,8,338787,425,9.9,5862776792,1906384831.0,500.76,40.3,7.8
7,7,2171,1,7,4,7,411997,590,8.5,8996572490,2598773701.0,4793.02,24.7,706.7
10,7,27,8,7,4,6,169160,447,9.1,3055621660,1036620407.0,568.94,27.0,682.1
8,6,1171,6,3,3,6,279742,451,6.1,3162007748,1644763122.0,79.65,22.8,204.7
10,7,711,4,7,4,2,462124,2027,9.6,8952635827,2614805168.0,3081.45,28.5,708.7
1,4,2019,6,1,3,5,170271,196,7.2,4538471342,1874824489.0,3581.79,39.1,1.2
8,8,665,3,5,2,2,145125,325,5.9,1782686475,851301503.0,929.49,-1.8,49.8
4,4,783,8,1,3,6,360085,792,6.2,5728664282,4217004859.0,1776.59,37.9,0.3
10,8,1980,3,5,2,7,280230,191,4.3,3875244624,1000677625.0,1583.51,3.4,12.9
8,7,2048,8,7,4,6,448952,1571,8.9,14364443716,6390830798.0,3633.12,21.4,784.1
6,2,1107,3,1,3,2,213583,718,8.5,3638172822,2076188468.0,2000.82,37.7,14.3
9,5,1559,2,4,4,5,247783,674,8.6,8287201548,4487893971.0,2666.49,34.4,726.3
4,8,1723,7,5,2,2,399485,373,6.2,7957980891,5184755302.0,3893.28,0.5,57.9
2,1,1652,7,3,3,7,47085,88,7.3,1221926377,534742429.0,2491.65,18.9,335.4
2,5,1127,6,4,4,5,62563,185,9.6,1087695292,227377796.0,3641.75,32.0,597.5
5,7,1779,8,7,4,8,151935,400,8.1,4778705200,2280389531.0,2854.68,\N,789.0
10,4,684,3,1,3,6,375670,830,6.6,5315880768,1527354693.0,3577.91,38.6,3.9
9,8,1280,5,5,2,6,261940,537,5.4,4482474444,1692945034.0,498.99,4.1,23.5
3,4,2011,1,1,3,6,334424,1045,6.6,5021376360,1073024456.0,4892.18,33.6,9.5
8,5,1216,7,4,4,8,337691,477,8.2,7592779520,4795463549.0,480.48,32.2,718.6
4,8,1650,3,5,2,1,302564,464,4.9,2511462738,697993474.0,3198.73,-2.9,30.4
6,4,1894,7,1,3,5,84660,253,7.9,2011792512,1502684866.0,164.51,44.7,0.7
10,6,314,8,3,3,6,243648,492,7.3,6600497414,4811272280.0,2609.74,19.7,392.1
6,3,1397,2,1,4,4,206169,654,8.9,4073487102,1451297861.0,525.3,46.2,6.8
3,4,444,1,1,3,7,289986,596,6.2,2738221803,1746281887.0,495.47,34.1,2.6
5,8,1672,1,5,2,4,470801,969,4.7,4730890928,2707901231.0,1460.35,1.3,28.1
3,7,1814,4,7,4,2,372427,1293,8.7,6629275085,3195720858.0,1246.07,21.3,450.7
1,7,582,3,7,4,4,260027,604,9.4,9449485190,4878301219.0,727.25,24.9,752.6
7,5,1384,3,4,4,5,34242,57,9.5,573502137,\N,2917.05,23.0,329.4
4,5,548,6,4,4,1,203479,194,8.6,6941930259,5478475986.0,4432.74,32.4,516.6
7,5,1132,2,4,4,5,291358,1014,8.8,8409757312,5892758187.0,4591.27,24.0,405.5
3,7,465,5,7,4,3,494248,1802,9.0,15026127696,8990766332.0,1487.48,29.7,695.5
5,2,1046,6,1,3,8,68594,225,7.4,1995865899,1547966197.0,4329.64,40.8,0.1
5,8,1865,5,5,2,2,273345,331,5.7,3243894453,2560776822.0,4839.2,4.4,48.1
2,7,716,4,7,4,6,92945,224,9.1,1444625546,521067056.0,1595.22,22.3,547.7
10,6,892,7,3,3,1,329500,658,7.6,9861539600,\N,4689.1,17.1,300.8
2,7,501,7,7,4,2,321567,928,9.2,8919625446,3729275136.0,2158.84,22.5,707.7
4,6,407,5,3,3,3,351768,928,6.9,7873834204,5903047156.0,2347.03,27.4,416.4
4,7,1354,7,7,4,4,125288,358,8.6,2756185654,1030842556.0,2427.96,23.4,501.9
4,7,703,8,7,4,3,354540,362,8.4,7799738184,5060653630.0,3669.11,29.6,880.9
6,2,2010,2,1,3,8,286278,916,8.5,6842616756,\N,1340.12,35.8,8.9
2,6,384,8,3,3,4,248175,575,6.7,5093072167,3520579766.0,1239.74,20.0,319.6
6,2,2059,7,1,3,8,241048,673,8.2,3800989492,1462357004.0,3166.14,37.8,18.8
7,6,886,4,3,3,2,451316,1276,6.0,5302060368,1500058597.0,2810.13,19.6,392.3
10,2,1592,3,1,3,2,263884,505,7.3,6293395904,1392360185.0,401.67,41.9,25.1
3,2,964,5,1,3,6,314365,658,8.7,10253423149,4033883584.0,4517.45,47.2,15.7
8,6,303,2,3,3,6,369889,418,6.6,7802290610,5465727032.0,1488.78,18.8,452.4
2,2,345,2,1,3,2,245261,495,8.8,6824534481,1834411680.0,3767.29,45.6,27.6
8,7,1784,3,7,4,6,265966,899,9.6,9153485856,2900987119.0,2913.17,\N,877.5
5,6,826,7,3,3,5,372426,804,7.3,6225845442,1875604970.0,2882.54,26.6,329.9
2,2,1290,2,1,3,1,201860,490,8.1,5482376298,\N,4300.7,37.5,9.4
7,7,22,4,7,4,5,187187,227,8.4,2640010573,603396616.0,4408.23,24.6,846.3
2,7,1730,4,7,4,7,107729,255,8.6,2401408684,1391479629.0,2822.83,26.4,592.7
6,5,1120,8,4,4,7,187278,401,8.8,6427380960,2681874729.0,2170.67,23.4,654.6
10,1,1469,6,3,3,3,129982,393,7.9,1604978741,1164241133.0,3119.34,28.1,598.2
3,6,263,1,3,3,8,196407,171,6.2,3818780582,2404560373.0,642.32,18.3,517.4
9,2,1574,3,1,3,8,352261,1044,7.3,7822519122,4908815901.0,2129.13,40.4,\N
3,5,392,7,4,4,7,404294,964,8.0,6080581760,3536782816.0,3326.7,28.7,691.6
3,1,540,2,3,3,1,479959,1491,8.5,9436233919,6898499041.0,3826.95,26.9,368.9
5,8,1116,5,5,2,2,476895,1346,5.7,5939488777,4209471442.0,3620.43,1.3,1.8
7,8,1183,6,5,2,2,396129,914,5.5,3804026787,1619423891.0,914.35,4.6,13.7
8,2,884,8,1,3,2,408485,1055,8.7,13241531456,8411226178.0,3077.14,45.0,2.0
7,8,228,4,5,2,4,396621,646,6.5,8406977026,1800359932.0,497.13,\N,\N
9,1,1400,3,3,3,3,142260,515,8.0,3080782560,998484331.0,3000.18,27.1,321.2
5,6,1577,7,3,3,5,265198,284,6.7,5286059135,2679387004.0,3742.37,19.5,518.5
10,7,2085,3,7,4,6,40711,79,9.5,1299495120,854112058.0,3175.36,26.8,624.3
3,7,1958,7,7,4,3,485937,1806,8.3,8445682247,5499047597.0,3143.33,21.6,553.1
6,1,691,4,3,3,7,200510,349,8.6,4350625878,3039375143.0,3283.03,24.9,413.0
5,8,1061,8,5,2,4,283310,272,5.6,3687109664,1514989384.0,2119.37,-0.8,48.4
4,7,2149,1,7,4,4,169996,708,9.8,5482676992,1813186330.0,1955.71,27.1,765.1
2,8,1214,3,5,2,8,351599,668,6.9,5373663316,3657158315.0,2252.5,3.9,56.6
7,3,1536,2,1,4,8,34796,145,9.2,937960975,480908796.0,1096.02,47.1,19.8
5,4,658,5,1,3,3,296262,476,7.2,4605333537,1095347362.0,2296.46,44.8,1.8
4,7,90,5,7,4,4,326739,882,8.1,6510601314,1328217700.0,4527.68,\N,701.4
8,3,1163,4,1,4,6,276276,553,9.0,6298263972,4779189746.0,1489.13,43.2,0.4
9,6,95,3,3,3,1,439988,1488,7.8,9664248422,6735923896.0,2183.8,21.7,398.1
9,6,1655,5,3,3,8,136246,240,7.7,2001671733,\N,3247.7,20.6,284.3
3,1,1902,3,3,3,2,430893,725,7.5,5083460167,3936463021.0,3847.63,29.2,344.0
3,7,2171,4,7,4,5,127003,394,9.8,2766811156,1104483092.0,94.95,21.4,786.3
5,8,366,1,5,2,8,216787,335,4.5,2191066209,1341885463.0,3337.18,7.1,31.8
5,7,1514,5,7,4,4,152482,286,9.8,2591157122,1663429068.0,759.83,29.5,548.3
10,8,996,2,5,2,5,173911,110,6.0,4005865974,\N,3732.35,5.8,73.6
2,8,519,8,5,2,2,274334,213,4.4,2368270555,694839624.0,722.92,-2.4,36.6
1,7,896,6,7,4,6,460667,1648,8.3,11019431040,5335553282.0,3762.98,22.2,574.6
8,8,1848,4,5,2,3,51921,96,4.1,571359452,413187377.0,4731.45,-0.4,7.6
3,5,2125,6,4,4,7,7770,24,8.6,224521920,150281829.0,1156.54,24.0,406.5
1,2,830,8,1,3,8,15153,27,8.8,265092643,143929346.0,93.21,42.9,6.3
1,4,271,8,1,3,6,150763,200,7.6,3018034039,745832066.0,599.03,31.2,7.8
2,7,469,1,7,4,2,424085,678,9.2,8130896887,1866611237.0,4600.62,23.7,714.2
6,2,719,2,1,3,8,256251,899,7.6,6623473347,3733472131.0,2378.36,46.7,29.3
6,5,1008,6,4,4,5,36876,107,9.5,1004723496,399126001.0,2711.43,\N,366.8
3,8,605,2,5,2,1,188557,372,6.3,3591049209,1356800229.0,807.77,9.0,9.1
4,8,378,5,5,2,3,292558,364,4.3,1985123053,630535523.0,4936.08,\N,77.4
2,6,177,3,3,3,4,106409,286,7.2,2681506800,1938906500.0,953.32,26.4,430.1
2,4,1715,4,1,3,1,445681,932,6.6,4938769433,2968686210.0,3031.15,31.5,2.9
7,3,637,2,1,4,8,141766,423,8.4,2061334346,\N,2868.62,41.8,5.9
1,6,2075,8,3,3,2,285898,929,6.9,5217781449,\N,373.75,22.1,338.0
7,6,60,5,3,3,5,89756,215,6.0,1522979808,\N,4982.38,20.2,349.3
1,8,661,8,5,2,5,186435,223,6.1,3186584307,2395347586.0,2772.78,4.5,53.3
6,1,270,1,3,3,5,51771,88,7.9,1379526305,1075047327.0,820.07,27.0,562.6
3,5,245,7,4,4,2,456754,1923,10.0,12633815640,7497808978.0,3786.28,25.3,561.3
8,1,660,2,3,3,3,185809,431,7.6,3589681232,2471740566.0,1992.54,21.2,477.1
6,1,85,1,3,3,4,238523,306,8.4,7062666030,3562442727.0,3367.0,22.5,467.3
2,2,907,4,1,3,1,192062,205,8.5,4066624757,2169059124.0,1155.99,45.1,4.9
8,6,1876,5,3,3,2,128762,152,7.1,2034117695,1101332101.0,4615.22,23.8,480.6
5,8,2137,1,5,2,5,481224,828,6.2,8897061801,\N,252.65,-1.1,28.6
8,5,854,3,4,4,4,13397,14,9.5,445704793,297744096.0,150.17,22.8,332.7
8,1,507,6,3,3,8,318536,310,7.1,5873389743,4009571779.0,4330.92,24.9,311.8
6,8,408,1,5,2,5,293157,726,6.3,7031106803,3441370356.0,2743.78,2.8,75.9
2,8,1295,1,5,2,2,34206,80,5.0,570898140,233679139.0,1740.44,3.9,67.9
8,8,524,8,5,2,5,228717,135,4.9,2726695458,1664483271.0,748.66,3.6,74.6
6,3,1518,5,1,4,2,474372,805,9.4,16726072096,8847498469.0,346.08,\N,13.4
6,4,328,5,1,3,7,403592,426,7.2,7162950816,1508803830.0,1512.7,35.4,0.6
8,8,1836,2,5,2,5,224249,324,4.4,3833312406,2875175013.0,4064.74,-4.3,20.4
1,7,1310,6,7,4,2,39008,155,9.5,923475392,596455124.0,1002.84,21.1,420.9
2,5,623,8,4,4,5,489146,1289,9.6,18778510598,9276014624.0,4898.41,34.4,552.3
9,2,1855,1,1,3,4,249669,240,8.5,5659871395,4141333670.0,3968.44,40.8,13.6
8,5,2042,1,4,4,4,379417,931,9.8,13858054158,10833783520.0,108.42,31.2,369.2
7,6,1884,5,3,3,5,248626,261,6.3,5103148100,1573738033.0,2770.9,27.7,227.5
7,2,756,7,1,3,5,482419,851,8.4,13948084063,9501803855.0,2009.51,47.3,16.8
5,4,146,3,1,3,2,426623,451,7.3,9517447182,6505874415.0,2247.91,35.6,3.5
2,8,1021,8,5,2,2,24299,41,7.0,553312529,215168819.0,2245.58,\N,5.2
6,3,1628,7,1,4,8,204169,531,8.1,4347758438,993205691.0,4263.19,46.8,1.3
10,1,828,8,3,3,2,121078,380,7.6,3119453592,684382335.0,3443.86,29.4,\N
3,5,1859,5,4,4,8,456838,933,8.1,6449775935,3687527664.0,1488.93,28.3,397.7
4,2,627,3,1,3,3,476062,392,8.2,11914118036,8323178888.0,2602.34,39.1,4.5
10,8,1296,6,5,2,5,52554,122,6.3,611854689,153960253.0,2460.55,-3.1,77.1
2,4,630,7,1,3,6,379349,1116,7.8,8003884550,3115108438.0,1471.16,\N,6.7
2,1,257,5,3,3,8,83638,104,8.2,1587014322,1251386460.0,3121.42,22.9,302.3
8,7,2135,6,7,4,8,422602,1069,8.6,8922396026,3787863843.0,3176.74,28.2,\N
8,4,905,4,1,3,5,100716,82,6.8,1315632964,857045606.0,581.3,31.3,3.7
10,3,1460,1,1,4,5,114916,356,8.9,3272807680,1189806991.0,491.37,41.0,\N
6,1,108,6,3,3,5,367736,1334,7.9,11193405783,3888497112.0,196.84,26.0,\N
5,1,1043,3,3,3,2,119824,234,7.4,1945414534,1053768233.0,2981.93,30.0,389.0
8,7,1389,4,7,4,7,225365,584,9.0,7528993920,3404386137.0,4979.66,20.6,444.2
4,8,1677,3,5,2,7,130399,257,4.1,1536543576,936704680.0,4547.94,-0.0,64.9
4,1,1403,2,3,3,7,453496,1299,7.3,10699603225,4664994101.0,2331.83,27.4,613.2
5,2,160,2,1,3,7,33232,123,8.1,910364054,\N,1628.47,46.1,3.4
1,1,100,1,3,3,8,403360,502,8.0,7844545280,4997687000.0,3679.64,25.2,524.0
1,4,265,4,1,3,2,198825,458,8.0,5770696800,1399835608.0,1709.7,39.7,4.1
2,2,677,4,1,3,3,428683,773,8.0,10878259808,5331832054.0,221.91,42.4,4.6
8,1,799,2,3,3,7,216666,611,8.1,6646164550,4682483882.0,2610.88,\N,322.6
7,4,1083,1,1,3,2,133000,364,6.4,1615577600,343076785.0,1637.5,42.8,6.6
10,4,1471,6,1,3,6,460563,436,6.1,8344019870,4149575421.0,268.98,38.0,6.6
9,5,1325,2,4,4,5,222430,795,9.1,7715918756,2017756745.0,3810.59,30.0,675.0
5,4,608,4,1,3,5,301688,600,6.1,5721482751,4148608905.0,2887.04,\N,5.5
2,7,1579,3,7,4,7,204677,273,9.5,5601907151,1542137901.0,1777.48,24.3,472.9
7,6,1793,7,3,3,8,175321,496,6.9,2397654931,999876466.0,2113.13,26.2,475.6
8,3,1237,4,1,4,1,134678,423,9.8,5239782268,3276470086.0,437.29,40.7,8.7
7,1,801,1,3,3,2,483673,827,7.6,13703810374,3676797934.0,661.75,20.5,603.6
7,7,1161,4,7,4,1,130115,173,8.8,3648008232,2516807271.0,2124.41,29.3,756.6
5,1,1054,5,3,3,5,429398,715,8.5,8902064637,2737605392.0,798.86,18.4,300.0
2,1,1848,4,3,3,2,345317,985,8.9,6392508304,1833786723.0,990.35,28.5,649.6
6,4,1492,5,1,3,7,31563,61,6.1,322687486,174659511.0,1875.16,39.4,1.3
4,4,2022,2,1,3,5,410583,1512,7.8,5879877026,4046909243.0,2643.79,33.2,2.6
10,1,503,6,3,3,1,204920,296,7.8,4899022440,1419092264.0,2809.8,27.4,435.3
2,6,1215,5,3,3,7,258044,300,6.6,4196414745,1225173495.0,2473.16,15.4,576.0
9,2,471,4,1,3,1,181111,594,7.5,2703081675,860283408.0,411.11,35.5,6.2
7,2,1369,6,1,3,4,256240,544,8.8,6464832704,5009329157.0,445.2,47.7,9.5
6,3,2049,8,1,4,7,74772,164,8.7,1745986017,1164901081.0,1068.12,46.5,7.9
5,5,110,7,4,4,4,232782,368,9.3,4256139531,1172365242.0,4386.26,26.7,479.2
3,8,1874,6,5,2,2,3465,4,6.5,66576510,17831042.0,602.17,\N,64.7
10,7,894,4,7,4,8,199854,840,9.4,7413064509,\N,3624.61,29.5,444.7
10,3,1770,4,1,4,2,433662,459,9.0,10678493088,5568677338.0,4105.96,43.5,7.2
4,8,1088,7,5,2,7,54328,89,4.9,1062699142,693564816.0,569.57,9.7,42.6
3,1,756,8,3,3,2,116349,389,8.0,2506622856,1270974878.0,3003.66,19.2,498.0
8,7,53,1,7,4,2,86646,336,8.4,1528435440,565384420.0,3856.98,24.5,639.4
3,1,1326,2,3,3,2,229250,583,7.1,6087504500,\N,4025.79,22.3,467.5
7,1,2029,5,3,3,2,225006,271,8.6,4332580532,1701622432.0,193.55,20.6,514.7
7,5,1992,3,4,4,8,190574,522,8.7,4952427480,2342515293.0,2699.23,34.2,748.8
7,4,73,5,1,3,6,447329,1144,7.5,7454737785,3135560517.0,972.53,\N,2.3
7,5,1381,4,4,4,2,17304,38,9.3,480045837,264786185.0,4452.06,24.4,761.6
2,3,951,3,1,4,1,365467,1339,8.8,11799906122,3161350431.0,2350.97,44.3,11.2
10,4,1627,3,1,3,1,256260,474,6.0,3156610680,2286693502.0,2107.88,40.6,0.4
3,4,484,5,1,3,1,192903,166,7.6,4044867265,3181082867.0,1073.69,32.3,1.9
10,3,1030,7,1,4,6,284902,1159,8.6,6877591260,5294624859.0,1021.28,44.7,\N
9,4,877,5,1,3,5,262519,632,6.6,3799647502,2503095486.0,4956.67,35.9,9.1
3,7,2006,5,7,4,8,225749,1059,9.8,3522045598,2451286662.0,384.78,25.2,847.8
2,2,1832,5,1,3,7,494229,1294,7.6,10291824696,6341370149.0,258.23,47.8,7.6
9,3,859,7,1,4,7,160338,503,8.5,3399005262,1403686073.0,1366.26,42.6,19.1
10,8,2021,7,5,2,3,378517,356,6.0,7158513504,5482160592.0,1864.29,-1.0,32.7
9,3,1858,2,1,4,5,349494,359,10.0,13389115140,6476815818.0,1971.72,48.5,14.0
4,2,2185,1,1,3,2,313615,392,8.5,7533345915,3926662267.0,999.18,47.2,19.7
9,5,779,1,4,4,3,376668,592,8.6,11781497037,3023155634.0,4698.56,27.2,703.0
3,5,628,5,4,4,8,466648,1424,9.5,8214638068,2977790601.0,4515.5,29.2,638.7
7,5,410,1,4,4,1,489063,796,8.2,14705830972,10867465056.0,2511.45,23.0,724.9
7,4,1060,5,1,3,1,375504,807,7.4,6896806867,\N,3780.43,32.6,7.6
8,2,1155,5,1,3,4,180631,644,8.3,5466219195,4046424685.0,1162.6,47.5,23.2
10,7,1601,5,7,4,2,50582,164,9.9,1392117804,501263793.0,4281.33,23.9,569.6
4,3,892,6,1,4,2,324764,905,8.6,6839984509,2966099239.0,2089.06,46.6,15.8
3,3,448,2,1,4,8,323374,1535,9.9,10807935177,6695202797.0,711.0,40.4,\N
3,3,1653,4,1,4,4,411453,776,8.3,9828542392,4447787518.0,3975.84,48.6,4.4
5,4,1298,1,1,3,5,66692,189,6.9,1732558122,1196125908.0,2429.67,30.8,8.6
1,4,1687,1,1,3,4,187153,629,7.5,2160213502,639205645.0,3054.9,35.1,6.1
10,6,352,2,3,3,6,345769,931,6.1,7593087240,2232394086.0,4587.33,26.9,481.6
3,7,1437,2,7,4,2,183591,457,9.1,3891009294,1482706098.0,2883.04,23.0,864.8
6,5,465,5,4,4,6,369595,1092,9.1,7022600676,3567791898.0,1367.6,34.6,789.8
3,8,1158,5,5,2,6,5514,8,6.0,111724668,30222877.0,1747.43,4.6,23.2
5,6,556,6,3,3,6,223768,226,7.8,4599103704,2749475302.0,4289.35,25.7,314.4
9,6,300,6,3,3,1,35758,132,7.9,778537479,548227054.0,4074.03,18.3,\N
2,4,356,8,1,3,4,460126,1095,6.1,7833691162,4886197805.0,3711.12,35.7,6.2
2,5,1264,4,4,4,8,273943,1100,9.5,5694179198,2889851812.0,688.29,32.5,518.8
6,5,564,1,4,4,3,397879,721,9.4,12043001572,8557511027.0,1011.96,32.8,525.3
6,3,793,2,1,4,1,26509,87,9.9,1002254922,435160329.0,3529.8,44.7,18.9
8,4,1023,4,1,3,5,195042,223,7.2,4587855940,1953907946.0,1426.42,39.5,8.6
2,5,1191,1,4,4,1,471899,1723,9.0,12567142269,7999037672.0,3571.16,32.9,405.6
9,8,2188,4,5,2,5,364140,405,6.0,6694349760,2101308724.0,3482.59,-1.4,73.3
2,6,1905,8,3,3,1,249998,554,7.0,5661204710,4047185243.0,2963.72,\N,200.3
1,2,2037,4,1,3,2,130240,279,8.4,2016271488,1285950039.0,4942.21,38.7,24.5
10,2,1027,7,1,3,7,459185,1736,8.2,8938862557,2102846711.0,4378.4,40.7,20.3
2,4,256,5,1,3,6,422321,826,6.9,4438044692,2043191829.0,647.18,31.9,8.0
7,3,1806,4,1,4,7,202151,377,8.4,3795182874,2722382230.0,3679.9,40.0,4.8
8,3,1236,5,1,4,5,319519,326,9.5,9115397791,6866301573.0,4250.56,46.5,10.2
5,5,270,1,4,4,5,56277,169,8.6,1879302882,866907244.0,4366.03,28.5,487.6
6,8,1552,6,5,2,4,146196,238,5.4,1788123276,460845838.0,2595.72,6.7,14.3
1,7,928,1,7,4,1,104801,324,8.4,3453528313,826009817.0,4295.24,30.0,694.8
6,4,64,8,1,3,5,219725,474,6.5,2993533400,805311560.0,4279.08,33.3,7.1
8,7,460,5,7,4,5,236231,800,8.4,3454736636,2542198769.0,2791.98,20.4,825.6
3,2,1040,6,1,3,1,312370,326,7.2,7223993568,3734397479.0,2728.88,42.3,6.3
1,6,1043,7,3,3,1,91707,79,7.7,1691214640,596191483.0,3095.57,27.6,211.4
4,5,1349,3,4,4,3,314691,580,8.3,7895880411,\N,828.4,34.2,\N
1,6,908,6,3,3,4,231864,645,6.3,3980525220,953250065.0,3707.57,17.1,270.5
8,7,93,4,7,4,5,107285,444,8.6,2382284882,969847281.0,4457.47,28.8,755.1
5,5,773,8,4,4,1,457570,784,8.8,6555330848,2480659382.0,2821.95,22.9,715.1
1,1,810,8,3,3,5,449038,861,8.0,12537140960,8282837913.0,3697.38,28.5,391.3
8,6,2042,1,3,3,3,379799,1368,7.4,8293822682,3493041668.0,2635.41,17.4,331.2
9,4,1647,7,1,3,3,425335,593,6.2,6553136345,5065362255.0,2831.53,38.8,7.9
10,6,840,4,3,3,8,489309,1043,6.1,9267757114,3662932153.0,2906.51,\N,488.8
2,6,488,7,3,3,5,329768,430,6.7,5680484637,1382900892.0,1315.37,18.9,282.0
9,5,1748,6,4,4,4,317669,1368,9.7,10581490856,6993470535.0,3838.33,34.9,369.0
8,2,749,3,1,3,2,157626,489,8.0,2660726880,794603347.0,2113.42,47.0,13.3
7,7,528,4,7,4,7,435480,720,9.9,12300001956,5478379739.0,346.7,\N,613.7
3,1,1168,3,3,3,5,386135,1074,8.7,7155467684,2638417452.0,2449.34,20.4,689.6
2,6,554,2,3,3,3,246731,515,7.4,6729933448,2294743787.0,665.33,24.1,204.8
7,8,515,3,5,2,4,311362,889,7.0,6545140602,5129163338.0,4006.15,-2.0,1.3
5,7,377,1,7,4,6,174501,648,9.5,6088950643,2348238650.0,898.77,29.1,615.1
6,8,1709,6,5,2,1,78692,201,6.8,1039710180,602335492.0,4519.84,8.8,19.1
4,7,484,5,7,4,7,130873,405,8.1,3043464702,2123331071.0,4447.06,23.5,766.6
2,8,452,5,5,2,6,909,1,4.1,10450227,6833323.0,4447.43,0.8,37.7
9,2,1560,8,1,3,4,305229,1097,8.8,10537237629,3742990587.0,1618.81,45.6,6.5
3,3,1099,4,1,4,4,102763,312,9.4,2978092292,2356017927.0,1618.93,48.1,\N
7,1,302,6,3,3,7,69610,281,8.9,1214276840,336808732.0,1842.95,23.2,273.0
8,1,1576,8,3,3,7,278028,555,8.3,8427473524,3112079035.0,4409.83,24.4,595.3
2,8,1774,7,5,2,5,156308,358,5.1,2326144394,875975661.0,1938.02,7.7,57.9
6,8,1527,2,5,2,4,302774,542,5.2,4260393508,2063509250.0,2852.22,8.2,16.1
8,8,999,8,5,2,1,358588,780,5.1,3136389941,1435888442.0,4857.0,2.1,76.5
7,7,2066,4,7,4,7,114584,420,9.6,2944717132,1185733547.0,3506.14,25.0,611.7
3,5,398,3,4,4,6,380057,725,8.9,13323696254,2984156586.0,3993.2,22.6,570.1
1,6,1007,5,3,3,5,432337,1656,7.7,10542926848,6233318870.0,2322.54,20.9,414.4
6,3,1804,3,1,4,8,405774,847,9.8,9830118614,6833794388.0,3799.27,43.4,9.5
8,8,2152,5,5,2,3,315904,612,6.1,7650247168,1589058904.0,4003.37,\N,67.3
6,5,1947,8,4,4,7,85898,178,9.8,3355416394,2365627765.0,3431.5,34.5,725.9
5,4,1395,5,1,3,1,436662,907,7.3,4924892367,1177006219.0,4996.56,\N,0.9
8,2,33,5,1,3,5,477514,1271,7.7,6427147434,1756306634.0,440.49,46.4,4.9
2,2,1845,8,1,3,7,159574,248,8.3,4312455435,1463295939.0,4169.43,47.5,19.6
1,5,1805,6,4,4,5,77545,200,8.3,1374136172,1036653135.0,1123.71,30.0,639.5
1,7,890,7,7,4,7,236107,866,8.5,7365357865,5699072998.0,3154.72,27.2,436.5
4,2,1894,8,1,3,8,21418,75,7.8,663062727,382673682.0,4094.9,44.9,\N
6,6,1667,7,3,3,2,443288,592,6.2,10581284560,5012618839.0,3265.38,\N,589.3
9,2,249,7,1,3,1,186495,263,8.7,5037882682,1851588300.0,1404.38,36.7,10.1
1,6,980,1,3,3,8,381225,657,7.5,6152971500,3499347878.0,1568.48,23.6,491.7
1,4,1260,8,1,3,4,24307,32,7.4,374672959,119934097.0,3020.65,36.5,3.0
5,8,1346,6,5,2,1,63239,121,4.9,577289859,209078420.0,4531.82,\N,78.5
10,3,1572,3,1,4,8,114821,478,8.6,3885657461,992580581.0,3302.12,44.5,2.3
5,1,787,7,3,3,7,407034,703,7.6,8104861008,4605192811.0,2150.55,23.1,396.4
5,5,840,6,4,4,1,345063,662,8.5,11699878609,5931433104.0,4330.88,34.7,603.3
10,5,1899,7,4,4,2,189161,666,9.2,6054438294,4531768634.0,1528.41,22.1,746.5
6,6,408,4,3,3,7,496461,1224,6.6,7873772167,5762625835.0,2657.25,18.6,316.5
8,4,64,2,1,3,4,483007,822,6.2,5426293840,1917184969.0,1581.91,33.6,1.6
3,4,17,4,1,3,8,57301,80,6.2,917652594,271001763.0,3935.82,34.4,8.7
9,7,2146,6,7,4,6,243939,613,8.6,3331426135,1263860344.0,1043.0,22.6,546.2
1,1,898,3,3,3,2,254931,728,7.5,5177648610,1938521171.0,3296.41,20.8,319.9
4,8,1016,2,5,2,8,382545,691,6.8,7283656800,1459925903.0,3315.7,\N,39.8
9,3,1267,4,1,4,2,64885,255,8.8,981528372,660355309.0,4659.06,46.8,10.1
8,5,479,2,4,4,2,190249,609,8.7,3138195304,2272931658.0,2233.92,33.3,564.4
10,6,201,3,3,3,8,52219,136,7.2,1295992029,530162408.0,2506.84,15.3,416.6
9,4,1973,5,1,3,7,104852,278,7.0,2711996980,859773395.0,3013.66,39.3,8.5
1,8,179,3,5,2,1,129953,261,4.3,1076803553,434020124.0,678.22,6.6,60.8
9,5,453,7,4,4,8,78493,185,9.5,1887324938,1344383232.0,2302.58,27.9,\N
3,6,486,1,3,3,6,430698,891,7.2,8118485020,2651552267.0,793.02,19.3,523.5
10,2,2024,2,1,3,2,271593,308,8.6,8604718063,6578015515.0,3949.6,36.2,15.1
9,8,578,3,5,2,3,147571,181,5.8,1781152455,760705447.0,1668.44,8.9,4.8
1,5,338,5,4,4,8,448721,889,8.8,12016030426,8291308902.0,2212.52,32.4,491.2
1,3,861,8,1,4,4,43570,181,8.4,1148836332,468546324.0,1451.49,47.9,0.7
9,8,2004,5,5,2,6,24168,41,6.5,351414804,239502682.0,1322.99,9.6,49.2
6,6,1472,3,3,3,4,361056,455,7.2,5274594892,3961606456.0,4938.33,25.2,545.2
4,3,2043,4,1,4,6,132317,546,8.7,2410524642,1346121815.0,4173.02,\N,11.7
7,5,1520,3,4,4,2,124896,286,8.3,3664511088,2785259440.0,2273.22,32.1,629.3
5,2,702,5,1,3,6,287183,491,8.3,6693201871,2389206715.0,4150.67,\N,16.1
10,3,293,8,1,4,1,269504,1028,8.5,4510553696,1520647054.0,3399.39,42.4,12.1
7,4,1174,3,1,3,6,190539,475,7.5,2840936490,875622406.0,2076.01,37.7,4.9
8,6,1606,1,3,3,7,488340,1227,7.1,10578469914,7955184598.0,188.61,16.1,241.1
8,5,1569,4,4,4,8,378680,785,9.7,7776155931,4398166372.0,4571.95,23.4,699.0
1,2,1880,3,1,3,5,7535,21,7.7,173072168,68423080.0,1172.86,38.7,18.5
8,4,1022,5,1,3,8,446179,1481,7.6,7982320781,\N,3637.45,32.3,9.8
6,5,1284,3,4,4,7,222393,665,8.5,5192765353,2816727676.0,4086.29,35.0,\N
4,8,2125,7,5,2,5,110583,262,6.0,2571718248,\N,2954.51,-3.6,33.2
8,7,1134,3,7,4,8,259165,534,9.4,7598354969,3935646968.0,3301.04,26.9,881.0
3,2,896,2,1,3,1,172126,723,8.7,5507791023,1737171764.0,390.36,42.3,4.7
4,4,547,3,1,3,2,324335,825,6.5,3809476742,1199394608.0,2824.08,34.6,2.6
6,3,1447,8,1,4,2,279765,457,8.6,5213756493,3806128012.0,1517.96,44.6,0.2
7,5,151,1,4,4,8,497552,830,8.4,11811088396,7468085647.0,2860.97,30.1,558.9
4,5,1660,5,4,4,3,109547,499,9.6,3830113670,\N,3040.74,31.0,731.3
4,3,2044,6,1,4,5,442376,1194,9.7,11075192823,5370203126.0,412.88,49.9,\N
7,7,879,2,7,4,5,215693,500,10.0,4656811870,1409722600.0,2213.91,25.9,810.5
6,1,1846,6,3,3,4,105171,244,8.1,2171455119,1165213607.0,4242.66,24.1,384.4
8,4,1516,3,1,3,2,95305,155,6.4,2169599264,1295738758.0,648.98,43.0,3.7
1,3,590,7,1,4,1,96284,311,8.4,2537160427,1833773179.0,3758.49,45.1,18.2
10,8,588,4,5,2,2,179521,235,5.3,2964753410,1163296545.0,2782.0,1.5,41.8
7,5,1392,1,4,4,2,411541,429,8.5,11858553915,3417683718.0,3090.4,23.7,345.5
7,8,2128,1,5,2,3,358360,201,5.3,3352278620,2018558127.0,157.87,0.3,8.0
7,4,1910,7,1,3,6,165023,564,6.9,3042496046,1240400491.0,4325.84,36.1,6.9
7,7,1196,1,7,4,6,346484,1281,9.8,11062679745,8495791907.0,4518.23,27.7,654.8
10,4,258,7,1,3,1,227475,271,6.1,2726629087,1610732257.0,3136.6,40.1,8.8
10,8,1757,2,5,2,3,322195,805,6.8,5976846128,3068985358.0,4941.11,9.1,3.1
8,8,1609,7,5,2,3,464422,972,4.6,7605374671,3509828273.0,1544.83,6.1,\N
9,1,566,8,3,3,8,186473,555,7.6,4425899360,1353164066.0,1083.58,26.1,530.9
9,5,1757,7,4,4,8,421643,1496,9.2,5950563330,2441765574.0,776.85,28.0,661.6
2,2,1361,3,1,3,8,125599,340,7.4,1864441795,963002671.0,944.45,38.3,\N
7,1,1196,1,3,3,3,343496,1097,7.8,5039704612,3788431705.0,219.66,29.6,313.6
7,1,2132,3,3,3,6,97087,205,7.2,2792610468,1326468959.0,3531.98,\N,447.1
4,2,1548,4,1,3,3,333895,486,8.6,8106236031,3909384494.0,3877.25,43.0,9.1
9,2,1505,7,1,3,2,409368,617,7.3,5382083906,2789007457.0,108.12,43.1,28.4
8,7,1568,3,7,4,8,457031,1499,9.0,7720624683,2981148330.0,1206.81,25.3,871.1
1,7,1261,6,7,4,8,195125,270,8.1,6124485937,3063470297.0,1129.75,23.2,820.9
2,1,1334,3,3,3,6,229121,316,7.3,5079635482,2163002434.0,3188.17,25.9,368.0
2,4,233,3,1,3,6,168324,547,7.8,3207481149,2212249341.0,3949.89,44.1,7.4
8,3,549,7,1,4,4,298827,849,9.2,10944598640,7661528226.0,3606.77,45.3,5.0
1,3,618,8,1,4,2,170449,198,9.8,2779545932,1538392244.0,3822.01,49.7,3.6
4,1,1006,5,3,3,3,492290,1271,8.0,15520919120,8282319617.0,3577.67,23.3,444.9
10,4,1017,6,1,3,8,325168,520,7.5,8018642880,4590028872.0,3814.24,42.8,5.8
5,2,642,2,1,3,3,105636,197,8.3,2459364534,1307531387.0,2831.32,42.7,3.2
9,6,316,7,3,3,4,92501,97,6.3,2212725671,623884551.0,2752.64,18.5,233.4
7,1,441,3,3,3,5,291944,387,7.7,5979597008,3984304148.0,4120.37,25.6,604.9
8,5,1139,1,4,4,7,87675,243,9.0,2675753325,1346415941.0,3080.38,27.6,504.6
9,4,915,7,1,3,1,95709,216,7.7,1532138384,1028691325.0,772.18,37.1,0.0
7,5,1148,8,4,4,8,350966,846,8.1,10609421407,5881970067.0,4336.16,26.9,650.6
5,5,1742,5,4,4,3,468723,845,9.3,11660656432,5305236938.0,2434.81,33.7,711.8
5,1,47,3,3,3,7,39742,113,8.4,1182435777,664951527.0,1297.87,18.3,635.8
10,4,1753,5,1,3,3,332174,1008,7.9,6885834150,3615856882.0,1909.04,44.2,8.3
6,5,1855,2,4,4,2,405372,1757,9.1,14287052379,6869964021.0,2870.62,\N,715.3
5,7,1147,7,7,4,3,478466,1918,8.6,9114298834,5953340187.0,1999.23,29.6,416.9
9,8,2079,5,5,2,3,215059,610,6.3,4408752511,3086768302.0,2982.0,-4.3,37.8
3,7,2008,1,7,4,1,390897,619,9.0,7060772511,3269404511.0,2826.86,26.0,791.7
3,4,55,3,1,3,7,420329,1327,7.0,7526411074,5746085657.0,2782.03,30.8,8.5
7,3,456,1,1,4,2,203518,435,10.0,8118333020,3611498116.0,2849.86,47.2,5.9
7,8,36,7,5,2,7,432502,422,4.5,3970368360,1804716829.0,1629.93,0.9,71.8
6,6,818,7,3,3,5,107789,221,8.0,1989353784,563307464.0,4316.63,23.9,393.3
3,5,1934,8,4,4,3,435706,386,8.7,8381109904,1775836435.0,2684.81,30.8,407.8
7,5,1821,4,4,4,3,492879,1651,9.0,9719081001,7763850516.0,276.49,28.8,735.6
5,4,1947,5,1,3,5,45994,94,6.9,1167879648,598230727.0,1507.9,31.2,1.4
7,7,256,5,7,4,4,91162,261,8.6,2068174061,646422796.0,3599.52,21.3,608.5
2,6,508,5,3,3,7,399863,1198,7.5,6033932670,4360359295.0,3344.63,15.3,590.2
6,3,21,6,1,4,8,239633,882,8.3,3349398367,2063185178.0,1013.64,46.0,5.9
8,5,2123,7,4,4,5,66713,68,9.1,1024765050,727350094.0,4991.25,27.2,306.1
1,1,719,7,3,3,5,187174,616,7.3,2236748017,590701351.0,3148.3,18.0,382.6
4,7,460,2,7,4,8,205761,778,9.6,5941719244,4581566190.0,1669.23,28.9,831.1
1,4,2008,6,1,3,2,243735,592,6.2,5426564787,2727271815.0,1993.37,40.9,7.9
1,4,1202,1,1,3,6,245586,190,6.5,6075552054,2799011943.0,4602.14,41.2,8.5
10,7,1406,7,7,4,5,239590,240,8.5,4109687270,2109901267.0,2184.07,26.0,679.1
8,5,1061,4,4,4,2,132806,179,9.1,4561009580,2493237542.0,1243.43,22.5,750.8
7,3,1995,8,1,4,6,403044,1797,9.4,9770834474,3845841090.0,1751.24,44.5,17.3
10,5,2037,2,4,4,5,12904,37,9.3,233654018,86356161.0,2674.39,24.3,548.6
1,7,1939,2,7,4,7,349999,493,9.0,12165265242,3086232802.0,830.62,27.1,703.9
2,8,2049,3,5,2,3,78886,46,5.8,1303528041,973178064.0,302.34,-4.9,28.0
4,2,1745,7,1,3,3,40383,58,7.1,1105876340,590096628.0,2048.09,41.0,0.5
1,5,1232,4,4,4,6,391076,1739,9.5,8745632588,2715995422.0,4486.45,34.3,415.2
3,6,1178,7,3,3,4,417282,1039,6.1,9176239820,4698203442.0,4639.16,23.0,488.6
8,8,762,5,5,2,6,445116,550,4.3,7135387526,2168448633.0,4169.98,-2.4,50.4
8,7,683,6,7,4,7,57166,162,9.0,1616540148,397995130.0,893.56,27.6,\N
8,8,1528,8,5,2,5,8815,15,4.6,116943316,25681088.0,291.47,0.7,4.9
6,6,619,8,3,3,1,221511,346,6.2,3547410060,2533375417.0,2663.03,27.9,292.2
6,8,1544,5,5,2,5,209551,208,4.3,1712932739,1098718224.0,3400.18,8.8,49.1
5,8,1934,7,5,2,6,414604,685,5.5,8886414834,3603605779.0,3296.88,2.9,51.3
9,7,7,3,7,4,8,73411,87,8.1,1029897601,441888267.0,1389.29,26.8,535.5
4,2,349,6,1,3,7,496581,453,7.3,13880283137,7990295221.0,1723.79,47.5,19.8
10,6,1031,5,3,3,1,373989,583,6.8,7731100607,6053833238.0,4839.57,15.2,287.6
7,6,524,8,3,3,7,29943,62,6.6,426867408,87344349.0,2162.41,27.6,488.6
1,1,1876,1,3,3,7,145160,320,8.0,2921780480,1498226194.0,3258.83,28.0,562.7
9,4,590,8,1,3,6,69966,184,6.2,1525202827,474829359.0,2528.3,31.0,6.0
7,6,1844,5,3,3,5,135348,268,6.5,3337817028,\N,4281.15,26.0,265.6
10,4,56,7,1,3,2,478520,1307,6.9,8125700268,3840293102.0,4196.56,34.8,7.7
9,7,2058,8,7,4,3,366047,955,8.5,8640356411,3096003722.0,3262.16,28.5,581.4
7,3,1939,6,1,4,7,326881,1122,9.4,10625332281,7621108183.0,4662.01,48.9,16.5
2,5,364,1,4,4,7,152445,576,9.9,5202231358,3626145764.0,1078.31,24.1,417.5
6,1,253,3,3,3,1,215589,187,7.6,3696402758,2253935004.0,2705.94,22.6,549.0
10,7,1277,8,7,4,1,355528,1015,8.6,6072276028,2210101140.0,1210.62,23.6,557.4
4,2,1467,3,1,3,5,92413,92,8.5,2880467003,1753787993.0,557.42,47.5,26.1
3,3,736,1,1,4,3,20557,28,9.6,323452060,199197682.0,3871.61,45.6,18.6
2,8,340,6,5,2,7,402051,797,6.7,8412555329,5304608077.0,3082.88,7.9,60.0
6,1,1377,6,3,3,4,8857,25,8.1,133583045,75595133.0,564.42,25.1,507.9
8,1,624,5,3,3,1,331318,1369,8.6,9607956945,4295701455.0,4944.74,27.4,290.3
6,7,705,8,7,4,3,497159,1802,9.0,8599856382,3076734138.0,464.45,23.5,832.3
9,2,323,3,1,3,3,375906,1114,8.0,9499896432,5736375496.0,3452.02,41.9,24.3
5,2,1164,3,1,3,8,451128,1835,8.9,10820530644,6213869997.0,3040.02,\N,2.5
2,4,1975,8,1,3,8,248761,838,7.5,6679232850,3040921376.0,2100.29,41.0,6.2
8,5,1469,1,4,4,7,254476,724,8.2,7555952287,4712723204.0,4311.36,\N,337.1
9,7,2143,3,7,4,1,233804,310,8.6,6442328937,\N,1780.05,25.6,770.1
10,3,553,7,1,4,2,150313,515,9.6,4047628464,\N,4123.56,49.3,3.5
4,5,1538,5,4,4,6,29183,83,8.8,457379322,208949213.0,2987.07,23.9,413.5
6,3,790,3,1,4,2,132148,253,8.4,1924814908,981460992.0,1992.96,\N,5.6
10,1,1174,8,3,3,5,408745,366,8.2,7853054186,5889168168.0,1752.13,29.6,641.8
8,6,553,8,3,3,7,373469,856,7.4,10894389505,8379072476.0,1342.23,24.9,366.6
9,6,116,1,3,3,6,191798,394,7.5,5371302990,3666138723.0,135.11,18.5,263.4
5,7,632,5,7,4,6,210312,209,9.5,4213706076,1716322233.0,3122.83,28.7,512.9
6,2,270,4,1,3,5,171640,460,8.9,3670813188,748213855.0,2299.53,43.0,27.7
4,2,861,1,1,3,3,374957,744,8.6,9899614714,5899473281.0,1719.16,43.4,19.5
5,8,291,8,5,2,7,451650,361,4.9,7070806575,1951697677.0,918.74,9.1,15.0
7,1,1458,4,3,3,1,395383,334,7.5,4563708277,3467755142.0,54.68,22.4,288.1
9,1,2057,8,3,3,2,1798,3,7.5,31541415,25041633.0,3394.88,21.1,578.7
10,3,1775,3,1,4,3,23876,32,9.3,407455878,136570021.0,4305.63,44.8,19.6
6,1,630,5,3,3,7,440618,1402,7.5,12322983915,4881274044.0,1790.2,21.6,538.5
6,8,1848,3,5,2,2,325936,595,4.4,4381231712,2928838100.0,2728.84,-2.0,31.1
8,7,475,5,7,4,1,39099,107,8.9,995921908,422037532.0,3010.87,\N,830.3
4,3,537,2,1,4,2,13400,26,8.9,321882740,254875502.0,1273.52,41.8,5.4
3,5,685,3,4,4,4,68299,138,9.7,1254113067,376273004.0,2465.43,28.6,633.9
7,2,1761,3,1,3,7,332934,367,8.3,9674496052,2444165435.0,3345.51,37.8,23.1
5,2,613,3,1,3,5,168203,340,8.5,3647229750,931609659.0,4387.59,40.0,5.2
2,6,1954,6,3,3,6,496425,1613,6.9,6871216995,3001938810.0,4043.47,17.9,396.9
2,6,1335,1,3,3,2,270044,869,6.5,6162809146,1485867347.0,4353.19,24.3,439.9
6,8,731,6,5,2,1,327648,236,5.8,5841701721,2397789917.0,4984.6,6.2,54.6
8,7,1625,5,7,4,7,29320,41,8.1,906744456,496757370.0,1348.19,20.5,875.7
1,2,1509,5,1,3,1,285508,549,7.0,5256202280,1663887004.0,3646.44,45.4,6.4
6,8,15,5,5,2,4,36795,104,6.7,442022014,116782136.0,2828.55,-4.5,5.4
2,7,758,1,7,4,1,137170,404,9.8,5281621114,1886795695.0,2950.62,27.5,648.4
2,5,4,5,4,4,4,170990,155,8.0,2296737680,952927866.0,1483.1,29.1,464.0
7,5,1870,6,4,4,3,208646,530,8.3,6504497320,3668013905.0,4251.56,32.4,783.2
10,4,1393,7,1,3,2,36286,83,7.1,507274651,144022893.0,3956.58,44.6,2.3
1,3,1489,6,1,4,8,272040,848,10.0,6382058400,1319828485.0,4115.98,41.9,5.5
6,6,986,7,3,3,8,32225,105,7.2,357310800,156938620.0,4985.03,\N,329.7
7,3,1161,3,1,4,1,129957,338,9.9,3014443584,\N,1579.26,40.5,4.0
8,6,834,4,3,3,5,106122,114,7.5,3098497095,1168241341.0,4874.88,26.3,390.5
7,4,1999,7,1,3,2,356632,774,7.2,4734931737,2797308835.0,1087.38,35.0,7.9
6,2,1955,2,1,3,7,153871,227,7.8,2528808336,620157814.0,498.75,36.1,17.5
9,8,1240,8,5,2,4,311242,164,4.7,2538022889,1630206573.0,100.76,0.9,50.1
3,7,1392,5,7,4,2,43711,156,9.7,821705604,306422031.0,1209.76,26.5,832.7
6,3,2165,1,1,4,8,393283,937,8.3,11496684625,4007185013.0,1597.2,45.5,13.2
4,6,1203,7,3,3,2,414659,631,7.6,6825950594,2136790669.0,1580.35,19.5,252.0
2,3,2176,1,1,4,1,181697,209,9.7,4758644430,3422559691.0,4653.16,47.1,6.4
1,2,1382,5,1,3,5,406330,949,8.3,8859659953,3618210387.0,1599.71,43.9,12.8
1,7,78,4,7,4,3,250504,394,9.6,8371242470,6688808446.0,3313.39,26.6,424.7
10,1,82,6,3,3,5,53660,143,8.5,1118837830,782154356.0,4927.54,26.5,313.1
3,6,342,5,3,3,6,401942,1541,7.9,10145217051,6932985296.0,1505.02,26.9,\N
4,8,1362,1,5,2,4,39265,91,6.6,948744489,444032080.0,4877.81,1.0,\N
2,1,96,2,3,3,6,48843,81,7.1,1152020766,916992792.0,3825.12,22.5,252.6
1,4,521,4,1,3,7,401908,581,7.6,10153160659,2469636835.0,4071.9,40.4,6.5
4,7,996,8,7,4,5,188609,424,9.5,5382523642,3778858513.0,2865.01,21.0,782.5
7,5,357,5,4,4,5,297927,1024,9.7,10796636138,6050504291.0,3899.24,\N,323.5
10,3,186,7,1,4,4,72783,96,9.9,1185307546,\N,3069.53,48.8,11.6
6,6,1694,2,3,3,7,261061,270,6.4,6671466067,1571886746.0,2449.65,21.7,525.6
6,8,1343,8,5,2,7,97206,144,5.1,857648538,410112194.0,4278.2,0.8,33.1
9,3,1692,5,1,4,5,453710,2168,9.9,16098356736,11863330027.0,4112.66,41.1,8.0
2,4,1083,4,1,3,3,498233,1757,7.4,8686393415,6348083968.0,2009.99,38.6,9.6
4,4,2058,1,1,3,2,301175,188,6.2,3099693100,1135717036.0,255.32,36.2,3.2
5,3,356,6,1,4,3,400116,1077,8.3,9298695840,4720840934.0,4633.95,\N,16.6
1,6,17,7,3,3,6,280968,437,7.4,7495383336,4105333494.0,3922.62,27.1,476.5
8,8,324,6,5,2,2,138582,79,4.9,1163894785,888889530.0,4296.07,4.2,18.4
8,7,2071,4,7,4,2,239088,794,8.7,8199618595,4935578923.0,167.32,29.4,670.4
6,2,931,8,1,3,5,352847,957,7.2,8818069946,6698744567.0,4376.64,35.3,12.1
5,7,459,8,7,4,2,316485,756,8.1,8072551246,2148523254.0,2370.99,22.0,756.6
8,2,1484,3,1,3,4,432999,1164,8.2,10467144626,5575750324.0,4556.33,35.1,17.0
3,8,557,6,5,2,3,433520,536,6.4,8101621760,2549514388.0,3476.04,-1.9,76.7
3,5,1445,5,4,4,2,20775,57,8.8,702577260,228484576.0,2156.97,\N,785.2
2,7,403,2,7,4,8,363094,373,9.7,8318991871,3146952439.0,662.4,21.0,657.4
5,8,457,2,5,2,5,315889,683,5.9,3235461493,723330646.0,2810.3,-1.4,54.2
3,3,1507,7,1,4,5,158705,153,9.0,5107761720,1960436729.0,3559.18,44.4,9.4
3,3,1522,6,1,4,5,239656,505,8.3,3172685956,2200861799.0,4525.08,\N,5.5
6,6,2188,4,3,3,1,289096,369,7.1,3462705159,2304216893.0,4432.28,19.6,535.5
8,3,92,7,1,4,3,4163,13,9.1,108914487,28180885.0,1330.3,43.8,16.0
2,6,2125,4,3,3,5,61739,86,8.0,1559774096,622553766.0,421.56,18.2,277.1
4,8,852,4,5,2,7,136653,182,6.1,2158147163,1655145735.0,2375.22,-3.5,73.9
7,3,1268,2,1,4,4,82266,346,9.7,2269455688,708938528.0,1418.33,42.4,8.4
1,4,845,1,1,3,5,90094,243,6.4,1681946867,849773588.0,1621.25,36.0,3.0
1,1,667,2,3,3,1,439740,787,8.3,10427598594,6141115154.0,3353.72,18.9,673.5
10,8,1754,1,5,2,8,175946,187,6.6,1811540015,565632410.0,3745.69,-1.6,43.8
7,3,959,7,1,4,8,165301,374,8.6,4173784129,1671885019.0,3680.97,45.3,5.8
7,1,989,7,3,3,3,350646,396,7.9,6138549134,\N,4095.25,18.4,259.9
1,2,797,7,1,3,2,234217,862,9.0,5282530218,3037656372.0,265.14,41.0,21.5
1,5,1686,4,4,4,3,240916,264,8.1,6937296677,5372690315.0,4828.67,\N,301.0
4,7,1865,8,7,4,2,372683,700,8.5,7624907838,3330876401.0,1725.43,23.8,800.8
5,7,88,3,7,4,7,332554,1386,9.2,7963870170,2202328556.0,1867.15,21.4,404.1
5,8,1642,2,5,2,2,486649,539,6.0,9498415182,3093396035.0,3178.63,2.4,54.7
4,2,1318,8,1,3,5,369992,674,7.4,6190484148,3302107850.0,1165.72,43.7,19.5
8,3,2143,4,1,4,6,20465,69,9.8,382662756,\N,3405.3,44.2,4.0
7,7,551,2,7,4,4,144290,186,8.5,2795113735,914185133.0,1349.15,25.8,791.0
9,6,1078,4,3,3,4,191405,496,6.0,4098746670,2369553349.0,3523.92,25.8,\N
7,2,1952,2,1,3,6,464632,1614,7.6,13912940607,4917094541.0,4098.11,47.8,1.2
10,4,1134,5,1,3,5,311616,827,6.4,6385884364,2509207182.0,4506.08,33.5,2.6
1,1,624,2,3,3,1,114907,338,8.5,2349963057,760925144.0,2070.68,19.5,597.7
7,6,701,5,3,3,2,454891,1197,7.0,5050199882,3910933162.0,4044.89,24.4,460.9
1,7,162,8,7,4,6,243442,1034,9.0,7758253098,5042759948.0,2352.12,25.8,415.4
7,6,1993,1,3,3,4,421824,1318,7.4,9636063091,6148477744.0,1267.12,26.1,\N
10,3,2083,2,1,4,8,294982,1315,9.5,9362581189,7250883911.0,3671.16,41.0,1.5
8,4,37,1,1,3,3,68348,229,7.1,1145724358,702714939.0,1507.84,34.6,3.3
9,1,846,3,3,3,1,154614,386,7.5,3372131340,971256727.0,895.09,\N,673.2
3,4,1201,6,1,3,5,68528,82,6.6,1559930275,1046442127.0,649.91,37.7,4.8
4,2,105,6,1,3,1,133842,223,7.9,1964559644,1470564420.0,2018.7,45.2,12.8
4,3,336,5,1,4,7,163053,753,9.7,4022044656,1601630518.0,3742.83,40.3,10.4
9,6,1958,8,3,3,7,260787,703,7.1,4003132607,2574665567.0,4078.81,\N,578.8
7,6,1561,8,3,3,4,498721,726,6.6,5309284021,2873782346.0,4181.4,20.9,402.6
3,2,886,2,1,3,8,73643,230,7.0,1228954384,264180966.0,2168.62,44.0,23.6
10,6,69,6,3,3,6,193818,690,7.5,2343259620,707997775.0,237.06,\N,211.1
5,5,1351,1,4,4,7,271104,996,9.2,9522690662,4382481627.0,932.93,30.4,630.6
7,3,151,6,1,4,7,89628,139,9.5,1771049280,1267201554.0,1016.87,49.7,0.6
8,2,662,6,1,3,7,420990,449,8.3,6464301450,3086344422.0,2543.78,40.0,17.0
1,3,1344,4,1,4,5,154140,241,8.4,4353036912,2006478992.0,4583.5,41.5,2.4
2,1,757,6,3,3,4,44862,150,7.2,896665766,474413523.0,694.9,21.3,410.2
7,3,1486,1,1,4,2,414177,944,9.5,15573469377,3778997331.0,216.66,\N,18.4
2,3,1988,6,1,4,7,399010,1570,9.2,7543683059,4237362882.0,52.12,47.3,7.3
7,1,203,2,3,3,7,246692,884,7.8,5468569579,3250031109.0,4507.92,21.3,423.7
9,2,1504,6,1,3,7,24500,21,7.8,407998500,244529526.0,4119.54,45.1,15.7
2,3,4,3,1,4,1,410902,1657,8.7,13505773477,9280834213.0,4816.81,41.7,18.4
7,4,1153,6,1,3,6,104938,235,6.5,2715428157,1276846569.0,3516.64,35.0,3.6
4,3,977,5,1,4,2,219958,698,9.4,4877480666,2219446209.0,3072.84,48.4,13.9
2,2,27,8,1,3,3,120183,214,7.9,3643972596,1316436742.0,659.77,41.6,6.4
7,8,1066,4,5,2,2,329483,249,5.6,7376728990,4730829737.0,2899.58,7.7,58.4
5,6,965,7,3,3,1,71249,210,7.6,1484772160,\N,3964.51,25.5,379.1
1,7,2112,1,7,4,3,171347,322,9.2,4365030555,1266736628.0,4353.21,25.5,544.5
5,1,72,8,3,3,8,273764,672,8.5,4421288600,1369542998.0,4356.99,26.5,560.7
3,6,1506,8,3,3,4,146247,220,7.4,2881972631,1753709369.0,1552.31,26.6,263.4
7,2,1897,6,1,3,6,244631,554,7.8,2923242597,1292093793.0,990.32,46.2,11.2
6,5,2143,6,4,4,8,456384,1202,9.9,17327303136,6916513349.0,784.79,24.4,585.9
8,7,395,2,7,4,8,95275,262,8.4,2308894350,1125697235.0,3238.1,22.0,\N
5,6,869,7,3,3,3,451802,1145,7.3,9960426892,6659234300.0,396.6,16.9,437.0
2,3,117,2,1,4,1,31479,68,8.8,1069832702,665546722.0,4359.48,47.7,11.1
9,7,577,5,7,4,7,81103,290,9.5,1188077847,\N,4048.64,\N,626.3
8,3,772,7,1,4,5,97435,295,9.6,3331809312,1827485954.0,84.33,49.3,13.6
6,1,200,8,3,3,3,91294,154,8.7,1345472713,895815151.0,2958.13,26.3,356.2
10,3,1756,4,1,4,4,265702,363,9.0,6308296884,3521036121.0,3184.16,47.6,\N
7,7,180,1,7,4,3,264493,611,9.8,5673956734,4218016177.0,4535.24,29.3,740.1
9,4,2044,1,1,3,6,229681,680,6.4,5724018009,2055738347.0,2697.42,33.9,8.3
7,4,1897,8,1,3,2,24700,52,7.6,604646120,471230139.0,305.99,41.6,6.6
3,8,653,1,5,2,5,362249,961,6.7,5475466084,4260955025.0,3432.94,6.3,37.4
6,6,678,5,3,3,1,420087,1231,7.5,11701523385,7798917276.0,1780.03,20.1,373.6
7,2,1689,5,1,3,5,288115,1114,8.1,5584619479,3897015822.0,2572.32,\N,10.1
2,8,1603,6,5,2,2,95639,65,5.1,1452546004,1102752435.0,1234.47,-2.1,5.5
3,1,1120,4,3,3,7,287700,789,7.1,3846347610,2058250557.0,4309.25,29.3,370.5
4,5,965,1,4,4,8,135609,536,9.5,2500562155,788266168.0,2961.06,30.4,489.6
10,8,1912,1,5,2,5,79798,237,6.6,1661633753,686419965.0,3738.75,-1.1,56.5
6,6,1086,6,3,3,7,213782,503,7.6,5725595036,4011914580.0,794.52,21.5,581.9
1,2,174,4,1,3,7,171284,230,9.0,4501343520,2049832219.0,2847.03,40.7,10.0
9,1,1277,7,3,3,2,44154,43,7.7,885663009,291962371.0,1542.59,29.2,579.1
5,7,624,4,7,4,6,490076,647,9.5,11755698050,5813118702.0,176.42,20.9,466.3
7,1,1239,4,3,3,8,454870,603,7.2,12756374280,3008079775.0,3656.52,25.8,367.8
9,7,739,8,7,4,3,10666,10,8.0,180895360,114569717.0,4896.7,29.9,745.0
9,6,675,2,3,3,1,63340,89,6.3,1034316864,\N,3652.9,17.1,450.5
1,2,2174,4,1,3,2,487842,1303,7.0,11952129000,5402534968.0,466.06,39.8,20.0
1,8,1974,3,5,2,7,484017,1203,7.0,13010376960,6779642896.0,3168.48,-5.0,29.4
3,2,1658,5,1,3,2,251574,863,8.4,6952499064,5090717826.0,4152.26,37.6,13.3
6,3,413,4,1,4,3,448563,971,8.1,7909825373,3119697913.0,848.45,43.8,12.0
2,5,1480,2,4,4,2,41836,179,9.9,1645937013,1011254919.0,4905.35,28.7,445.4
10,4,1383,8,1,3,1,416926,902,6.5,4607032300,2229257515.0,3136.91,37.9,3.3
1,3,1124,8,1,4,4,259589,522,8.4,3275182495,1210619808.0,4911.19,40.9,11.8
1,1,234,7,3,3,5,33526,33,7.9,434892566,195264562.0,3169.31,28.8,673.7
5,5,1086,3,4,4,6,133991,225,8.6,2972992307,1061382307.0,3360.06,26.8,511.1
4,5,1779,2,4,4,6,63665,149,8.8,1365334124,456074054.0,3809.96,34.0,773.1
1,2,1130,2,1,3,2,92442,185,8.7,2185938997,1248311124.0,4028.89,46.4,18.8
4,5,645,6,4,4,5,179662,332,8.9,6165712380,4350959050.0,4398.13,28.8,358.5
3,6,1558,2,3,3,6,23859,31,7.6,494845203,168973615.0,3772.79,21.6,482.7
2,5,406,2,4,4,5,175548,608,9.0,5539241592,3973839033.0,2324.27,23.5,625.8
9,1,1707,1,3,3,6,499952,1054,7.2,13747080153,8469508728.0,1306.58,24.6,330.4
1,6,375,5,3,3,4,195652,491,6.6,3152071111,1877645622.0,2015.83,19.0,316.5
7,6,1613,6,3,3,8,121391,302,7.8,1700542240,700275660.0,4603.33,28.0,415.3
4,3,455,6,1,4,2,51804,89,8.8,1467006393,1081042605.0,4322.15,\N,1.8
5,5,202,1,4,4,7,157597,661,9.3,2792067250,\N,1843.41,29.4,669.7
10,2,1756,3,1,3,1,470368,387,7.0,5561160864,3248191172.0,2145.14,45.8,20.7
5,7,1476,1,7,4,2,462584,1832,9.1,6314271599,2685580758.0,1506.5,20.8,738.7
1,3,854,6,1,4,5,71922,243,8.7,2468470922,974533667.0,3129.08,42.1,5.5
6,2,724,3,1,3,3,413217,1777,8.9,11727966215,8794377000.0,1832.2,42.0,30.0
9,5,1392,6,4,4,4,365687,644,8.4,6549015345,4527465424.0,4027.2,28.1,662.2
2,3,262,4,1,4,1,331777,415,8.3,9797839297,3768407342.0,2406.42,43.4,18.2
7,5,543,3,4,4,1,366544,1113,8.6,10361539100,2083658048.0,1139.61,33.1,327.3
6,1,551,6,3,3,5,264958,693,7.5,5522387115,3662990313.0,2256.51,21.2,517.9
5,3,1330,1,1,4,1,128431,549,9.9,4446319749,2618626787.0,3689.23,42.0,12.3
4,2,1870,6,1,3,5,133129,278,7.6,2207704832,656154588.0,2296.03,35.0,28.3
4,1,638,1,3,3,8,97885,298,9.0,1648285515,510372131.0,2881.76,20.4,443.0
6,4,165,3,1,3,1,311288,798,7.4,7191624406,2346138883.0,4574.61,38.5,9.1
4,2,621,1,1,3,1,100520,103,7.9,1366659868,394699367.0,3579.47,43.0,4.6
5,7,1224,3,7,4,8,126847,196,9.6,2468341142,737855114.0,4984.35,25.2,807.4
6,8,51,2,5,2,6,108168,164,6.6,2014650633,482321963.0,429.02,8.3,66.4
5,5,489,5,4,4,6,270658,321,8.2,7914364709,\N,3764.42,\N,389.3
7,2,1047,7,1,3,5,314123,715,7.9,6762282882,4753604582.0,3676.84,36.5,3.2
9,4,665,3,1,3,4,291840,911,6.4,2977234944,869818150.0,588.9,36.4,4.1
10,2,1247,7,1,3,1,159059,412,8.6,5039370861,1292893052.0,4831.4,40.6,3.9
7,1,1966,8,3,3,2,375309,1583,9.0,8542408149,3588049591.0,4233.92,\N,629.2
7,6,1245,7,3,3,8,317197,312,6.5,3808108583,1250783432.0,2582.76,15.5,\N
4,8,266,2,5,2,3,206807,192,4.7,3840343947,2199761895.0,1141.2,1.0,66.7
1,2,73,2,1,3,8,158112,358,7.7,2357007206,\N,972.8,46.5,22.7
8,3,2125,2,1,4,6,382225,958,8.1,9387140220,2726170819.0,681.83,43.1,5.7
4,7,881,7,7,4,8,77363,258,9.5,1966722186,783520274.0,1007.8,20.4,496.1
1,4,435,2,1,3,7,146018,197,7.2,2598886771,1739391156.0,4627.32,41.3,6.5
5,2,2029,3,1,3,8,418108,643,8.2,11835132291,3235160599.0,3192.77,36.0,2.9
8,4,1089,7,1,3,5,212555,529,6.5,3465071610,1942148590.0,667.19,40.8,1.3
4,6,1985,7,3,3,1,335983,784,6.2,5378550257,3985640535.0,4612.13,21.6,274.6
8,1,357,8,3,3,6,405637,1280,7.1,7810621562,\N,316.25,28.5,351.1
8,3,936,1,1,4,4,419196,659,9.5,10465647336,8329106498.0,2074.97,49.1,1.2
3,5,18,2,4,4,6,496841,1785,8.7,13369544153,9791838108.0,3726.0,33.5,492.0
9,2,1590,4,1,3,8,399275,968,7.9,10106289090,3585566885.0,4118.83,37.5,11.3
3,1,1793,2,3,3,2,282227,493,7.7,7682077826,5842911347.0,4223.35,19.5,347.3
1,8,996,8,5,2,8,35609,111,6.9,659218734,302332491.0,4728.65,0.5,11.1
2,4,1033,1,1,3,5,276104,639,6.3,5689757959,2307967471.0,1376.02,43.3,8.9
6,6,1494,1,3,3,2,282426,606,6.1,2875350863,\N,1943.29,21.3,474.1
10,7,1626,5,7,4,6,497279,1469,8.7,15661304826,3884006995.0,3187.86,20.2,496.1
2,4,1848,5,1,3,3,314647,921,7.6,4031760799,896115766.0,4389.26,32.0,1.7
6,7,1539,7,7,4,4,99949,298,8.5,1677893837,929501683.0,3024.78,\N,787.9
1,6,1154,2,3,3,5,339966,1250,7.7,5719757967,1411615046.0,1396.83,17.8,555.0
1,7,1317,2,7,4,5,279411,713,9.4,6229971184,1776071432.0,4019.99,23.7,688.5
5,6,1720,6,3,3,1,469430,1593,7.1,9965529470,7969260214.0,4514.85,27.1,223.9
10,1,1951,7,3,3,2,469774,1181,7.2,9964470268,2143572770.0,91.36,29.0,367.8
9,2,224,6,1,3,5,437487,548,7.1,9125891322,5628862361.0,75.08,36.6,2.9
8,5,2027,5,4,4,2,145330,270,8.1,4550950818,3480935416.0,4772.3,24.2,639.2
3,2,1548,2,1,3,3,91578,213,7.4,2709353445,\N,2804.69,39.1,\N
3,8,1690,6,5,2,1,391861,384,7.0,8176963487,4471416578.0,486.96,-3.1,4.7
1,8,1524,4,5,2,7,161085,364,6.0,2837673360,1052154205.0,1814.43,-2.8,54.6
3,3,1114,3,1,4,8,229558,707,8.7,5012858046,2445042377.0,2857.95,46.0,15.4
1,2,1973,5,1,3,8,63556,162,7.8,1894210312,1418891655.0,3144.86,42.6,5.0
8,6,1096,5,3,3,3,107614,249,6.3,1792547920,439355096.0,857.67,27.7,451.3
1,6,433,1,3,3,8,181743,572,6.7,3776019788,2567234664.0,4208.25,27.0,368.6
5,3,1372,2,1,4,1,418100,649,8.7,7773273389,2558926923.0,2747.25,44.2,9.4
9,4,1287,5,1,3,1,485781,1578,7.1,13009798117,7129118446.0,2649.68,32.8,1.5
7,6,1295,5,3,3,2,70080,63,7.8,1294405632,521731140.0,2727.5,18.1,554.9
4,3,509,8,1,4,7,279233,988,9.6,8427922099,2614773333.0,358.17,43.3,3.5
9,6,508,6,3,3,7,274628,717,6.8,5243856883,3957633625.0,3773.15,16.3,555.2
9,5,617,4,4,4,6,91250,211,9.3,1772777625,1312195802.0,448.78,25.0,726.7
2,6,420,7,3,3,1,495637,1879,8.0,12811225176,\N,2343.09,15.3,\N
10,1,1096,2,3,3,3,279091,351,7.2,6265481313,3749501250.0,2965.87,28.1,624.7
10,3,74,8,1,4,6,388612,1528,8.6,10875073652,4108139368.0,1096.82,41.0,1.2
6,7,1679,3,7,4,3,479468,945,9.3,13965752116,5016860537.0,2436.68,22.1,560.5
4,8,146,4,5,2,7,20060,42,6.0,186437640,141943586.0,1467.9,-1.0,38.9
8,2,2094,3,1,3,6,466859,804,8.7,14423001888,8697234539.0,3562.61,37.0,\N
7,3,1765,1,1,4,3,258143,911,8.2,5808424014,3706948479.0,2691.49,\N,19.8
7,4,1133,5,1,3,8,102609,107,6.7,1369460757,466277757.0,508.47,30.8,2.6
10,6,121,6,3,3,2,473251,1254,7.8,7061567471,4622854286.0,3019.37,23.6,599.0
9,3,1067,4,1,4,2,4823,20,9.1,78122953,50822209.0,724.5,\N,4.1
5,5,1964,8,4,4,4,87217,122,10.0,3412801210,1776140384.0,63.61,31.8,695.9
6,3,2147,3,1,4,7,266667,1077,8.3,7518702731,4896394898.0,774.0,40.7,18.8
1,5,706,2,4,4,8,17278,40,8.5,335728818,257194792.0,71.27,30.3,635.7
6,8,1238,1,5,2,7,255688,160,4.9,3117143545,1212137172.0,4940.43,-2.6,\N
2,8,1935,8,5,2,5,393607,1206,6.2,4097370148,2071323827.0,3187.32,6.9,16.9
6,6,1883,7,3,3,4,175312,350,6.3,3190801118,1612123936.0,3146.29,16.9,361.1
9,2,1126,1,1,3,8,198967,362,7.0,3481922500,981093979.0,4669.45,47.1,24.1
8,6,210,5,3,3,4,178325,510,7.0,2967149675,811054601.0,681.32,19.7,339.5
9,4,739,5,1,3,1,138013,101,6.6,3382118975,1890941146.0,186.79,33.3,5.3
10,1,1046,3,3,3,7,350108,1030,8.6,9571742655,7441802100.0,3428.84,23.0,436.9
8,2,159,3,1,3,1,280048,849,8.6,5813908499,3913914802.0,3108.28,42.9,10.1
3,2,741,1,1,3,4,449772,1130,7.2,6347182464,4294050016.0,4528.2,38.5,5.3
8,8,1954,3,5,2,5,113841,194,5.2,1303524986,730278857.0,1649.85,5.2,22.5
6,1,1424,5,3,3,4,348036,647,7.5,4181652540,1173382419.0,2784.89,29.0,458.1
6,3,699,1,1,4,2,8247,35,10.0,251698440,84992631.0,2844.91,\N,15.0
6,6,1874,1,3,3,3,422940,1204,6.4,9103022208,4306278642.0,1320.14,16.5,311.7
3,3,141,7,1,4,4,399233,554,9.1,11262362930,3509891726.0,1832.21,45.6,\N
10,3,240,2,1,4,1,145143,563,9.5,5261724036,2882466611.0,1774.71,42.5,7.9
1,6,292,2,3,3,5,96881,316,7.4,1186501607,381038444.0,4230.07,21.6,283.6
4,4,82,3,1,3,1,367317,1232,7.7,7367828044,4069431192.0,1908.83,40.5,9.6
10,2,1798,8,1,3,7,306373,570,8.2,7107179579,3946461658.0,3134.43,46.0,27.1
6,5,977,3,4,4,2,443200,803,8.8,14812807680,3457436890.0,1900.73,28.2,323.9
10,1,580,8,3,3,7,316221,627,8.1,5596637368,4300368666.0,470.15,\N,674.6
2,2,2158,5,1,3,6,11649,25,8.8,321987679,256003293.0,4632.61,42.7,19.0
7,3,1800,8,1,4,1,419580,1159,9.2,12750029207,2957317133.0,439.53,43.9,18.3
7,1,1462,5,3,3,7,273054,246,7.2,5325863659,3121096704.0,99.84,18.7,431.6
4,5,322,2,4,4,6,171399,521,9.9,5253447909,1281424209.0,1392.04,24.7,480.9
4,2,714,1,1,3,1,289268,621,7.6,7162507094,2872387355.0,1424.29,42.6,29.5
1,2,2132,4,1,3,5,443743,551,7.8,7015843075,5073237602.0,1486.79,\N,\N
2,4,1891,6,1,3,7,339280,726,6.8,3693673504,2590313848.0,4017.86,43.6,4.7
9,2,1280,6,1,3,6,22724,65,8.2,434910091,157895035.0,1470.14,38.1,22.3
10,2,1679,7,1,3,5,330468,670,8.9,5914683217,3490273598.0,3173.73,38.1,24.6
8,5,2148,4,4,4,1,87099,162,9.6,2831205254,632324797.0,86.89,31.0,510.9
8,5,2177,8,4,4,1,405764,393,9.3,14769890752,10267100979.0,4467.62,29.2,\N
9,1,918,7,3,3,4,143816,332,7.6,2028610969,732963693.0,1336.77,27.1,380.2
7,3,1807,3,1,4,2,414796,417,8.4,5606216817,4024419500.0,2710.87,43.3,13.6
9,5,2070,6,4,4,6,80391,218,9.0,2836917999,\N,2863.17,31.2,357.2
10,1,560,7,3,3,4,423726,1413,8.2,10774589473,7499161745.0,1237.57,27.1,550.5
2,2,629,6,1,3,5,23500,81,8.1,752834250,533622343.0,2975.39,44.5,3.6
6,8,1353,4,5,2,4,88520,45,4.7,995177248,627411856.0,4341.21,7.4,35.1
3,1,1912,7,3,3,4,240256,561,8.9,4259450572,2154671635.0,1689.14,19.1,629.8
6,8,1809,4,5,2,8,246124,384,4.1,2668082609,1030404219.0,4671.81,4.4,0.6
3,1,1896,2,3,3,6,323392,408,8.0,7965791744,1721523683.0,1211.3,20.1,255.0
8,1,1007,1,3,3,1,464034,1049,7.8,13258101027,\N,633.62,21.3,333.6
4,8,49,5,5,2,1,96805,159,4.2,1495811499,1086693542.0,1780.88,-2.6,47.1
10,6,1851,8,3,3,6,415680,508,7.8,10141926912,3150202296.0,4468.31,18.3,236.1
6,1,1930,2,3,3,2,411178,1142,7.3,8821700636,2965041183.0,848.81,21.8,\N
9,8,2078,6,5,2,8,450086,1368,6.2,8516707326,5050858318.0,2108.49,\N,38.8
2,5,2133,5,4,4,8,218077,348,8.3,3430024094,2540746134.0,3140.18,\N,385.9
2,7,1526,2,7,4,3,149311,312,9.0,3565098747,1543054322.0,4087.59,22.2,632.3
7,7,1570,2,7,4,3,350581,297,8.2,5352810940,2852361131.0,4530.17,24.9,700.9
2,7,329,4,7,4,6,172526,402,9.2,2982422456,1755798676.0,4959.69,28.6,831.8
2,7,434,5,7,4,8,41729,109,9.0,715068144,197210580.0,4234.09,28.2,498.9
4,6,588,2,3,3,6,389981,685,8.0,10429651864,5904541378.0,97.03,16.7,425.7
9,3,1711,4,1,4,4,250500,889,9.6,7892553600,3957947422.0,1994.89,41.9,3.8
8,8,1877,3,5,2,8,173120,119,4.6,2677335423,1700717132.0,4278.57,1.1,21.3
2,1,1273,5,3,3,2,419444,1348,8.8,5776582768,2538798299.0,4881.56,24.9,487.0
8,4,1876,8,1,3,2,205674,625,7.0,3417890532,1330984209.0,344.63,37.1,5.9
4,7,2046,7,7,4,5,458732,1151,8.9,6226140070,3269291592.0,1732.31,28.5,461.0
2,2,1599,2,1,3,1,346210,546,8.5,10873590575,3912258353.0,3271.85,46.3,1.2
10,7,512,6,7,4,7,118260,489,9.2,2097648576,1274012808.0,2073.22,22.6,788.6
7,7,1409,3,7,4,6,446306,1321,8.5,12549232108,7611578417.0,825.81,24.1,792.2
6,2,1412,4,1,3,7,273421,574,7.4,7751321297,3142111901.0,4502.39,40.3,3.8
10,6,1839,2,3,3,6,493671,1180,6.3,10894775931,6286647038.0,1555.98,21.6,297.4
5,2,1012,6,1,3,6,114658,408,8.8,1597231803,\N,1316.04,40.7,5.2
1,2,1473,4,1,3,6,120481,319,8.9,3728320689,1910747788.0,2879.51,46.5,27.2
2,6,564,4,3,3,5,93717,304,6.6,1263661284,629192990.0,4231.24,18.2,426.4
8,2,303,7,1,3,3,226097,364,7.6,4165249372,3092827970.0,2409.42,37.3,8.2
1,1,2147,6,3,3,2,405723,695,7.1,6939445619,3269424862.0,605.16,\N,317.1
3,7,1330,4,7,4,7,37948,87,9.6,747545241,202144413.0,2267.43,23.9,685.0
2,3,2090,5,1,4,3,44070,88,9.7,948148421,662922969.0,540.06,45.0,14.0
5,6,2024,7,3,3,1,437958,1459,7.3,11688573470,7503808563.0,910.63,23.8,272.1
4,4,2081,3,1,3,1,100554,184,7.1,1294361254,549464172.0,2209.81,44.7,8.2
7,6,412,7,3,3,6,338972,355,7.6,9616906817,6165825766.0,616.4,26.5,221.5
5,5,1650,3,4,4,8,275242,909,9.6,8978614233,1900480985.0,3366.95,30.3,390.5
8,4,508,1,1,3,7,118159,270,7.4,3159122655,1469973547.0,2742.12,44.0,7.5
4,5,56,7,4,4,1,496209,1993,9.8,17642413269,8343753288.0,1749.09,31.7,356.1
6,8,1748,7,5,2,3,45744,87,4.2,463597142,102926093.0,837.36,4.4,22.9
4,8,196,8,5,2,8,201850,507,6.0,2634142500,951146379.0,2589.44,6.4,52.5
2,6,1791,2,3,3,7,460993,390,7.8,13239534562,5069715976.0,4001.89,21.0,\N
1,5,1681,7,4,4,2,307189,1299,9.6,11601422649,8761907443.0,3758.94,29.3,695.4
1,4,1107,4,1,3,7,375487,915,6.8,7031820146,5349368264.0,4863.62,40.2,3.9
8,1,2185,8,3,3,5,75742,238,7.7,1979426279,\N,2526.76,20.6,266.3
4,6,539,2,3,3,2,413924,446,7.3,6484450599,4732758958.0,3175.96,23.6,361.9
5,6,689,8,3,3,2,200949,451,6.8,4495631028,2250227335.0,1255.68,25.7,420.3
8,2,719,8,1,3,4,309391,936,8.2,6086277873,1315453182.0,3870.9,35.5,11.6
7,6,306,3,3,3,2,106447,318,6.7,2205911825,1415177122.0,2525.28,26.3,315.2
8,7,1335,3,7,4,5,284095,667,9.4,9426840290,3688607928.0,2389.48,24.0,791.8
8,8,388,4,5,2,4,488017,1509,6.7,11476695789,2736654153.0,1529.09,-3.5,24.2
6,7,725,5,7,4,2,346925,1406,9.3,11724746685,6818891099.0,1625.39,\N,815.7
10,6,2040,6,3,3,4,117154,114,7.5,2292410895,737168708.0,1077.16,25.7,497.9
2,8,1890,4,5,2,7,45104,95,6.0,444093984,304273440.0,4730.28,2.1,47.2
6,8,915,4,5,2,2,287579,614,4.9,3977994033,2991403942.0,1227.91,-3.1,\N
1,1,179,1,3,3,1,64155,92,8.4,1321387704,946304890.0,241.02,21.3,465.0
1,2,1904,6,1,3,1,452869,1072,7.2,9524378512,\N,2141.8,43.1,15.4
3,3,1705,8,1,4,2,422785,1083,8.9,13113310952,3411988270.0,4844.26,49.5,0.0
3,5,80,8,4,4,7,283660,1271,9.2,9496596408,4252365978.0,200.25,33.0,310.2
5,4,447,7,1,3,4,492413,387,6.9,8915432812,6220233982.0,1328.37,43.8,1.4
1,3,766,8,1,4,5,403287,1239,8.1,10988925490,\N,1290.33,49.5,17.7
10,2,1089,5,1,3,1,66083,130,8.4,1616443046,1265077978.0,2685.91,\N,28.1
6,7,1396,8,7,4,4,141219,142,9.0,2803762026,1790490447.0,3794.63,25.0,402.5
7,7,570,2,7,4,8,249008,789,8.3,5884083940,3083273217.0,2099.76,29.2,672.6
10,7,96,6,7,4,5,469544,544,9.2,11477721353,\N,1677.52,27.5,605.0
3,1,1557,5,3,3,4,396004,925,8.0,11556980736,9047772787.0,1460.48,29.9,669.6
4,8,1284,4,5,2,2,171388,154,5.2,3377714704,794457537.0,4592.01,-1.2,2.0
10,7,248,4,7,4,1,122750,397,9.4,3686550750,2194694379.0,4706.09,21.4,512.6
10,4,2175,4,1,3,1,110126,201,6.3,1753910726,1365953249.0,2919.65,32.1,9.8
10,5,2094,4,4,4,1,427693,1803,9.2,11544631610,4560364918.0,4409.74,33.6,470.1
10,6,982,4,3,3,2,476800,592,7.6,8417808640,4662587018.0,4939.1,21.9,219.8
10,6,268,6,3,3,5,177588,365,7.0,3285555588,2420962797.0,2850.65,17.2,280.9
3,3,1664,7,1,4,8,436698,830,8.5,14728950144,8202878415.0,1523.8,40.2,14.1
1,5,1566,6,4,4,5,221566,944,9.4,4836076768,1540262952.0,1713.41,28.9,383.4
8,2,2142,7,1,3,6,288300,1001,8.0,5537666400,1513164854.0,3081.14,35.2,10.0
10,5,736,6,4,4,6,344246,725,9.8,8268720070,\N,1936.42,24.2,300.5
10,1,2119,5,3,3,7,119733,491,8.5,2303124121,997484648.0,2574.13,28.1,272.0
2,3,449,4,1,4,1,172385,665,9.1,5492030953,3225462829.0,1187.08,42.5,0.7
1,3,1934,3,1,4,6,163595,590,8.4,4569208350,2675602103.0,4968.49,49.2,4.2
8,1,1836,6,3,3,7,462791,716,7.0,5222133644,1482102686.0,1000.25,29.0,325.0
7,5,620,3,4,4,5,471972,1845,8.6,8714585402,1971638532.0,4574.42,33.2,323.0
7,7,614,8,7,4,6,157851,387,8.5,3954088624,957096640.0,4351.11,22.6,725.7
4,1,1434,1,3,3,6,439618,871,8.0,13835657696,3148978314.0,4061.44,22.4,571.3
9,7,2139,8,7,4,1,14569,26,9.9,404285379,207779896.0,4688.4,26.6,483.9
6,4,1533,2,1,3,5,212409,694,6.7,4313538249,1859625665.0,4038.35,37.9,0.1
2,1,877,6,3,3,7,347975,1338,7.9,6971470340,2723058058.0,1795.04,26.9,411.5
1,7,1134,3,7,4,1,391369,946,8.1,8105917317,6173101109.0,889.39,21.7,521.8
1,5,775,1,4,4,5,67573,276,8.3,2053854305,1072507491.0,2543.82,28.9,591.1
9,7,672,5,7,4,4,317865,1416,10.0,6757809900,4934572730.0,77.0,23.4,632.2
4,1,1631,2,3,3,1,259970,295,8.1,5041182258,3430640358.0,4747.13,22.9,383.8
5,2,2048,7,1,3,6,180515,566,7.9,2910605808,1505869431.0,4288.01,43.4,14.8
3,6,361,8,3,3,7,482645,1465,6.6,6504703194,3574231479.0,4114.26,22.5,416.5
4,1,798,4,3,3,7,256681,596,7.9,3347864614,1299405785.0,1818.67,23.1,402.7
8,6,1784,6,3,3,7,190241,537,6.7,4991391165,2804780331.0,618.36,26.0,404.7
4,1,67,6,3,3,6,197036,270,8.1,5332207935,1413814874.0,3570.03,\N,394.2
9,5,1582,4,4,4,1,98986,406,8.7,2427661345,1029506464.0,3258.25,\N,767.5
9,4,2091,8,1,3,6,362481,952,6.0,5665578030,2815425202.0,4125.18,40.6,6.4
6,4,1975,8,1,3,8,308818,406,6.8,3958429124,2009408702.0,2571.75,40.7,6.1
2,6,1837,7,3,3,3,126865,133,7.7,3432687797,2124580161.0,799.3,26.1,275.4
10,8,234,5,5,2,1,66191,98,5.4,1337150867,840251919.0,4097.87,9.9,35.7
7,8,1223,2,5,2,5,88231,153,5.2,938707255,588379321.0,3526.37,7.4,\N
9,5,1056,6,4,4,7,354900,756,9.0,7241024700,\N,4791.84,27.4,344.4
6,7,2161,3,7,4,4,259484,547,9.6,9378789696,5206199465.0,494.38,22.0,750.1
3,5,973,8,4,4,4,124772,118,9.2,3070638919,1979543008.0,2954.53,28.1,464.2
7,8,1854,7,5,2,5,431368,265,6.1,9043932077,2248170143.0,3200.57,-4.9,46.2
5,5,459,8,4,4,2,80609,119,9.3,1317908784,802545488.0,4999.49,25.1,692.0
1,2,1170,2,1,3,7,328010,934,7.1,3509608597,1175007697.0,4170.65,41.0,0.9
3,3,1381,1,1,4,6,8477,36,9.2,170872584,86639242.0,1597.17,40.7,11.9
5,8,6,7,5,2,1,432640,386,5.9,5431881728,3221453106.0,2390.33,4.4,2.2
7,8,494,8,5,2,7,153376,384,6.5,3632863936,1284367291.0,1819.65,0.7,48.5
3,1,2119,6,3,3,4,247117,381,7.7,2892257368,1431327077.0,4593.37,18.3,634.0
6,5,939,5,4,4,8,29353,42,9.4,1044626305,525651418.0,2644.41,29.5,686.2
5,5,1364,7,4,4,8,162182,402,9.6,5217330067,3290468674.0,4513.89,22.2,526.5
1,5,1057,3,4,4,5,267918,955,8.9,9387659177,7149530537.0,1841.62,24.7,753.8
10,4,143,2,1,3,4,479643,977,6.4,11545198867,5978047308.0,939.79,42.3,8.5
6,5,736,7,4,4,7,70894,97,8.8,1569649875,333253081.0,2730.52,34.3,680.0
8,8,1704,2,5,2,7,376076,248,4.2,2609365718,982782523.0,4936.36,7.5,8.8
1,1,1885,3,3,3,7,391844,750,8.8,7392999116,1755826108.0,3160.96,27.5,375.9
2,7,1925,1,7,4,7,474459,1647,9.5,8969647395,3227151990.0,322.36,20.5,483.3
4,7,1891,1,7,4,4,322967,702,9.9,7088576606,5507676957.0,217.11,29.0,724.7
2,5,942,7,4,4,7,37946,45,8.5,890535701,573451867.0,2176.8,27.8,708.0
9,1,1616,2,3,3,5,195946,594,8.9,6912896501,4009827450.0,234.84,29.8,407.6
10,2,1916,4,1,3,3,323655,1233,7.7,6429730230,5129227921.0,567.58,38.0,2.8
8,7,1969,3,7,4,4,285067,1114,9.9,7371490539,5023741376.0,3779.55,20.1,421.3
8,8,55,8,5,2,4,475312,603,4.1,5973008247,1356720463.0,3803.4,9.2,1.0
4,3,1472,6,1,4,2,16463,23,9.2,356990277,269369098.0,964.25,44.7,2.8
5,4,1059,8,1,3,3,349540,1218,7.4,6099193368,3364147816.0,4262.99,43.7,9.0
4,1,1007,7,3,3,8,373543,992,7.8,4956093815,2654607838.0,919.08,25.8,473.3
9,7,1221,1,7,4,2,2199,2,9.8,83485474,48247249.0,3833.01,29.5,773.0
2,7,566,6,7,4,5,130514,225,9.5,4725194113,1211264406.0,3031.95,\N,894.0
8,6,771,1,3,3,7,416934,593,7.9,8860264434,\N,4289.6,21.7,586.2
2,2,1798,1,1,3,8,454676,1041,7.6,12146214663,6865283401.0,3779.33,36.4,3.4
1,3,1879,5,1,4,8,420392,393,9.3,10352741548,3435653124.0,51.64,48.0,16.4
10,3,878,7,1,4,7,125643,213,8.5,1831560832,721260816.0,350.67,47.8,17.2
3,3,514,6,1,4,6,287933,590,9.3,4415654108,1442665314.0,209.26,41.7,10.1
9,8,1618,4,5,2,7,51737,39,5.5,791627837,365540693.0,4175.99,5.8,5.4
3,1,422,1,3,3,1,346015,1333,7.8,7208807307,5012013768.0,2999.87,23.5,276.9
9,2,1976,4,1,3,5,122616,357,7.4,3441610411,\N,4841.61,47.5,2.8
7,5,517,2,4,4,3,83817,279,9.0,2437314543,1302837304.0,1973.01,25.5,534.2
10,6,2033,2,3,3,6,367122,988,7.5,8733832380,5516211035.0,935.37,21.4,520.6
1,2,705,8,1,3,5,113532,437,8.3,2349192790,627714587.0,1733.19,45.0,16.7
10,2,1674,8,1,3,3,488723,1365,7.4,13645243904,9729414104.0,1389.94,36.1,18.9
5,7,2092,5,7,4,6,320412,1067,9.0,5037837876,2997417036.0,4250.36,26.2,879.2
9,2,858,8,1,3,2,443896,566,7.1,10551763036,6243447885.0,1366.72,35.2,2.0
3,1,219,4,3,3,4,33958,95,8.0,446343952,188308635.0,710.48,25.4,269.9
9,6,568,3,3,3,5,376361,663,7.3,10940287364,4303279842.0,1698.32,16.2,372.2
5,1,1778,5,3,3,7,8398,34,8.5,252053373,196896063.0,3998.77,29.1,298.6
9,6,258,1,3,3,5,98283,279,7.4,2767354431,1271135153.0,2033.41,22.7,559.8
10,6,1537,2,3,3,6,319759,313,7.0,5378666139,2438998428.0,3095.0,\N,525.7
6,7,961,8,7,4,4,119198,177,8.8,3141582488,2158988928.0,1067.1,22.9,781.3
9,1,1401,7,3,3,5,167919,389,8.5,3712437211,2878805828.0,423.05,26.6,383.7
7,6,893,2,3,3,7,240895,169,6.7,4595048035,2949739896.0,1208.41,27.5,574.9
7,2,972,3,1,3,5,339896,816,7.2,8903099865,4227638434.0,4108.11,38.8,11.2
8,1,103,5,3,3,6,492219,1281,9.0,16997798727,5139169245.0,3455.72,18.7,497.6
7,6,1108,4,3,3,8,186116,192,7.5,3960083190,1317863532.0,456.7,25.8,351.5
9,8,1956,7,5,2,1,75003,106,4.3,599228968,302301314.0,1112.96,7.6,41.1
9,3,1050,2,1,4,6,119754,355,8.0,1816428672,506360235.0,1196.13,46.4,6.9
6,1,1759,1,3,3,6,346629,1181,8.3,10762934438,6421786338.0,1444.99,26.6,337.0
7,7,1446,3,7,4,8,452838,1680,8.7,7619361620,4752665610.0,3316.7,25.2,605.0
2,8,1678,3,5,2,6,468072,1086,6.6,7451331782,3599472095.0,867.13,-3.5,0.1
9,8,1322,6,5,2,1,392730,435,4.4,3404183640,1875235142.0,634.55,5.6,1.2
1,4,1079,3,1,3,7,131612,130,7.3,3744111337,2502361564.0,2586.32,30.9,1.5
1,1,56,1,3,3,4,117432,379,8.2,2239804022,1393086929.0,1668.68,18.3,\N
3,8,1015,3,5,2,2,58142,64,5.5,512608943,\N,1148.92,-4.2,47.7
6,1,831,8,3,3,5,176836,395,7.6,3533254014,1982518170.0,911.76,19.2,475.6
5,1,920,4,3,3,8,252322,735,7.1,4906880701,2473794333.0,1342.84,\N,472.7
2,6,457,6,3,3,6,484286,967,6.3,8185837829,4938559785.0,240.44,24.2,454.2
9,1,132,8,3,3,5,197986,706,7.7,5605557819,3353206227.0,1594.75,20.8,268.1
10,4,493,4,1,3,2,293027,1049,7.2,7783031541,6147097736.0,1947.02,40.9,5.0
4,5,1578,7,4,4,5,76038,99,8.8,2592226665,643397928.0,1167.36,27.7,569.2
4,1,1888,5,3,3,2,124168,397,8.9,2325120300,1014658115.0,3244.05,18.2,618.2
5,3,2158,5,1,4,4,450271,525,9.2,6454004405,\N,4301.15,47.6,19.1
8,4,582,7,1,3,4,326646,336,7.5,8150634315,1837585819.0,3707.23,43.0,5.2
10,5,796,8,4,4,8,245595,606,9.2,4320114288,2094607452.0,1032.89,26.3,574.6
4,6,1884,7,3,3,2,320370,853,7.9,6431075343,\N,696.81,26.9,282.5
5,1,1203,8,3,3,2,329630,1174,7.3,4661001163,1407053003.0,4625.66,29.0,413.7
4,5,1949,8,4,4,8,393588,1435,9.1,11386067893,4263303801.0,2299.33,27.2,570.1
6,3,810,4,1,4,8,388939,800,8.3,11411664729,\N,4327.46,49.8,6.5
3,4,773,1,1,3,3,186097,272,7.7,2564974951,992444914.0,3275.99,34.2,0.5
8,4,1125,6,1,3,1,52247,107,6.6,527590205,160934048.0,3664.48,40.1,4.8
6,6,573,5,3,3,7,390126,1005,6.0,8972117748,4023638763.0,1014.53,20.9,598.9
10,6,1207,8,3,3,1,479225,400,7.6,9130769770,3771281201.0,3975.79,16.5,294.9
5,6,809,3,3,3,6,107325,139,6.1,1173191040,921874059.0,2046.28,17.5,\N
2,5,879,7,4,4,5,110050,200,9.9,2802181140,1747482518.0,1879.99,30.9,432.6
10,1,1742,4,3,3,5,11227,28,7.4,304155147,162592596.0,3099.23,20.9,671.5
10,2,830,2,1,3,2,316705,663,7.3,5338284468,2170639204.0,1420.85,\N,5.2
7,8,1716,1,5,2,6,367573,621,5.3,6126890550,4393530467.0,1384.95,0.2,13.2
2,4,2152,1,1,3,2,392139,777,7.5,10137773497,2285497003.0,438.37,35.7,4.8
1,2,1150,4,1,3,8,499719,996,7.2,11247275476,3708977911.0,2011.71,44.7,28.6
7,7,1570,8,7,4,8,173551,492,9.0,2538183375,1476901830.0,3070.15,22.9,565.8
5,4,677,2,1,3,1,77736,191,7.1,1040379756,210913350.0,1357.06,37.4,8.2
1,8,945,1,5,2,6,317337,458,4.7,4319337374,2505055909.0,4479.55,6.0,45.6
4,6,1834,6,3,3,8,210418,553,6.9,4001392855,2943726471.0,4877.69,27.9,510.0
4,8,801,5,5,2,6,467222,237,4.1,6787006938,2705038804.0,770.11,3.3,34.8
10,1,1142,6,3,3,5,464533,1040,7.7,11295863147,8942265527.0,2649.78,19.2,277.5
7,1,1116,2,3,3,8,315617,706,7.7,9103719871,5846699223.0,1543.72,28.6,510.0
9,4,1636,6,1,3,8,177061,157,6.6,2850221741,1170197266.0,1998.05,39.1,2.3
2,5,2032,3,4,4,7,129058,392,9.4,2246744910,833528884.0,2244.96,30.7,402.5
1,7,1509,7,7,4,1,198935,747,8.3,4043692064,2625887920.0,2281.15,28.4,463.9
2,8,1111,7,5,2,4,332291,765,5.7,3024811743,673951831.0,1918.52,0.3,5.9
7,6,234,5,3,3,1,441802,636,7.5,7382511420,3281655576.0,1817.41,24.4,313.4
10,1,913,2,3,3,1,173151,172,7.8,3114432406,1691794629.0,431.62,22.4,476.5
6,7,1148,4,7,4,2,263332,1195,9.8,7816799754,1805727388.0,1972.78,28.6,827.4
4,7,1227,8,7,4,5,141876,637,9.5,4897985148,1565094521.0,4943.04,22.0,650.8
1,1,1056,1,3,3,7,13362,17,8.0,385146288,101916468.0,2319.34,24.1,584.0
1,3,1575,5,1,4,4,247079,929,8.9,4127528818,\N,1882.56,47.7,6.7
5,8,94,4,5,2,1,334396,265,6.8,6823952292,4669745226.0,3817.97,1.2,10.9
1,7,1546,2,7,4,1,477887,1383,9.4,12510603773,5723393892.0,4456.38,22.3,405.7
7,1,1751,3,3,3,2,445169,1320,8.9,15257677789,5439563831.0,3328.91,21.9,414.4
1,3,58,1,1,4,6,471087,1310,8.1,6574631498,3920608076.0,1832.78,49.8,1.2
1,1,1043,1,3,3,3,101464,350,7.4,2811120998,1449664179.0,2050.02,27.0,679.6
2,1,357,5,3,3,5,448516,1597,8.4,11717031984,6578214615.0,2121.64,29.4,342.2
10,7,2165,4,7,4,5,469686,1074,8.8,13371021048,7188685007.0,561.37,20.6,532.7
3,5,1160,7,4,4,5,371438,1090,9.7,13651572245,7389252299.0,2709.34,29.8,753.5
1,5,296,2,4,4,1,293913,956,9.4,5942744512,3717499075.0,967.81,27.3,564.2
9,6,525,2,3,3,8,98064,325,7.3,1869129259,428116251.0,3357.02,15.5,380.6
10,8,1125,4,5,2,1,202770,134,4.5,2744694720,978580100.0,3803.15,9.3,65.1
8,1,1618,1,3,3,1,487382,684,7.9,11878230413,6147339977.0,2960.04,26.7,319.0
5,8,1624,8,5,2,8,230830,207,5.9,5206532231,1515663425.0,1428.52,5.2,31.7
2,6,1129,4,3,3,6,236329,305,7.6,5997179235,1752684030.0,4110.84,27.2,393.8
5,6,1666,6,3,3,3,479577,1338,7.3,6203616241,1257159947.0,1049.37,17.2,583.9
6,6,1550,7,3,3,1,489128,859,6.8,10709946688,8542117747.0,1132.18,24.1,591.5
1,6,401,2,3,3,8,309517,773,6.7,3564800144,1938212869.0,727.38,20.5,426.9
4,4,1596,8,1,3,5,349312,544,6.1,8329309708,3169425857.0,3810.01,\N,5.3
9,7,1990,4,7,4,6,335592,1308,9.6,9687601382,4375403730.0,2745.69,25.0,441.6
2,7,529,1,7,4,8,307974,1072,9.3,11385028845,\N,593.1,22.7,736.2
5,4,64,5,1,3,8,214739,230,7.7,3996486055,\N,2974.97,34.7,\N
1,1,102,8,3,3,8,439310,739,8.0,6269832320,4425938755.0,4298.55,28.7,359.7
4,4,1181,6,1,3,5,9965,17,6.2,218402905,102386404.0,2286.62,38.7,8.6
4,1,1819,1,3,3,2,335066,974,8.4,4463883278,2760998319.0,4160.98,20.7,339.5
6,5,1414,3,4,4,3,360960,1177,9.9,12893202432,4178715509.0,4683.11,23.9,514.5
10,7,399,3,7,4,4,319271,861,10.0,10251791810,2768186284.0,1369.63,29.9,667.3
9,2,405,4,1,3,1,398421,533,8.5,5110346956,2436506262.0,2843.42,37.6,11.2
3,3,2083,7,1,4,7,445107,1248,9.9,11602470636,8881862139.0,4461.9,45.6,8.9
9,7,377,7,7,4,4,165037,665,8.2,3315593330,2460233604.0,3068.21,22.9,798.3
6,4,220,1,1,3,1,133638,222,6.6,1524114662,662092163.0,2206.46,43.1,2.7
7,4,1922,1,1,3,3,367862,1037,6.1,6004832143,3263454797.0,3001.63,37.4,0.6
10,5,1541,2,4,4,3,169014,385,8.0,2886759120,1916620993.0,3747.2,33.6,522.2
2,4,1607,5,1,3,8,494093,400,7.4,8201054432,5160847064.0,1409.5,38.3,5.6
10,1,753,6,3,3,5,323065,1158,8.5,4896211607,2473519664.0,757.8,28.9,609.2
6,1,1887,1,3,3,3,478848,1163,8.7,7523755545,5126077616.0,988.63,20.9,401.4
6,2,680,8,1,3,6,162017,594,7.8,2590651829,817239939.0,3650.11,35.8,3.4
2,2,748,6,1,3,6,168153,545,8.7,2526482009,773559045.0,600.47,40.8,15.2
2,7,1322,4,7,4,7,99854,402,8.5,3240561862,1090489909.0,1651.05,25.4,439.7
2,2,1767,2,1,3,4,297564,1026,7.8,6712329686,4344708556.0,4177.05,45.4,28.3
10,1,55,7,3,3,8,422219,565,8.4,7139385514,5481915728.0,4431.53,22.9,680.2
1,8,694,6,5,2,4,172029,424,5.8,1680241648,1194189989.0,4841.52,-4.2,52.7
5,6,534,6,3,3,3,175363,411,6.4,2722756083,1834094884.0,3061.17,16.2,345.9
8,6,1819,6,3,3,8,311050,425,7.0,6364394050,3002117632.0,1232.77,18.9,302.3
2,2,105,6,1,3,4,158498,544,8.2,4103101125,1870842854.0,3342.82,39.5,18.5
5,2,911,6,1,3,6,472575,879,7.9,6178681837,4939815393.0,985.9,36.5,26.6
8,1,450,7,3,3,1,55439,55,8.6,1829863985,\N,1240.87,18.4,325.8
10,5,1469,2,4,4,2,77376,105,9.5,2230208448,1218660657.0,4647.23,34.6,720.8
5,7,1416,4,7,4,7,232965,430,8.4,7252293636,3120406237.0,98.26,29.4,\N
2,4,812,6,1,3,6,53293,78,6.3,587219579,258062523.0,2769.46,40.7,1.1
3,7,390,6,7,4,5,420981,1383,9.3,6538255911,3048444045.0,338.74,26.4,505.0
6,3,1236,4,1,4,2,673,1,8.7,13138844,8566828.0,1152.68,40.5,1.2
5,6,1709,1,3,3,4,206724,637,6.8,3799669809,2480360758.0,1802.01,25.9,252.1
4,8,1745,1,5,2,5,106058,116,4.2,999129994,269246757.0,587.34,9.3,17.5
4,6,1146,7,3,3,7,217395,446,6.2,3376361745,1722797955.0,221.16,21.1,237.5
5,1,2189,2,3,3,2,204618,687,8.3,6397606849,4238499342.0,1809.81,20.6,\N
2,7,1476,2,7,4,2,345012,1572,9.9,6657041041,1439265420.0,2583.78,26.1,858.1
9,8,1856,5,5,2,4,14889,21,6.9,355870922,173133398.0,4043.59,-2.4,57.6
2,1,1750,2,3,3,5,321438,1382,8.9,4811862572,2358755329.0,1722.96,25.4,\N
10,3,1584,7,1,4,8,258625,964,9.5,5763975375,3841646194.0,1589.23,42.0,19.1
2,8,1320,4,5,2,6,6335,11,5.4,73480932,58678754.0,106.37,0.9,25.7
10,7,843,6,7,4,6,289706,738,8.5,7178190415,3703176948.0,3104.01,28.8,662.3
9,8,1605,4,5,2,5,148737,352,5.6,2073988728,1274031729.0,3839.86,6.3,36.6
3,3,1306,7,1,4,2,217060,515,9.1,4230976932,3378867563.0,67.83,43.0,3.9
10,2,952,5,1,3,5,418463,378,7.5,11835179797,6594585138.0,78.08,35.2,13.3
7,7,552,3,7,4,7,293913,641,9.8,8929076940,1972617899.0,4336.85,25.9,870.8
4,3,2005,7,1,4,6,143533,255,8.1,3114651746,1812027967.0,1423.87,45.0,10.2
6,4,1120,7,1,3,5,387932,657,7.1,9047932002,3121267783.0,2653.43,34.4,5.2
4,4,2022,3,1,3,1,248543,330,7.7,5934635191,3705452755.0,3311.88,36.5,5.8
10,6,1097,4,3,3,4,115620,85,7.2,2250982656,\N,3241.23,24.2,326.2
7,4,1837,3,1,3,6,480771,1221,8.0,15250056120,\N,2818.45,34.2,0.0
1,7,1809,7,7,4,4,388309,1608,9.9,12539973184,9366543342.0,1043.04,20.8,566.9
3,4,1705,7,1,3,1,202053,359,6.2,3492607336,2298249451.0,3799.38,\N,\N
3,4,1125,3,1,3,7,96227,115,7.9,1287007256,944192950.0,2865.89,44.4,0.5
1,8,1383,8,5,2,7,251965,125,4.9,4459478142,2821757445.0,1644.16,-4.8,46.0
6,2,1771,7,1,3,2,489158,486,8.2,14343677865,7957899668.0,3477.04,40.8,28.5
9,6,1642,5,3,3,3,393489,1151,6.4,8171979552,1655039243.0,798.08,27.3,269.9
8,1,35,7,3,3,6,35127,97,7.2,693491284,297457171.0,1865.61,24.9,269.5
7,6,904,7,3,3,2,59194,72,7.5,1051729395,568738597.0,1030.8,27.6,240.7
10,6,396,6,3,3,1,4419,6,7.1,77339128,\N,1834.79,24.1,501.1
8,6,207,2,3,3,5,470118,1008,6.1,5629333967,2874589241.0,2792.43,22.1,430.4
6,3,1781,2,1,4,1,105194,189,9.5,3146931107,1303704666.0,2320.72,47.4,7.4
9,1,1629,3,3,3,4,295960,369,7.5,8563602600,4511687022.0,2876.36,29.0,333.2
3,3,1330,1,1,4,5,447928,1038,8.6,13124379985,6583368965.0,1549.54,44.2,14.9
10,2,1650,5,1,3,2,380906,1432,7.6,7069310635,2462531141.0,495.6,42.1,19.0
10,2,1560,6,1,3,5,323626,552,7.3,4410731116,1823916238.0,616.99,35.1,11.4
9,5,805,6,4,4,4,262810,639,9.5,6990746000,2709635587.0,1847.35,32.7,682.2
4,5,252,3,4,4,1,405668,541,9.5,12039414904,8309079697.0,2127.32,30.9,378.1
7,8,1291,1,5,2,7,19284,29,5.2,274156771,71151060.0,3618.3,4.4,72.0
9,2,209,1,1,3,2,162994,460,7.0,2478160776,677784292.0,1494.54,45.7,12.0
2,2,955,6,1,3,3,200278,433,7.6,4376074299,2993851539.0,3565.21,46.0,19.0
2,3,2028,5,1,4,7,43107,172,8.4,1029446888,447180812.0,3062.37,46.6,7.4
9,8,835,2,5,2,8,380521,719,4.9,4976491690,2025716093.0,1458.39,8.6,15.7
3,2,956,6,1,3,3,454805,1050,7.9,5964312770,3018278887.0,4880.03,43.5,21.7
9,7,514,8,7,4,1,127828,297,9.2,3922018695,1652443216.0,1373.0,22.4,492.6
5,1,580,8,3,3,2,330801,1066,8.6,6014094500,1610287253.0,2673.42,18.5,434.2
6,3,1938,7,1,4,7,456680,533,9.6,8071179648,2533896517.0,4214.06,49.3,5.1
2,2,1172,6,1,3,7,298813,1116,7.8,5710316430,2409129113.0,1125.1,38.3,7.6
8,3,1998,7,1,4,2,367414,1106,8.8,9211509876,6826429529.0,385.94,41.4,4.3
9,3,1666,4,1,4,5,146865,472,8.4,3902085558,1820844887.0,2471.01,47.3,12.7
2,4,2131,1,1,3,7,96229,303,6.6,1596034948,1128419746.0,3108.5,31.8,1.9
6,8,1643,4,5,2,6,203280,338,4.1,2989577975,1222856625.0,670.2,1.1,70.1
6,5,1212,8,4,4,1,242902,254,9.5,4068244147,2203356042.0,580.85,30.3,354.3
8,8,617,4,5,2,5,1042,1,6.7,14193186,4419434.0,455.1,9.0,2.5
10,3,1498,5,1,4,1,468783,646,9.1,13045199567,3893118487.0,3304.34,46.4,10.6
5,8,507,8,5,2,4,292890,279,4.1,4736148456,2081870391.0,4673.5,8.8,14.6
9,6,1295,6,3,3,1,254402,758,6.3,3909064811,2627286393.0,4626.94,\N,434.3
1,7,622,2,7,4,5,45044,82,8.0,1246457568,631162634.0,4052.11,27.0,853.4
9,7,1952,8,7,4,2,369707,482,8.1,9648687227,3701244798.0,1902.26,26.5,583.8
10,3,1460,7,1,4,8,249798,1035,8.6,4043030589,1989156023.0,2878.09,43.4,18.7
7,6,293,7,3,3,1,384344,487,6.7,4094416632,1734850509.0,4999.38,22.9,321.5
4,7,655,5,7,4,7,339117,955,8.7,6290077762,1264481604.0,4174.74,24.9,862.4
3,4,2108,1,1,3,8,290894,348,6.9,6519283612,1874716955.0,478.91,36.5,8.9
10,2,1622,2,1,3,2,418217,1217,7.3,6344100959,1518982527.0,60.69,45.3,0.8
6,3,785,6,1,4,4,187066,421,9.5,6454525264,2945784733.0,1953.11,46.8,15.6
1,4,767,8,1,3,3,100564,214,6.5,1708682924,805718135.0,183.39,38.2,\N
3,8,519,3,5,2,8,76457,151,5.7,1263398405,374188403.0,3818.65,-2.0,35.8
2,1,2131,2,3,3,3,333953,558,8.7,7655705548,2874185427.0,3062.98,18.1,397.4
9,8,28,7,5,2,5,250205,415,5.4,2504952378,1971695795.0,3328.25,1.0,\N
3,4,266,5,1,3,1,211574,538,6.5,4934328828,1025145391.0,4622.98,32.2,1.0
2,5,1307,5,4,4,4,380033,1120,8.5,9513176072,4175220791.0,4926.86,30.6,736.4
4,5,980,4,4,4,4,476664,1187,9.5,8594728584,6413706414.0,1646.49,26.3,477.0
2,2,1724,8,1,3,2,64836,83,8.4,1345217328,735847991.0,740.96,40.1,15.6
1,8,811,6,5,2,6,268954,877,6.8,5497634923,1772194325.0,180.74,8.6,7.7
6,6,581,3,3,3,7,430964,1383,7.0,9870799456,7514504279.0,4361.47,21.6,241.3
10,2,1862,6,1,3,5,217195,636,7.6,4054074992,2047963016.0,1480.92,41.0,\N
8,7,611,2,7,4,4,407582,1586,9.6,8612044627,3748310050.0,216.93,23.4,618.9
10,6,193,3,3,3,1,204367,629,6.8,2493113906,1731927566.0,3005.41,20.5,536.6
10,6,451,6,3,3,4,378073,842,6.1,5145233264,2925638606.0,2035.07,18.3,357.0
2,6,1206,4,3,3,3,19118,53,7.6,393899624,253330539.0,4360.56,21.9,204.6
9,6,932,3,3,3,5,182337,242,7.3,4178197653,1096963218.0,554.75,22.1,512.4
3,5,1351,3,4,4,2,331716,1099,8.8,9598003430,5562541033.0,2996.69,27.4,375.3
8,8,1629,2,5,2,7,442626,1264,6.6,7405575605,\N,3959.04,8.4,2.0
8,7,203,3,7,4,1,17441,74,9.0,425229021,143830915.0,4336.78,27.7,556.1
3,5,402,4,4,4,3,178170,527,8.6,4730092794,2353228726.0,404.28,26.0,770.2
3,3,2028,8,1,4,4,145565,585,9.8,2342373754,1600134141.0,3924.49,45.5,11.9
6,7,1668,1,7,4,5,291430,722,10.0,7070091800,4255987735.0,3988.3,28.7,682.7
1,5,1670,1,4,4,5,40698,129,8.2,1002839417,589226710.0,1346.08,\N,477.5
4,2,890,5,1,3,1,448930,1334,7.1,8570926667,4349148472.0,1540.19,36.0,14.0
1,5,179,1,4,4,2,359918,770,9.0,11211085782,3994974192.0,4606.94,24.9,382.2
3,7,1722,2,7,4,3,239435,288,8.5,3962529532,2920522967.0,3156.72,27.9,452.8
9,7,1980,5,7,4,6,214349,446,9.6,3547561689,2745517126.0,200.81,21.5,540.1
5,2,1570,1,1,3,2,454081,1645,8.7,15576840032,10593751551.0,4099.55,46.8,18.7
5,1,926,1,3,3,7,258786,957,7.9,7909819968,2726285014.0,4855.55,23.1,403.7
4,8,1427,5,5,2,7,329990,480,6.7,6133128142,3135538440.0,2082.96,-3.2,78.5
3,7,2045,2,7,4,1,281384,1151,8.6,5805345857,1488202765.0,3773.21,22.1,826.6
5,5,1417,5,4,4,1,178509,496,9.4,4310742437,1415841160.0,3631.89,27.1,477.1
4,2,351,7,1,3,3,211459,893,8.5,4696610119,3526443456.0,2038.71,36.5,19.2
8,6,187,8,3,3,5,184789,462,7.4,2431305830,619846851.0,2294.63,21.3,443.0
4,8,1433,7,5,2,8,340529,377,6.8,5927928831,4457126831.0,3123.26,\N,79.0
8,7,2119,2,7,4,5,29877,115,9.7,914050962,191296752.0,911.81,22.2,456.9
6,8,1968,2,5,2,3,425780,460,4.6,7673747783,5295070900.0,2557.76,5.7,12.0
5,8,309,6,5,2,2,290659,683,7.0,7574864199,2242393137.0,1712.11,\N,42.0
4,4,427,4,1,3,7,315302,420,6.5,4051788351,3231002889.0,466.84,34.9,1.8
4,8,531,1,5,2,3,54039,142,6.8,1326916837,885962379.0,1042.5,5.3,27.0
4,6,248,6,3,3,6,351894,293,6.2,6911761190,5179865726.0,2532.52,21.1,261.2
9,3,216,1,1,4,8,124126,370,9.2,2510026321,1011762817.0,4542.89,45.1,17.2
4,8,713,6,5,2,5,89355,85,6.8,1004385942,796793049.0,4310.23,3.6,51.0
9,7,438,8,7,4,8,115428,525,9.8,1962622284,1103782570.0,4592.56,28.4,754.0
10,2,1793,3,1,3,2,14136,16,7.0,206809680,126592894.0,1260.12,43.0,16.3
6,6,1642,7,3,3,4,81770,153,7.6,2421176992,\N,4142.68,21.2,216.9
10,5,383,8,4,4,2,87440,141,8.1,2503713240,1901546465.0,1750.22,22.3,320.3
7,5,981,5,4,4,7,205020,779,9.8,5027008392,2344883665.0,4813.26,27.3,614.1
10,7,1295,6,7,4,8,444020,503,9.0,7568764920,\N,1339.84,\N,808.8
3,1,121,7,3,3,5,91564,138,8.5,1326212976,568460912.0,1692.22,20.4,651.2
8,4,407,4,1,3,1,392814,1057,7.5,5668306020,2439943957.0,95.64,39.2,9.1
3,7,245,1,7,4,2,47228,79,8.8,821238246,531189516.0,4616.33,21.6,466.9
1,2,66,3,1,3,7,381271,1077,7.4,10315058142,5127729949.0,3088.36,37.3,11.2
10,6,228,4,3,3,8,96195,123,7.7,1503624045,509751999.0,1595.26,26.9,322.5
5,4,882,2,1,3,8,134146,364,7.5,2322067260,826078047.0,762.67,35.0,0.6
2,1,2185,8,3,3,2,424253,1072,8.8,7955931658,2581238410.0,3246.29,25.7,630.2
10,7,706,1,7,4,8,315096,300,8.7,8333659007,4724460642.0,524.88,27.9,823.4
6,3,658,7,1,4,1,126595,427,9.8,3126390120,2439165739.0,768.69,43.1,8.6
10,4,1513,6,1,3,5,40215,83,6.7,690845442,364416035.0,2555.32,41.6,6.1
9,1,930,5,3,3,4,40169,74,8.2,504619045,103030183.0,704.16,\N,326.7
1,7,1728,4,7,4,4,247336,946,9.1,3612465948,1841552786.0,499.51,27.0,417.4
4,8,1181,7,5,2,7,131906,230,6.4,2440577574,\N,3484.64,9.8,31.4
1,7,958,3,7,4,3,144758,366,8.0,1876063680,\N,2332.75,27.1,434.2
1,2,1040,5,1,3,4,193670,718,7.7,5049402974,3190289839.0,295.91,45.1,\N
8,7,1102,2,7,4,4,47132,145,8.3,1304637326,725967519.0,287.66,25.5,663.7
2,3,2100,5,1,4,2,154392,178,9.7,5078369738,2841306161.0,4804.26,40.7,13.2
1,7,514,7,7,4,3,257763,1016,9.1,4050925979,2047623759.0,318.14,29.8,676.2
8,5,744,7,4,4,4,177070,284,9.5,4207094665,2913662086.0,2250.01,31.7,423.2
4,1,1406,3,3,3,2,329910,1093,9.0,6597540180,4086305609.0,1977.02,19.8,515.9
3,8,1833,2,5,2,3,169595,482,6.4,2411776576,1275592411.0,2539.67,0.7,\N
4,5,543,3,4,4,2,228427,885,8.5,3494933100,\N,4408.16,29.1,746.7
5,7,2099,7,7,4,8,233729,338,8.9,6827177344,\N,3396.21,27.5,862.4
1,3,1712,1,1,4,1,215216,574,9.2,3490717433,2621744369.0,3902.7,46.5,11.2
1,1,1928,3,3,3,5,492822,1016,7.5,14049123165,8264974468.0,2171.83,25.8,357.7
3,1,355,8,3,3,5,1411,3,8.7,45223678,32701275.0,2846.52,22.0,333.8
6,7,1229,5,7,4,5,356922,439,8.3,11248432522,7405327203.0,387.83,23.1,687.8
1,3,1755,7,1,4,4,96476,325,9.0,1718334036,929906009.0,407.03,45.5,10.5
2,2,248,1,1,3,5,388502,1187,9.0,10863681426,5674840264.0,4354.38,42.6,\N
7,8,533,1,5,2,5,425467,1061,6.0,7689039624,3812845499.0,2559.8,8.6,15.6
1,1,2089,4,3,3,8,423343,1439,7.2,5465188792,3015342348.0,589.36,26.2,297.2
7,8,790,5,5,2,3,179455,174,4.1,1549522142,863399576.0,420.77,2.6,70.5
4,3,1301,5,1,4,7,421796,1377,8.6,5778520840,2896304893.0,4601.71,43.0,17.8
10,4,1948,2,1,3,3,499041,1238,7.8,6391517511,4637408089.0,894.4,32.3,3.6
6,5,1095,3,4,4,6,205635,834,8.5,5771557545,4015659710.0,2186.51,25.9,497.4
8,1,1359,6,3,3,3,490598,1508,7.4,13098574121,7952267151.0,3924.16,21.0,428.0
9,4,308,3,1,3,4,57839,77,7.2,1565817408,648986433.0,4342.57,39.3,3.1
6,1,1451,5,3,3,7,211255,377,8.1,5720426266,\N,4328.39,25.5,653.3
9,2,2124,3,1,3,6,209814,461,7.3,5541481479,2546212858.0,4422.89,45.9,21.5
4,7,787,5,7,4,6,390944,610,8.1,12137755651,8481267898.0,794.13,21.1,839.1
6,3,1549,7,1,4,5,176412,424,9.3,3670092889,1474030624.0,2170.01,42.5,13.4
8,1,1899,1,3,3,4,234208,528,7.5,3607974240,1108947512.0,3317.16,28.8,367.0
9,3,1665,3,1,4,7,440624,1697,8.1,13687323624,5565971511.0,4511.03,43.6,19.8
3,6,2133,7,3,3,7,182739,179,7.6,2302657591,1176501327.0,2170.23,19.5,243.2
2,1,1186,3,3,3,4,430143,1465,8.0,5251185744,3809968960.0,3124.86,21.0,272.9
6,2,1395,5,1,3,8,209901,423,7.0,5552511153,3070790661.0,4801.17,43.3,25.0
4,2,215,7,1,3,4,472520,1819,8.5,14804524120,4952899904.0,4822.74,44.8,4.2
1,7,377,5,7,4,4,230274,222,8.1,5045418477,2645171909.0,3349.2,21.5,550.8
8,7,1207,2,7,4,4,109654,296,8.3,2478279088,\N,2540.6,23.7,522.6
9,4,410,3,1,3,4,77622,217,7.8,979015237,335038538.0,2883.74,34.4,0.1
9,2,216,4,1,3,8,474542,1850,8.3,12083927304,8935982260.0,4511.06,40.8,13.3
2,3,752,8,1,4,6,283125,743,8.2,4290363000,2535522354.0,3481.53,41.7,17.1
9,6,349,5,3,3,5,16493,48,6.8,358551222,236841872.0,1243.9,20.4,498.5
7,8,654,4,5,2,3,418169,1353,6.6,6160131172,2934383326.0,1014.24,0.3,49.2
5,2,1775,1,1,3,6,323244,601,8.2,4235660078,1117455269.0,877.36,43.9,4.8
7,1,3,1,3,3,2,295427,1130,7.7,8944466022,7022558145.0,3003.78,29.6,484.0
9,8,1118,8,5,2,7,37642,40,6.3,796331566,236505792.0,3196.43,4.3,5.1
8,8,1083,4,5,2,2,55122,125,6.1,1263605703,427051084.0,443.11,-0.3,4.9
6,2,407,6,1,3,8,105317,284,7.5,1433627662,1028071920.0,3746.51,37.0,4.2
4,6,2066,1,3,3,2,444444,513,7.6,8528880360,6459466246.0,2779.58,19.0,382.3
1,3,1518,4,1,4,7,426385,497,8.6,8034202001,2810610676.0,1530.82,49.2,0.5
6,1,751,2,3,3,1,144822,429,8.7,2010882434,1256983720.0,4784.32,24.8,429.2
3,4,1896,2,1,3,3,60778,116,7.2,1533793608,814181812.0,2497.1,31.6,7.7
6,4,888,1,1,3,5,123757,130,7.9,2885134565,1458515258.0,2413.14,36.7,6.1
6,4,1013,7,1,3,4,398890,1151,7.2,10571861448,4840876301.0,2238.2,31.1,3.2
4,7,169,4,7,4,2,293571,352,8.4,8194506037,2385417902.0,2820.61,26.5,446.8
2,1,1696,4,3,3,7,440951,1648,8.8,6569464378,1919953806.0,286.66,19.0,506.8
9,8,849,8,5,2,3,382817,258,4.8,4862082153,3518158328.0,283.07,9.2,28.2
2,4,1705,8,1,3,5,10071,23,6.0,127378008,64835506.0,2337.62,30.6,4.1
3,7,941,4,7,4,2,186639,827,9.9,5271562563,1896406962.0,3838.15,28.5,642.7
10,2,206,8,1,3,3,260773,990,8.6,7898605551,1742584776.0,2621.0,\N,14.9
1,8,1893,6,5,2,7,470757,1242,6.6,6931708522,5285433681.0,4613.5,-1.7,33.3
7,1,521,1,3,3,6,124133,176,8.1,3957558652,2608720517.0,3203.07,26.2,542.3
1,1,1018,6,3,3,8,34575,72,7.2,410502060,233473131.0,92.06,\N,464.2
9,1,2163,4,3,3,5,10350,22,8.9,303518925,144095500.0,2264.89,22.4,\N
1,5,2135,5,4,4,7,70568,161,8.1,1394134351,429869988.0,2782.2,26.3,407.0
5,7,743,4,7,4,6,400822,1485,9.3,13184678950,4416379113.0,131.48,24.7,\N
7,8,1722,5,5,2,8,497933,1190,5.4,4310207634,2897677149.0,578.12,3.4,45.0
3,3,450,2,1,4,3,234650,817,9.6,3829488000,2806273465.0,4992.99,47.0,12.3
9,5,786,5,4,4,4,498234,520,9.9,10008076181,6021090196.0,3394.06,31.5,357.6
8,5,2,2,4,4,3,98857,143,9.6,2321320531,1499389092.0,3394.49,24.9,675.3
3,5,1102,8,4,4,3,322048,631,8.3,9294015436,2853610983.0,2869.97,29.2,354.8
5,3,1348,1,1,4,8,87915,354,8.7,2048296418,434535732.0,4485.4,49.4,9.4
7,5,1122,7,4,4,1,233518,726,9.1,3574273211,1068706459.0,1478.05,32.4,409.3
4,4,2158,7,1,3,4,63223,189,7.1,1497474688,440345127.0,4272.86,37.9,0.3
5,1,679,6,3,3,6,148035,361,8.6,4173225078,2309862276.0,528.65,23.9,558.9
3,8,1833,6,5,2,3,65964,140,4.5,1021716396,483910997.0,4875.7,8.2,12.6
9,8,371,2,5,2,8,453583,583,6.1,4775593973,2082860385.0,4096.88,8.4,4.9
10,1,1046,2,3,3,4,294447,1179,9.0,5618048760,3664629025.0,61.89,25.2,\N
9,7,722,4,7,4,3,159266,264,9.8,3430653346,1465016631.0,345.28,23.3,746.8
7,2,305,3,1,3,7,153920,516,8.6,3139844864,885085530.0,469.79,45.9,17.0
10,6,924,2,3,3,4,415709,978,6.3,6772647886,5242646906.0,3434.66,21.2,280.0
2,4,1296,5,1,3,5,212157,199,6.5,4696943823,2515304565.0,3438.07,34.5,0.6
7,3,836,1,1,4,7,491768,2081,9.7,11472209788,2679284944.0,452.09,42.9,12.0
7,6,426,8,3,3,8,56855,164,6.7,693289870,174556947.0,2269.24,23.1,547.2
5,1,1993,6,3,3,2,323590,1286,8.9,8429616577,5816189024.0,1226.41,18.4,273.4
9,5,1827,5,4,4,1,319219,527,8.1,7286429050,2097718750.0,2025.18,24.5,443.4
3,8,2082,6,5,2,2,181009,156,5.5,3195713895,1325005442.0,1234.43,9.5,74.8
4,7,454,1,7,4,3,257890,710,9.7,9956101340,5305261274.0,2109.0,\N,473.6
1,7,764,8,7,4,3,75804,302,9.0,2582263260,1290478378.0,3229.32,24.7,849.8
6,2,1149,5,1,3,5,157091,580,8.8,2824244834,1594972855.0,811.53,35.5,3.2
4,2,523,6,1,3,3,90383,241,7.1,1121725336,854478215.0,1130.67,42.5,26.2
1,1,482,2,3,3,6,106770,406,7.7,3086272266,781450652.0,1818.41,29.0,471.3
2,4,122,8,1,3,4,377559,950,7.0,8293460994,4440063676.0,4900.23,30.7,8.3
3,7,581,3,7,4,8,248236,970,8.5,7408231066,3864582553.0,3199.32,24.6,727.8
9,6,2173,2,3,3,6,150174,339,8.0,3681065088,2457643522.0,4581.7,27.3,277.8
8,2,1835,7,1,3,2,141284,506,8.6,4699784003,1818707798.0,4288.17,43.6,26.8
7,8,1101,6,5,2,7,478952,752,4.2,7098930753,1461606837.0,2816.14,-0.7,63.9
4,8,718,4,5,2,3,264628,220,7.0,5460863408,1463341943.0,1416.03,-3.5,43.9
1,1,406,5,3,3,5,446332,978,8.8,10816945286,7711905457.0,1324.62,26.0,314.9
8,4,1267,3,1,3,8,390143,1255,7.5,10826468250,7640606336.0,2866.88,40.2,9.0
4,1,1485,5,3,3,1,75978,143,7.5,969289335,687658550.0,2807.5,18.7,439.0
3,1,277,4,3,3,6,135295,261,8.9,2185487782,819846270.0,2820.26,22.2,393.9
9,4,1493,4,1,3,2,461597,398,7.8,6484422336,4572596939.0,1865.9,32.3,3.8
10,4,1249,4,1,3,5,72636,88,7.5,1437648030,541779823.0,3552.93,31.9,1.9
4,4,1125,6,1,3,5,133032,151,7.0,3512576928,1491102910.0,2070.48,36.9,0.1
4,8,1658,2,5,2,8,499533,1155,4.9,5720302242,1566466165.0,1788.72,1.4,59.4
9,8,1754,6,5,2,2,218065,230,6.9,3322263888,1186168489.0,2551.51,-4.2,\N
2,1,507,2,3,3,5,263852,585,7.5,4868069400,2295070307.0,4479.39,22.2,563.4
5,2,237,3,1,3,8,200903,717,8.7,3958894066,2277320780.0,3545.67,36.9,22.1
4,3,752,4,1,4,7,293635,776,8.9,4826860220,\N,4079.59,49.7,7.1
9,3,165,7,1,4,7,494528,1284,9.8,12523031449,9316026333.0,2695.36,46.1,16.2
5,1,1693,2,3,3,8,30294,106,7.6,817562354,270727270.0,2742.38,27.7,288.3
9,1,1957,1,3,3,1,486309,1964,8.8,7382170620,4225154168.0,4307.9,24.5,407.7
9,2,1769,7,1,3,8,67703,245,8.3,1953847647,1273956161.0,772.88,41.9,4.5
2,4,1456,1,1,3,8,474214,1079,7.7,12853096256,8419561268.0,4810.37,\N,8.3
9,1,2131,2,3,3,1,337868,807,7.3,7174863487,3027865192.0,2625.49,\N,268.5
3,7,431,7,7,4,3,57391,93,9.5,1844460653,601012059.0,1662.53,27.5,642.5
4,8,783,7,5,2,4,60687,120,4.5,992414511,676334248.0,1607.74,\N,22.4
1,5,955,3,4,4,3,111712,164,8.5,3664321168,2663234370.0,258.03,29.9,575.4
1,4,1993,5,1,3,4,285567,301,6.2,4613963132,2789697210.0,1477.77,33.9,6.4
1,7,1660,6,7,4,2,255883,1135,9.1,5222904677,1507893687.0,2168.0,29.4,703.2
9,8,141,8,5,2,5,253263,299,4.9,4875844602,1196413195.0,3517.74,-3.4,6.2
8,1,720,4,3,3,3,207220,812,8.1,3528169164,2266375260.0,1431.38,28.3,607.1
5,5,1651,2,4,4,5,124309,496,8.4,3516850780,1404114246.0,3305.43,31.5,796.3
5,7,1977,3,7,4,3,406390,1856,9.9,9856989450,3965441951.0,3023.43,27.5,716.8
9,6,1016,8,3,3,3,72713,212,6.3,820442592,338714063.0,2260.88,15.3,263.0
3,2,288,7,1,3,1,85832,216,7.4,1960729041,798635367.0,98.1,37.2,21.5
3,8,343,6,5,2,8,57358,35,5.3,1067638868,275380594.0,2963.85,4.5,41.9
7,5,976,5,4,4,4,469384,2108,10.0,14212947520,6298246595.0,595.43,27.9,509.4
9,1,1824,3,3,3,2,398025,1445,7.4,10046708235,5778774924.0,114.14,29.9,392.2
6,3,331,5,1,4,7,482176,1937,9.6,15895606886,4511686316.0,542.95,42.0,10.2
2,7,365,1,7,4,5,227871,812,9.9,7897986072,4996087141.0,1002.28,24.9,892.9
1,1,11,6,3,3,3,99169,155,8.6,2078403735,1043200233.0,2453.58,\N,624.0
2,3,509,6,1,4,8,268555,1135,8.9,8807664057,3133851061.0,3778.94,48.4,5.1
1,2,1469,5,1,3,5,68257,64,7.6,1411527457,771100884.0,4722.43,37.6,17.6
10,2,1114,1,1,3,1,180996,423,8.9,6411240312,2117147570.0,1461.89,44.5,22.1
10,4,622,8,1,3,7,211192,331,6.4,2589720780,744954135.0,2818.5,\N,1.5
9,7,901,4,7,4,2,167961,608,8.2,4441728645,2898564978.0,4977.7,27.0,882.1
10,4,1472,2,1,3,4,233518,234,7.0,5086956112,2350968747.0,2957.9,37.4,9.8
8,3,327,7,1,4,4,316381,501,9.6,8947760889,5368339166.0,2969.08,41.0,15.8
7,3,74,1,1,4,3,31118,57,8.9,675481537,285124895.0,855.94,43.0,16.0
3,2,251,3,1,3,7,278185,558,7.7,5269380270,4058645317.0,1600.99,38.2,2.9
8,5,906,5,4,4,2,392787,1230,9.5,12601196140,3912005708.0,991.91,31.6,665.3
2,3,533,6,1,4,4,148557,606,9.1,5361511264,2089204165.0,4634.76,49.3,9.7
2,3,296,3,1,4,2,454202,1222,9.9,13040139420,9452036480.0,2347.59,46.2,11.2
10,7,298,6,7,4,5,74839,127,8.2,1879087547,1365152018.0,1821.04,21.6,794.0
3,5,1352,1,4,4,1,57130,63,8.6,1705856096,630952476.0,3679.65,25.5,307.6
7,4,302,6,1,3,2,328506,449,6.2,8081773209,5507774115.0,1767.27,33.9,4.2
1,4,512,7,1,3,2,452766,952,7.7,10410086425,6613727597.0,4346.76,32.0,0.2
8,3,585,8,1,4,7,455502,1680,9.5,13756388151,9416144235.0,3394.61,43.5,\N
7,7,1118,6,7,4,8,250521,510,8.5,3669005305,873480628.0,267.62,29.3,638.9
4,4,2180,7,1,3,8,68963,200,7.1,1773466300,804504958.0,2821.28,31.9,5.6
5,4,1635,6,1,3,4,455907,765,7.2,8130827800,\N,4120.95,31.3,\N
10,6,910,6,3,3,6,341707,270,7.8,10205489603,7415678777.0,4707.5,25.8,299.7
1,7,1934,8,7,4,3,490315,691,9.1,16870317236,3461310766.0,1548.59,22.9,475.7
4,4,53,7,1,3,7,215600,283,7.1,4985685320,2327261261.0,1494.12,40.0,3.0
1,2,1520,7,1,3,3,297376,529,7.2,8179029504,2694911317.0,2750.9,42.8,\N
1,1,791,3,3,3,6,321197,277,7.2,3681688492,1424544253.0,132.12,24.4,657.0
10,3,1528,5,1,4,6,365407,1518,9.6,7815617241,6118546142.0,1510.6,49.6,12.6
1,8,495,2,5,2,7,392592,371,4.9,5118967828,3953419833.0,3843.87,0.4,61.7
7,3,853,8,1,4,6,157171,601,9.4,3949109980,2828120766.0,4322.66,46.8,3.9
7,2,1095,3,1,3,5,480937,1486,8.9,10585279088,8232554599.0,1994.54,41.4,11.7
4,8,663,4,5,2,8,477390,879,4.1,4339331882,3455786752.0,4585.43,\N,9.2
2,1,8,5,3,3,4,231957,503,8.4,7532664400,5242184213.0,1450.46,\N,315.5
3,1,666,5,3,3,4,373640,1112,8.1,11101143312,\N,241.71,19.5,522.7
8,2,669,8,1,3,1,423968,821,7.8,8770032460,2345457746.0,868.79,37.9,15.1
8,5,1286,7,4,4,3,60788,201,8.2,1814898685,792652035.0,4341.19,24.7,416.0
6,5,161,4,4,4,4,72317,189,9.9,2054026982,524116129.0,4842.46,29.6,726.4
10,1,937,7,3,3,6,450733,1586,7.5,7967832607,4695026689.0,3056.06,26.0,595.3
9,5,18,7,4,4,5,452945,1926,8.9,12529002234,8752202931.0,3662.72,34.1,751.9
9,5,351,1,4,4,7,2575,10,8.8,87331640,51701857.0,4181.52,27.3,458.9
4,5,872,4,4,4,1,397744,1367,9.0,5380283088,2902028473.0,994.55,29.5,757.8
1,1,1459,1,3,3,8,332381,493,7.6,4069540011,2194807649.0,2771.61,21.6,284.6
1,8,1092,2,5,2,3,192785,375,4.5,1659589672,657050408.0,4693.88,7.3,18.2
10,5,1054,1,4,4,8,475407,804,9.4,17674206039,12364479163.0,1811.63,34.1,376.0
5,8,316,7,5,2,3,309904,801,6.5,6292910624,4295699849.0,4953.19,8.0,60.2
2,3,1845,8,1,4,8,157970,663,8.6,5381184862,\N,3542.75,47.7,11.6
6,6,737,2,3,3,3,175710,322,7.2,2203825104,1546378212.0,3376.76,19.8,225.0
7,1,320,2,3,3,1,296668,255,8.1,6238216036,3693082640.0,195.37,19.1,531.6
1,2,1038,6,1,3,7,58039,216,8.7,1489570934,767349391.0,101.0,37.9,24.9
6,5,432,6,4,4,7,126436,512,9.3,2905537210,1961621668.0,832.98,22.4,481.5
8,4,634,4,1,3,5,350534,523,8.0,9399919744,6484171101.0,4668.69,38.0,5.1
5,1,1706,7,3,3,7,135869,342,8.1,2494921686,1632956571.0,3972.06,22.7,617.0
7,7,1037,2,7,4,5,445024,1014,8.6,7623795148,\N,2606.02,27.6,559.2
10,2,725,7,1,3,8,341010,251,7.1,8650843983,6555093864.0,2482.66,45.4,0.9
6,6,673,1,3,3,4,415957,1112,6.7,7014657252,2776979682.0,683.99,26.0,543.2
4,3,471,3,1,4,4,98844,187,8.3,2118286226,691218456.0,1964.5,42.7,9.6
7,8,602,6,5,2,3,112179,246,4.6,777647263,563600256.0,792.04,5.4,58.8
10,8,1383,5,5,2,6,323802,820,5.9,7057135069,3620836987.0,1398.48,-4.6,56.4
9,7,1539,5,7,4,2,439661,1838,9.9,8805398609,2220520975.0,81.69,\N,787.8
10,2,280,1,1,3,4,222365,658,7.4,3638202711,1394390856.0,1941.22,35.3,5.9
10,5,2165,6,4,4,5,134431,396,9.5,2136579098,1088913073.0,3369.36,34.7,\N
7,4,1186,3,1,3,3,461714,514,6.2,9252009817,7118847024.0,3451.96,35.2,3.3
5,5,1911,8,4,4,5,100841,264,8.4,1589092814,363773839.0,2111.5,23.6,667.8
7,2,2014,7,1,3,3,306023,373,8.1,4204021564,1947744977.0,3660.82,47.7,26.7
3,1,916,2,3,3,1,34942,124,7.4,421211833,304310538.0,2150.22,28.4,381.5
2,7,1618,6,7,4,4,486679,666,8.8,16857003187,4369395112.0,4518.65,27.4,640.5
5,4,1382,1,1,3,6,181087,134,6.7,2039528554,\N,1616.01,39.6,7.4
4,8,1684,7,5,2,1,308959,222,6.8,4638834009,2404202480.0,3032.7,0.2,28.4
5,7,426,2,7,4,4,344339,1209,8.2,6810474477,3507056299.0,555.51,27.2,851.3
8,7,1788,6,7,4,6,199626,475,9.0,3356112312,806109618.0,2525.67,24.9,833.1
4,4,553,4,1,3,6,309595,378,7.3,6303261321,4626401464.0,1923.63,42.4,1.5
9,8,169,3,5,2,6,9191,25,6.8,94060694,32772957.0,1322.22,-1.8,46.3
7,8,515,5,5,2,5,232929,367,5.1,3903563939,2103472867.0,1619.94,7.3,69.1
10,2,1707,1,1,3,5,281498,709,7.6,5158056752,3797108661.0,1626.34,39.5,7.7
7,6,430,5,3,3,2,443446,1087,7.6,7529003566,5951286866.0,2446.55,23.9,574.3
8,6,2131,7,3,3,5,112303,350,6.8,2739249854,884147500.0,4224.39,17.7,285.5
6,5,691,2,4,4,8,90447,188,8.7,2464536034,1476022587.0,2461.33,34.9,341.5
8,2,353,2,1,3,3,61708,257,8.7,1751772874,694237584.0,1081.12,37.3,4.5
3,4,1118,4,1,3,2,81935,81,6.5,1592406725,584252481.0,392.18,44.3,4.6
10,2,1406,8,1,3,3,80774,237,8.7,2314102403,1101088053.0,1780.36,40.1,14.6
10,4,1319,2,1,3,2,211937,568,6.9,2791655357,1660057518.0,828.54,36.2,2.2
1,7,79,2,7,4,3,22726,65,8.1,630476055,471021425.0,4187.0,\N,686.2
6,5,678,7,4,4,2,263901,1233,9.9,6306864438,2566939497.0,4975.15,27.7,595.3
1,1,551,8,3,3,4,7135,10,8.0,148921720,74565341.0,4250.42,24.2,264.8
9,7,820,5,7,4,6,265616,948,8.9,4988002864,1300567426.0,1954.2,26.6,859.3
2,8,214,5,5,2,4,71077,83,4.2,497339984,230757162.0,451.2,1.6,\N
2,1,1667,1,3,3,2,351238,599,8.1,4651620453,3059805447.0,3561.56,18.3,366.9
7,2,669,1,1,3,1,96043,102,8.9,3084055981,777750424.0,3357.06,35.7,28.4
2,4,989,2,1,3,7,53637,68,7.9,635598450,501877955.0,382.77,41.0,2.2
10,1,894,6,3,3,8,462240,826,8.8,9070997760,6418109949.0,3954.46,29.9,634.1
8,7,159,3,7,4,2,244324,756,8.9,8434821884,3473059251.0,4131.44,28.7,462.7
6,4,22,1,1,3,1,2024,6,6.3,22034073,16622883.0,3603.03,34.1,7.7
7,5,1765,2,4,4,6,334667,625,8.6,7342125446,\N,3651.99,31.7,562.2
7,7,1930,6,7,4,3,471897,508,8.0,6697162224,\N,3464.38,26.8,420.6
6,8,1262,6,5,2,2,45681,74,6.7,1052549625,793805597.0,2208.95,-4.0,41.5
10,2,1173,5,1,3,1,301251,1275,8.5,9169628563,\N,3100.72,41.3,23.2
9,4,785,6,1,3,6,31301,80,6.2,673603780,224177936.0,3103.14,42.4,3.7
9,2,1603,4,1,3,2,156399,222,8.7,3235676351,711416879.0,2711.88,35.9,7.0
7,4,2055,5,1,3,4,464924,531,6.6,11608129447,\N,3039.35,34.4,2.3
9,7,1257,5,7,4,4,263025,809,9.1,5912012925,3127570226.0,2027.25,24.9,815.3
10,6,1893,4,3,3,2,133376,163,6.9,2600751974,1181310990.0,3407.56,17.1,\N
3,6,579,7,3,3,2,149943,568,7.6,2160618652,1644957518.0,1173.67,16.5,326.2
3,4,1101,7,1,3,5,423104,1290,7.2,7987526553,2622381394.0,4273.77,\N,1.9
1,5,489,5,4,4,6,464470,431,8.6,7313823302,4306366025.0,4262.11,34.2,457.2
5,2,926,1,1,3,7,109495,170,7.2,2800268928,1095012316.0,2514.42,45.4,18.7
4,8,2135,5,5,2,4,199750,167,4.0,2958697000,\N,2508.13,8.7,20.9
2,3,1788,4,1,4,3,180747,726,9.4,3183966853,2342932829.0,2025.29,46.3,11.2
9,4,1991,2,1,3,2,409492,751,7.0,8917507284,4551670871.0,276.42,34.9,7.8
3,4,222,8,1,3,5,131924,228,7.7,3069792325,1854054572.0,759.16,38.5,9.8
8,6,1749,2,3,3,7,154172,418,7.3,3079246521,2252632937.0,3586.72,18.7,457.4
6,1,2177,2,3,3,6,406698,1320,7.5,10483657695,4716111237.0,756.57,22.0,328.7
5,7,1267,7,7,4,8,184812,724,8.1,2666116393,1344185955.0,2089.62,24.4,708.7
1,6,1196,4,3,3,2,62454,208,7.5,1193027535,322228063.0,1803.42,18.9,487.2
4,2,1527,4,1,3,4,66806,215,8.4,1111678562,845334895.0,1136.66,47.4,17.5
3,6,1504,1,3,3,1,161297,281,7.0,3294652522,\N,2667.76,24.1,489.3
1,3,877,4,1,4,8,119941,303,8.2,2850229947,1165621321.0,1847.2,49.9,13.3
5,5,163,6,4,4,6,317365,887,8.7,6286968913,4592225418.0,3809.69,31.9,654.6
6,7,955,2,7,4,1,327635,947,9.2,10224308864,7102352803.0,3212.91,28.8,641.2
2,3,24,4,1,4,4,32158,150,9.6,620520768,207886686.0,2428.66,49.4,12.1
3,5,193,3,4,4,8,47036,171,8.9,1587827177,1196527175.0,2898.61,31.6,544.2
6,3,878,7,1,4,3,142645,146,8.2,3112542429,1606112953.0,2184.34,42.5,8.5
4,8,390,5,5,2,8,444615,998,6.6,4615904007,2251106779.0,3927.77,4.6,18.5
9,7,964,1,7,4,6,91662,288,8.1,2869616403,1457936173.0,4804.05,21.0,481.1
5,6,2177,2,3,3,5,186199,282,6.3,2402413977,\N,3845.85,18.4,262.9
4,3,765,8,1,4,2,491612,657,8.6,7462178548,4076977053.0,4315.44,44.8,1.6
2,6,1974,6,3,3,8,279649,433,7.2,7647169694,1846618804.0,3929.14,21.2,341.1
6,7,1239,6,7,4,2,360966,602,9.8,11871738580,3439680103.0,2067.68,23.6,481.7
10,6,768,8,3,3,7,338947,790,7.0,5599404440,4245630442.0,4278.08,21.4,566.8
2,2,1493,2,1,3,2,189709,363,7.1,5228797399,3964922654.0,237.85,39.8,21.9
7,6,899,6,3,3,5,462593,1521,6.6,4628520520,1136087987.0,4433.49,20.9,256.5
3,1,1085,3,3,3,5,155682,595,7.9,4169319642,2357327262.0,2376.57,28.1,365.2
9,3,788,1,1,4,4,407173,1437,8.2,7014857878,\N,1683.47,42.1,10.6
5,7,111,7,7,4,5,307343,912,8.5,7468895914,5972541912.0,2649.55,26.0,719.7
8,4,1853,5,1,3,2,428386,477,6.9,5045658823,3455168589.0,3455.4,34.5,8.7
6,4,141,1,1,3,8,229766,398,7.4,4478506965,1271578235.0,3095.7,36.2,5.5
10,4,745,1,1,3,6,447505,776,6.5,9087036530,3004057857.0,3109.6,40.6,7.4
8,7,79,7,7,4,7,160860,573,9.0,3554201700,798574862.0,544.79,23.9,860.3
3,1,1518,8,3,3,2,97928,336,8.8,1728703398,1096523990.0,3658.52,19.0,390.8
3,6,971,2,3,3,5,280968,795,7.0,7066626168,2743854113.0,3572.86,\N,\N
5,3,66,8,1,4,5,147491,679,9.7,4725478898,1286500200.0,623.0,48.0,17.6
10,5,1534,4,4,4,7,34474,89,9.8,1349691574,824313136.0,265.77,23.9,382.1
3,5,1395,5,4,4,4,90257,129,9.5,3249703285,1805907351.0,4914.86,31.2,742.2
8,7,287,1,7,4,1,365028,1582,9.7,9485727116,7161663521.0,3743.9,20.2,864.1
10,2,123,3,1,3,5,294429,1084,7.4,3435927544,1411963722.0,3048.59,43.5,7.8
8,1,1004,7,3,3,1,213656,703,8.7,4083799418,2615522398.0,1615.43,20.9,333.8
2,3,4,2,1,4,3,7452,13,8.6,105167095,27101104.0,1414.5,48.7,1.3
4,6,1840,4,3,3,7,110753,218,7.2,1414625918,1009984371.0,720.1,26.1,475.5
10,4,412,4,1,3,1,322899,598,7.1,4413222082,2769652783.0,3062.29,41.4,8.0
1,1,250,2,3,3,8,241233,605,7.2,5592745872,1508750020.0,2901.12,29.0,568.8
4,1,1511,1,3,3,5,145097,493,8.6,3540105625,2275981376.0,4680.74,21.7,531.3
4,3,1918,7,1,4,2,149167,293,8.2,2436553444,538362085.0,3157.69,49.1,\N
10,7,1357,6,7,4,2,101963,460,9.8,2570038592,1952467150.0,2284.72,20.9,403.0
9,6,158,8,3,3,8,288701,572,6.4,5147654310,3396715573.0,4491.6,26.9,509.9
3,8,1601,2,5,2,5,1995,5,6.6,20672190,11477931.0,3089.58,9.9,\N
2,8,1611,6,5,2,4,190708,464,5.4,1782623959,1231120607.0,3585.56,-0.1,50.1
9,7,1464,4,7,4,6,82155,342,9.4,1911336075,405956119.0,3152.0,27.5,871.0
9,7,978,4,7,4,5,161321,453,8.2,3205222420,1097472591.0,888.72,23.9,887.2
1,2,1262,3,1,3,5,494439,810,8.6,9112411882,4992806773.0,663.06,41.2,10.9
6,7,153,3,7,4,6,352534,1123,9.0,7779720312,3208347742.0,3141.64,26.2,447.0
10,6,1630,4,3,3,4,471171,1141,6.7,7664821359,1588084774.0,4574.33,25.4,436.6
8,2,1056,3,1,3,4,40952,76,7.3,860675898,577663438.0,4820.1,38.8,28.6
3,8,53,3,5,2,3,293266,432,4.5,3691192509,1174269261.0,4977.32,4.9,79.3
9,2,1755,3,1,3,3,418656,986,7.4,9919970188,7843864642.0,4227.79,37.3,20.3
2,4,1329,4,1,3,3,56856,35,6.2,989135203,352123474.0,1851.24,31.0,4.0
6,4,1,1,1,3,4,348778,841,6.9,6533832663,1996474403.0,3086.92,36.1,8.9
1,8,167,1,5,2,1,492428,310,4.7,6649304526,\N,3064.82,3.2,33.1
7,3,965,7,1,4,5,148318,364,10.0,3010855400,1698393425.0,2710.88,42.8,0.9
3,8,1886,5,5,2,7,331620,611,6.5,6949428720,3852004962.0,3723.22,6.7,7.6
7,6,273,3,3,3,8,275889,733,6.7,5891030228,2489323627.0,891.43,17.8,314.8
4,7,1693,1,7,4,3,316214,529,9.6,5491498809,2232556971.0,984.01,26.4,882.7
9,2,900,5,1,3,8,115945,475,8.6,1642268169,389827197.0,4726.12,42.9,12.7
5,3,2188,2,1,4,8,372505,453,9.7,10258154441,7279198935.0,4207.3,41.3,5.3
3,2,1220,3,1,3,7,176083,179,8.3,2329613306,696652008.0,4101.68,45.6,13.8
8,1,360,1,3,3,1,290211,364,7.9,4596797134,3669131967.0,2441.38,27.0,271.3
6,5,2040,1,4,4,5,172231,237,8.4,2816803558,1099957629.0,2860.45,28.2,725.9
2,5,334,6,4,4,8,155601,483,9.3,4763817975,\N,3143.25,24.1,564.3
3,2,731,1,1,3,6,320435,957,7.2,6866024832,2479137879.0,1505.17,35.9,13.9
8,3,1498,6,1,4,6,388725,1483,9.9,14596895857,2924196670.0,1508.83,43.5,12.3
10,8,1418,5,5,2,6,117939,131,6.4,1679451360,698454100.0,940.39,2.3,19.9
7,4,1744,6,1,3,7,425144,1254,6.5,7151772368,2122911760.0,2822.96,33.8,9.1
10,6,1601,2,3,3,1,2291,2,6.5,53132872,10995337.0,859.41,22.0,347.0
6,2,1404,8,1,3,6,220614,576,7.7,6485742740,3478275089.0,1045.67,47.4,19.7
1,2,21,7,1,3,2,178311,417,7.6,5404392436,2148222629.0,4517.54,43.1,1.6
9,6,1974,8,3,3,2,265033,628,6.9,6473696058,1380304951.0,2653.51,17.8,339.6
3,8,879,3,5,2,6,186110,232,6.4,2325035008,1282389983.0,3114.39,-1.6,43.4
5,7,177,1,7,4,7,237930,707,9.1,7056266217,4767285119.0,714.76,23.7,862.0
7,4,1387,7,1,3,5,319301,555,7.0,6843897634,4726941517.0,1070.01,\N,3.0
7,2,2070,4,1,3,1,401298,1256,8.4,13021799061,6471651479.0,536.25,38.8,11.6
3,1,661,3,3,3,1,164630,372,8.3,4275556341,\N,1394.0,27.6,364.5
4,4,1200,4,1,3,6,123551,88,6.3,1869647862,979335865.0,4413.67,32.1,2.5
10,1,126,7,3,3,4,276394,597,8.3,8146243280,1809157007.0,4448.82,27.0,321.7
7,5,1270,5,4,4,7,344864,388,9.0,11390857920,8325288381.0,3384.27,\N,637.8
8,6,611,1,3,3,3,129672,352,6.9,3051947224,1310868257.0,4384.64,22.2,443.1
2,4,1295,3,1,3,7,123303,168,7.0,3071847639,1792098884.0,995.16,37.4,7.3
9,7,1010,3,7,4,5,408711,666,9.4,9493293881,5713159506.0,782.56,25.4,724.4
7,4,2092,1,1,3,1,401148,1331,7.7,8988523236,7027437661.0,3839.24,37.3,2.2
8,3,1758,7,1,4,3,249426,670,8.3,5260469167,3339315823.0,4948.76,47.0,4.8
6,3,1965,2,1,4,6,160124,729,9.9,5510251137,2968799042.0,3602.34,43.5,10.4
6,6,548,5,3,3,8,162989,248,6.5,1890020444,628871654.0,233.28,27.4,369.4
9,7,1192,1,7,4,5,421306,660,8.0,5271380672,3804547828.0,960.18,26.8,615.2
4,4,1054,8,1,3,1,359316,542,7.3,4070906553,1482270402.0,1275.15,31.4,3.9
5,8,1621,8,5,2,6,142068,418,5.9,2152500681,795840494.0,2142.65,-3.7,69.9
9,5,1823,6,4,4,2,460998,1892,9.6,11400296140,4849610660.0,1143.67,25.2,590.6
1,7,1272,3,7,4,1,320502,1242,9.8,4830734344,2506431488.0,350.11,24.8,568.2
4,2,1720,2,1,3,2,402586,584,8.6,6785989615,3375298423.0,1328.72,40.9,16.9
7,6,253,3,3,3,6,373119,313,7.2,6965982482,3830392534.0,1787.33,21.2,258.7
9,8,1560,4,5,2,2,454481,472,4.3,3879222575,2458803095.0,1453.87,-3.1,\N
10,7,737,3,7,4,4,103811,458,9.2,1941639419,475765605.0,187.63,29.2,436.4
6,6,2047,8,3,3,8,404160,693,7.4,6475047360,2979710305.0,4641.68,27.6,324.2
8,7,900,5,7,4,8,259237,945,9.6,9257871743,3527830076.0,2729.88,25.4,534.6
9,3,1929,1,1,4,6,262987,575,8.2,7163871074,1550209189.0,4250.32,40.3,5.1
10,5,2171,3,4,4,6,16398,16,8.2,490792139,215773023.0,126.39,32.6,503.4
4,6,1318,8,3,3,4,115216,140,6.1,2760667532,1105356933.0,3995.5,27.6,361.7
1,5,2191,6,4,4,8,393330,1510,8.3,6300753270,4323125298.0,3537.0,26.9,482.3
8,6,1003,4,3,3,3,339819,1259,7.6,7254591939,3372574431.0,4886.64,24.4,538.4
2,3,1923,8,1,4,5,207452,262,9.8,3937978335,958887107.0,617.61,42.9,2.7
1,2,1972,4,1,3,8,375617,745,7.5,6451221975,\N,3231.13,39.8,22.5
7,8,2105,1,5,2,3,89656,106,5.3,1326218448,952045490.0,154.86,0.9,18.7
10,3,42,4,1,4,7,442974,542,8.2,11162324636,5000071237.0,1817.1,40.3,6.0
9,6,1848,7,3,3,4,186535,172,7.0,3935515430,3049345926.0,3197.02,23.2,238.8
9,5,343,1,4,4,3,29273,106,8.7,833296927,620239364.0,4663.83,31.9,436.0
3,1,332,5,3,3,8,390905,1456,7.6,11601278590,4276228123.0,460.39,25.3,313.3
6,3,1461,1,1,4,5,6283,14,8.5,208334855,159760546.0,2471.79,48.7,15.8
7,5,341,8,4,4,5,224283,443,8.9,3539118455,2234679344.0,1230.0,31.2,371.7
10,7,1701,2,7,4,1,282388,839,8.1,5336370752,3594691069.0,1120.39,21.4,621.2
9,7,1288,4,7,4,8,440956,1013,8.7,7312020583,4456237182.0,3457.12,28.7,742.6
2,3,1234,4,1,4,3,459741,1646,9.9,14637417854,3511704421.0,184.99,43.9,18.3
8,6,1468,6,3,3,4,217252,660,7.2,5811056496,4571440773.0,3177.23,24.0,393.7
7,7,138,8,7,4,1,438838,997,9.0,7326400410,2763980237.0,853.77,24.0,470.8
4,5,87,3,4,4,3,208522,186,8.9,5162963015,1549967333.0,122.99,33.1,418.3
2,8,1834,2,5,2,6,238024,314,4.0,3535132448,2555165469.0,2741.39,-0.5,33.8
8,2,2140,7,1,3,5,123657,415,8.3,2066048790,1231041335.0,606.34,46.4,26.4
5,5,208,3,4,4,4,53728,165,9.7,1845954387,740514481.0,2829.35,28.3,729.9
6,7,1851,1,7,4,8,317755,823,9.5,5026089712,2415059610.0,1438.38,21.9,822.0
7,7,1688,5,7,4,8,391879,1531,8.3,8544568903,6510968647.0,1430.15,20.1,871.1
10,4,1509,6,1,3,6,403281,1516,7.9,5498897747,3029760559.0,4036.59,37.8,8.9
1,1,1527,4,3,3,3,287847,860,7.7,4716545803,2008312431.0,3573.45,20.8,591.6
8,6,851,7,3,3,8,330875,854,7.6,5258133150,\N,4147.26,\N,479.6
4,5,2191,8,4,4,8,190086,275,8.3,5217499536,1188049817.0,2153.74,29.2,646.5
9,7,2083,7,7,4,8,29536,57,9.7,899893987,407230641.0,606.13,24.9,810.8
1,6,224,5,3,3,5,459929,1540,7.1,5012536206,1665830631.0,3829.39,24.2,262.9
2,3,1412,1,1,4,5,409303,1466,8.4,12697070223,4972414211.0,4342.48,40.5,18.1
6,3,1720,1,1,4,6,202919,908,9.5,6828021431,1546979678.0,2960.15,43.4,14.0
10,5,297,2,4,4,3,77589,266,8.8,1412678440,730453624.0,1141.06,27.9,524.4
1,4,323,3,1,3,3,266045,843,7.5,7636156612,1713455337.0,3845.63,37.9,9.8
4,7,1878,4,7,4,8,150398,616,9.9,5059418799,2227908317.0,268.94,21.5,524.7
8,5,1512,7,4,4,4,197662,784,8.2,3637138929,2606692380.0,1752.09,28.2,667.4
10,2,2087,8,1,3,1,304406,963,8.5,5945962398,4336193971.0,1984.51,44.1,2.4
5,4,505,8,1,3,5,83582,151,6.9,1976405046,1351714814.0,1691.16,36.9,7.4
9,7,1561,4,7,4,1,410523,450,8.9,9948901748,6288035962.0,4726.95,21.5,446.1
6,7,1366,7,7,4,1,468720,1599,9.9,16765505064,\N,4169.61,20.5,741.1
1,6,687,5,3,3,8,41875,131,7.1,850908375,214582211.0,2675.49,27.1,431.8
6,5,2018,2,4,4,5,11684,16,8.1,154831694,90976363.0,4678.97,29.4,751.1
6,7,1469,6,7,4,3,276462,911,9.9,4811599940,\N,822.51,26.5,632.7
6,6,740,1,3,3,5,375629,374,7.5,8581244505,1945474723.0,527.2,18.3,306.5
8,7,997,2,7,4,6,215497,635,8.6,6447540941,1934332913.0,1954.18,24.3,579.1
6,1,1435,4,3,3,1,191660,704,7.4,3300346868,816948779.0,4955.03,19.8,318.0
5,4,1916,6,1,3,8,144436,240,7.8,3827062917,1108757910.0,4523.31,40.9,6.0
2,5,623,3,4,4,8,167203,259,8.6,5015554950,3370660462.0,1148.46,29.2,670.3
4,1,298,5,3,3,4,461264,1321,7.2,5944770432,3855013072.0,4653.56,28.0,\N
10,5,1076,1,4,4,5,389799,1062,8.5,9018779463,2024380961.0,3173.99,\N,749.3
5,2,304,1,1,3,7,239898,613,8.6,6839252081,4023899861.0,1580.34,41.5,27.7
10,3,1312,1,1,4,4,135881,500,9.3,2355524311,876304138.0,4095.48,49.4,5.2
4,8,664,3,5,2,3,383913,711,5.5,5737003915,3429935632.0,4290.72,1.0,18.8
2,6,1142,8,3,3,8,139219,518,7.9,2764972871,\N,52.5,27.5,466.6
7,5,1993,4,4,4,8,62092,143,9.1,2148271434,1306285730.0,716.77,24.1,564.9
10,4,209,4,1,3,3,187739,326,7.9,2278100121,\N,3759.58,33.1,2.4
10,5,1317,2,4,4,6,46496,150,8.4,855730982,178945411.0,3079.95,27.9,757.1
2,5,519,8,4,4,4,227216,795,8.1,6182070206,2997129616.0,1343.62,27.4,642.8
1,5,2125,6,4,4,7,471384,666,8.3,8259260479,3698833570.0,1409.48,30.0,789.5
5,8,338,7,5,2,4,4371,10,5.4,60825961,\N,599.75,9.5,41.2
1,7,1814,2,7,4,5,210542,573,8.5,3581003607,1643614952.0,2165.25,21.8,671.8
1,5,1870,4,4,4,3,203857,604,8.7,5315347032,3241204728.0,353.79,22.1,692.9
1,7,913,1,7,4,4,448879,1035,8.0,7652489192,5582511846.0,3434.28,28.2,635.7
6,4,807,3,1,3,2,247877,327,6.8,5376947884,3329057522.0,1264.56,42.5,6.5
9,4,1316,4,1,3,5,165983,574,7.7,2370818180,547410863.0,4411.75,38.8,9.6
10,5,1295,8,4,4,8,191715,891,9.7,6817423742,4357351313.0,519.96,23.5,494.1
1,7,572,8,7,4,5,76031,261,9.7,2784065142,1045768026.0,3475.59,23.3,478.4
5,3,1680,3,1,4,2,99757,177,9.3,2168128613,901170114.0,4359.49,45.3,16.7
9,5,1040,5,4,4,7,224998,964,9.8,5761613785,3483133399.0,3535.14,24.3,399.1
9,6,926,1,3,3,8,226567,359,7.5,4147875352,1226112889.0,4634.67,24.4,398.8
1,6,1785,5,3,3,3,218917,233,6.9,4891087397,1228370958.0,1676.34,27.3,\N
8,4,98,4,1,3,4,323195,620,6.6,6525113133,2288613045.0,719.25,30.2,3.3
1,8,1640,2,5,2,4,91794,173,4.8,1702521676,1265820661.0,1780.44,0.2,76.1
8,6,747,4,3,3,3,447115,729,7.6,9602957124,4544865045.0,3000.95,19.1,331.4
1,6,1446,5,3,3,7,417137,325,6.3,5610701218,3299356839.0,4731.55,23.0,543.3
5,2,1331,3,1,3,8,345472,1408,8.6,9222167756,4034857145.0,1512.85,\N,24.3
8,5,261,6,4,4,2,383471,517,9.7,7398421044,4953888445.0,3442.72,26.7,693.3
6,5,1263,6,4,4,2,351163,573,9.4,5297996181,\N,547.95,23.8,474.9
9,5,936,4,4,4,8,496449,1807,8.6,8995755169,3959922520.0,1377.25,27.6,798.6
1,5,1798,7,4,4,7,222146,751,9.5,5113467701,1299832186.0,840.89,27.5,349.6
9,1,332,2,3,3,2,124872,227,8.6,1916910072,852678125.0,2419.21,27.8,690.5
1,5,115,5,4,4,8,334146,1281,8.9,9510530281,6403910677.0,4687.09,\N,669.4
10,8,268,4,5,2,5,222733,301,5.1,1826588786,1168240643.0,4579.88,9.7,\N
10,7,2060,8,7,4,8,192153,186,9.3,4347826715,2968781300.0,2164.28,27.9,586.1
3,4,73,5,1,3,7,274273,365,6.2,6104768434,2045735123.0,4295.25,31.6,4.5
1,7,1016,5,7,4,4,357657,978,9.5,7539588388,5877142602.0,2185.81,25.2,687.7
3,8,178,1,5,2,1,267178,521,5.8,6042016727,3678187925.0,2074.81,0.4,62.5
2,4,2000,6,1,3,5,285268,917,7.9,7331016751,\N,4428.29,38.5,2.2
2,1,772,7,3,3,8,480125,668,8.6,14274212275,3136397583.0,201.42,20.1,280.9
9,5,946,6,4,4,5,135110,548,9.9,4808632455,1494341722.0,4409.54,26.6,712.0
8,3,400,3,1,4,4,385790,929,8.2,9926993963,5564333909.0,4181.65,44.0,2.8
1,7,270,8,7,4,3,301430,321,9.3,4900166652,1768489014.0,1044.54,21.8,537.0
4,5,1856,7,4,4,7,425582,1187,9.7,14188435739,8825774391.0,2061.49,32.0,526.7
1,4,1656,1,1,3,7,469002,676,7.1,9916484487,\N,4264.23,42.1,0.1
1,7,59,6,7,4,6,326961,587,9.2,12011108511,3907561697.0,2812.42,24.1,638.4
4,2,887,5,1,3,4,431801,782,7.7,11560564992,4815413257.0,3655.85,42.6,26.8
2,6,266,8,3,3,3,482844,1065,6.7,7039479244,5297334239.0,823.0,22.8,577.5
3,2,2123,2,1,3,4,27244,80,8.8,903846944,681538622.0,2395.83,41.5,\N
9,3,2023,2,1,4,5,285596,1264,9.4,9782691145,7770903047.0,2580.06,48.0,1.1
2,5,505,1,4,4,7,26960,115,9.2,697217951,514413992.0,519.62,33.8,683.7
4,1,1924,2,3,3,6,63991,151,7.2,1458226908,331817489.0,1658.3,29.0,573.4
1,5,486,5,4,4,7,401138,488,8.6,8234641091,5242444971.0,3683.24,24.9,376.0
2,3,1564,7,1,4,2,357494,440,8.7,10873251508,4696793638.0,891.72,42.6,5.3
5,3,1154,4,1,4,5,278002,296,8.3,4222572378,2269872817.0,3126.01,40.2,5.5
10,6,66,5,3,3,8,462791,1052,7.6,11114388655,6591240697.0,420.87,15.8,371.2
1,3,1337,8,1,4,5,68902,162,8.2,1136207760,616281896.0,432.93,45.0,14.1
7,2,407,6,1,3,1,168618,259,7.2,2914933089,880498619.0,3488.72,40.8,6.3
4,6,277,8,3,3,5,196190,595,7.1,2163249797,575323006.0,4963.36,18.0,515.4
6,5,1273,4,4,4,5,117734,170,8.5,1844361977,\N,1849.83,25.0,412.7
8,7,1969,8,7,4,5,290738,1096,8.5,6917093127,2557970979.0,3097.81,27.9,716.0
6,5,461,2,4,4,8,126628,111,8.6,3075338259,1974124951.0,3114.96,26.9,474.5
2,1,1668,7,3,3,6,358971,971,7.5,8876455402,3786578434.0,919.44,27.3,445.8
1,3,1583,3,1,4,1,117305,473,9.2,1634997090,418742535.0,4705.21,46.1,11.8
8,3,956,3,1,4,3,80952,311,8.8,2535351878,923786385.0,2662.31,\N,18.5
8,4,707,5,1,3,6,444667,1040,7.9,8142831037,1736814202.0,1984.58,43.4,8.4
9,6,103,5,3,3,6,221806,306,6.1,5195583743,3659421114.0,717.07,\N,518.5
6,4,2153,2,1,3,7,459643,979,7.8,13993095706,9889858905.0,2833.51,\N,3.4
1,6,972,3,3,3,7,331478,869,7.9,4111321634,\N,4517.59,20.1,486.3
9,2,1326,8,1,3,7,79238,322,8.2,1199441453,761804128.0,2576.15,44.5,13.0
3,6,153,3,3,3,7,420707,1452,7.1,5298972947,3545833326.0,660.32,18.7,515.4
6,5,957,5,4,4,7,299965,1191,9.1,8120802462,4363247998.0,1423.76,24.4,574.5
10,1,1130,6,3,3,1,15018,47,8.1,228085874,155773042.0,4938.69,19.8,319.3
10,7,730,3,7,4,2,343766,351,9.6,9072122246,3628540688.0,2036.66,28.7,726.3
9,6,74,5,3,3,3,471484,714,6.4,9040422809,5156554331.0,4926.27,22.8,244.7
3,6,856,1,3,3,7,462395,567,7.6,11958829406,6402475887.0,2751.39,25.7,329.5
5,6,1574,8,3,3,8,150515,492,6.6,1554669435,513953010.0,3565.22,20.5,393.3
5,1,280,3,3,3,6,278011,716,8.2,9052649784,6204276515.0,1141.51,21.8,322.2
10,3,787,4,1,4,6,170412,432,9.8,4086582007,1143907275.0,4937.0,45.9,9.5
7,1,686,7,3,3,1,116283,160,8.2,1881296143,725342472.0,92.55,\N,422.0
4,8,1580,2,5,2,2,158919,421,6.2,2018875192,1032993672.0,4290.42,-3.9,1.7
4,8,969,7,5,2,7,268538,784,5.9,4621619541,2462936948.0,3458.35,-1.3,47.1
7,8,2034,8,5,2,8,283169,444,4.7,4136419484,2726366996.0,3313.06,1.9,\N
9,3,1166,8,1,4,2,97929,150,8.3,3202474158,776342965.0,1610.65,43.6,5.1
4,8,768,5,5,2,4,234564,417,6.4,4820384025,2908991360.0,970.97,9.1,11.8
4,7,646,3,7,4,7,388511,1534,8.0,9302507384,4981785799.0,3137.75,27.4,740.9
6,5,26,3,4,4,4,304376,1223,9.6,10060479052,3695349653.0,4580.35,22.5,635.0
6,1,1935,6,3,3,6,103381,233,7.6,2603009522,2079265819.0,1289.98,28.5,510.6
7,3,1759,5,1,4,6,219020,721,9.1,6170581872,4393575572.0,4041.42,45.2,15.7
1,5,1080,4,4,4,5,419742,877,9.9,16351679223,3399300730.0,488.01,27.6,375.7
3,5,637,3,4,4,3,349314,871,8.6,10009662532,6481832382.0,1252.96,22.4,313.3
9,3,230,1,1,4,1,24755,82,9.8,444198769,262766358.0,323.26,46.3,8.8
6,8,2101,2,5,2,5,399506,843,4.8,3735540902,1859469373.0,1941.82,-0.1,16.3
6,3,101,5,1,4,3,273120,579,9.0,7204632480,\N,3496.48,50.0,11.5
5,2,1491,3,1,3,6,327750,944,7.0,6768037500,3371649514.0,2504.06,37.9,5.4
3,5,804,7,4,4,4,426271,1085,9.0,5862078792,2293425570.0,2712.35,31.6,612.0
5,3,869,6,1,4,1,282066,623,9.4,8487196700,\N,2896.05,44.5,14.8
1,5,1819,6,4,4,2,56482,101,8.1,1684530464,1211804854.0,1155.54,27.8,479.0
3,8,2,2,5,2,2,370303,868,5.6,7264159890,1946881214.0,1700.86,-3.0,56.3
4,1,22,8,3,3,5,57907,69,8.7,762739422,249580357.0,2301.66,20.8,440.1
5,7,1904,5,7,4,5,289546,918,8.4,5523495314,1760975793.0,2889.99,20.4,845.7
10,4,14,5,1,3,1,442917,1057,6.3,9372876678,6282184279.0,4243.0,44.2,7.2
9,8,519,5,5,2,2,438986,388,6.0,5589169752,1679285880.0,2336.15,-3.6,24.6
4,4,1936,4,1,3,7,47216,47,6.8,839915980,330117793.0,3856.28,30.8,9.3
3,6,616,1,3,3,7,432663,684,7.7,10924005222,\N,633.12,18.7,525.6
10,3,962,6,1,4,5,182398,316,8.1,4606607408,1775235508.0,692.4,47.1,10.2
1,3,287,5,1,4,8,262217,553,9.2,8026042822,4839260878.0,1476.5,48.5,3.3
10,8,1924,4,5,2,2,256930,670,6.2,3760992726,1847563992.0,1625.05,0.4,42.1
6,5,1115,8,4,4,4,254956,907,8.7,8087255311,3814349213.0,3150.01,32.7,592.8
7,8,826,5,5,2,5,2091,2,6.7,50098687,37950893.0,1135.64,5.1,17.2
10,6,2091,8,3,3,6,266988,446,6.2,4734231216,3576900240.0,749.61,15.4,520.0
8,8,1098,8,5,2,7,345297,850,5.4,6803939266,1623556232.0,3247.29,8.8,30.9
1,3,993,5,1,4,3,137528,340,9.2,3417460777,1441346174.0,4986.67,44.4,11.4
4,8,1585,8,5,2,8,150808,263,6.2,1594191368,855025984.0,4960.68,9.4,\N
5,5,1904,4,4,4,5,410567,996,8.9,10625966640,5559763472.0,4614.08,23.9,559.2
2,3,876,1,1,4,4,19692,23,8.5,623665332,372489750.0,357.24,\N,1.6
1,5,734,2,4,4,1,451569,851,8.7,8489813298,2191784305.0,3833.2,22.2,743.7
8,8,1886,6,5,2,7,57213,37,4.2,915041836,352015636.0,1951.64,-4.8,57.8
6,3,144,8,1,4,2,104363,443,8.7,2771088121,715243254.0,4119.97,45.5,12.9
5,2,1123,3,1,3,7,36041,48,7.3,1049766207,835152050.0,289.46,41.9,26.6
9,7,700,7,7,4,8,396573,1606,9.3,10902109028,3316989537.0,4192.86,27.6,502.5
2,5,114,5,4,4,6,282257,1053,9.3,4806356873,2592953964.0,3118.07,32.8,365.5
10,7,271,1,7,4,1,69201,256,8.5,1612867707,994031625.0,446.95,28.2,843.8
8,2,63,6,1,3,7,219401,269,8.7,6804831715,5403067818.0,4794.29,37.9,11.9
10,2,1008,3,1,3,5,493529,1383,8.8,11474351838,7013490367.0,4368.87,47.0,17.6
9,2,1428,5,1,3,3,78297,288,7.4,1334353133,612943319.0,3460.87,35.8,3.1
1,2,1983,7,1,3,1,118698,417,7.4,3130493572,1357429481.0,1877.53,43.0,10.5
7,1,318,3,3,3,7,279193,464,9.0,5462690238,2549826221.0,2572.95,26.3,499.4
8,7,1293,8,7,4,3,112171,508,9.2,2055690614,1442114298.0,185.11,29.3,553.8
3,8,1064,4,5,2,5,233402,621,5.6,4638724708,3082722723.0,3375.7,0.6,52.2
4,6,414,7,3,3,7,12133,31,6.8,297263353,227148578.0,4779.15,27.1,447.9
3,8,1246,6,5,2,3,223085,600,6.4,2914025504,1722732851.0,1132.23,5.0,55.9
7,8,1305,1,5,2,3,496023,1057,4.9,8458184196,6363674766.0,2067.24,0.3,33.7
9,7,225,1,7,4,4,97601,266,8.5,2724434314,2166643940.0,4316.28,23.1,598.4
3,8,1481,6,5,2,7,120702,215,4.5,1763637273,946657743.0,377.42,-0.4,58.9
6,4,1178,8,1,3,1,231290,341,6.9,5580865797,3546679988.0,1633.94,36.5,4.1
8,1,1377,8,3,3,5,75603,265,7.2,1063643486,346447917.0,4710.41,21.3,383.4
6,8,621,2,5,2,4,118341,122,4.1,1562823080,1228055810.0,3856.54,-1.8,54.8
2,3,1008,2,1,4,3,77287,283,8.1,2398300625,1025570300.0,450.56,44.3,16.6
7,8,1969,8,5,2,4,302101,187,5.8,6008245108,3794612003.0,2349.07,-4.2,4.1
2,3,1222,3,1,4,4,467506,1032,9.7,8484626142,4267336544.0,2587.06,48.7,15.5
2,6,1300,4,3,3,3,65525,129,7.4,1363496620,316813948.0,3715.09,22.8,345.0
2,4,1196,3,1,3,5,330929,496,7.9,6216898379,2643700445.0,1111.18,33.2,1.0
1,4,508,5,1,3,7,446842,655,7.8,8974821570,6796454619.0,1216.06,34.3,6.0
1,4,405,1,1,3,8,242718,459,6.9,5315669830,1480777654.0,4270.77,43.0,3.5
7,2,1295,3,1,3,2,457810,612,9.0,10490258340,\N,1160.91,43.6,\N
5,1,1959,3,3,3,4,364805,793,8.6,5662868015,1981454211.0,2265.43,20.5,659.8
3,8,664,8,5,2,1,240263,484,4.2,1633740347,\N,3490.86,4.0,69.9
1,3,2179,6,1,4,3,403450,1356,8.7,11481259064,7342017990.0,2648.2,40.3,17.8
10,1,1650,7,3,3,2,293065,1246,9.0,8276741730,1782547320.0,4581.01,18.2,635.4
6,1,1409,1,3,3,8,332583,1198,7.3,4564369092,\N,2580.2,19.1,574.4
1,1,1758,8,3,3,4,401388,1284,7.3,7152453188,3642648294.0,1077.25,19.8,448.0
9,4,1874,1,1,3,8,248088,811,6.9,6328551218,\N,4166.62,\N,2.6
2,6,1320,8,3,3,3,221781,666,7.1,5498660689,3743248724.0,3905.12,27.2,531.2
1,6,1407,2,3,3,3,108321,238,6.7,1132896842,\N,1051.06,27.1,301.9
7,4,1419,2,1,3,4,41306,67,7.7,1156452343,298346697.0,3867.23,32.9,1.3
6,3,1578,1,1,4,7,423453,1285,8.9,14894027678,7916855350.0,1645.2,41.7,16.9
6,3,1284,7,1,4,6,424751,1121,8.4,6971693013,2515464053.0,2848.22,46.1,5.7
5,3,281,3,1,4,6,160997,188,9.9,5071695294,1526931056.0,4855.91,41.2,4.7
4,8,1216,5,5,2,1,135027,340,5.9,2823360559,1857905575.0,269.22,9.1,15.8
4,6,637,3,3,3,3,405083,1125,7.4,10389730817,\N,894.9,20.8,440.9
3,8,1452,7,5,2,3,440554,359,5.7,3977673955,2870098600.0,3050.2,-4.5,7.9
10,6,808,5,3,3,4,286531,187,6.2,6713364023,2935311938.0,297.93,18.3,498.1
8,1,429,1,3,3,2,19521,19,7.5,328245615,\N,594.39,26.9,397.1
7,4,1416,6,1,3,3,166364,601,7.4,3251318197,1306909617.0,3084.29,41.0,3.1
9,2,665,5,1,3,7,134553,461,7.2,3063287419,819301538.0,4215.25,42.3,20.7
1,1,750,2,3,3,3,395021,698,8.0,7088256824,3196215470.0,2751.4,25.1,625.6
7,5,637,6,4,4,4,298513,1358,9.9,8697385214,4691103343.0,974.47,27.5,310.1
10,8,2135,8,5,2,6,485617,575,4.4,8279769850,1779628782.0,700.38,9.8,59.6
4,6,515,7,3,3,3,359580,1029,7.1,9836778354,5059151482.0,4112.14,23.3,329.0
7,1,1004,1,3,3,7,269658,250,8.2,4000052840,923238262.0,4518.59,18.7,591.9
1,4,1321,7,1,3,4,162684,124,6.9,2932021195,612309984.0,3785.7,33.5,6.4
5,5,1367,4,4,4,1,409107,712,8.0,10126216464,\N,1136.59,28.7,\N
3,7,341,5,7,4,4,351403,644,8.7,8939270636,\N,1792.59,23.4,423.4
5,8,1485,5,5,2,7,71720,105,6.3,1547086464,482202801.0,2182.25,0.7,21.0
4,1,1416,8,3,3,6,135546,241,7.9,3607570344,2048666453.0,664.96,23.1,291.1
2,4,1561,7,1,3,2,105919,297,7.5,1564158832,854283584.0,1304.38,30.9,4.5
4,4,1575,6,1,3,3,396682,1445,7.8,8248922853,4192470282.0,3646.8,41.9,4.4
3,6,2053,4,3,3,1,437572,344,7.8,6652057058,5063577574.0,3922.8,16.0,572.2
1,2,2028,4,1,3,8,152999,229,7.2,2713223066,589916998.0,953.07,47.0,14.3
10,1,316,1,3,3,3,331400,335,7.5,6159069000,2820948842.0,1666.77,24.4,473.1
8,4,1846,6,1,3,3,181823,515,7.7,3189284513,1643156001.0,2497.01,41.5,0.2
5,8,1102,8,5,2,7,431561,253,5.1,5698288287,3271482878.0,916.65,4.5,71.4
4,3,531,3,1,4,8,455562,795,9.9,13345278784,8133074900.0,4322.6,41.7,6.3
10,4,1860,4,1,3,6,315448,621,7.4,9222879355,3108063554.0,1547.65,35.1,0.2
5,2,662,7,1,3,4,228101,218,8.5,4374064776,2964888670.0,1277.06,45.2,18.5
4,4,1296,5,1,3,3,343256,925,7.2,6109407590,3202117850.0,4473.11,38.4,3.4
3,6,1220,4,3,3,6,70680,217,7.5,1631117700,917288700.0,3384.47,24.3,478.6
5,7,127,7,7,4,1,10362,46,9.5,163113423,77570249.0,2586.74,28.7,413.5
4,1,349,1,3,3,7,39472,112,7.3,1129242606,846247150.0,580.91,26.1,689.4
1,6,1767,1,3,3,6,364150,994,6.6,7539434430,2827266947.0,769.3,22.2,353.2
3,1,1068,5,3,3,6,74740,311,8.4,2041657632,1542670275.0,1157.96,25.1,529.4
10,5,728,8,4,4,6,484911,1261,9.7,17760932179,10995092055.0,1131.78,34.2,551.1
10,1,244,5,3,3,7,54649,155,8.0,888374144,613332379.0,4440.74,28.0,307.7
8,5,2057,5,4,4,5,416623,1654,9.2,6309005413,3634430663.0,4712.13,\N,383.9
7,6,1786,3,3,3,6,362810,1035,7.8,4281665934,\N,2113.63,23.4,269.2
2,3,712,5,1,4,3,121678,348,9.5,2784661869,1825393881.0,1043.03,48.9,5.2
1,8,86,8,5,2,6,253869,262,5.8,3925525573,1886115510.0,1404.8,4.5,53.4
3,2,1509,6,1,3,4,356370,739,7.9,9726940965,5975930093.0,165.97,39.8,0.8
5,3,271,1,1,4,2,289019,388,9.4,7199463290,2358676002.0,1114.66,48.7,0.5
10,8,1798,8,5,2,3,98753,182,5.4,1480880237,337594219.0,126.76,-3.6,49.5
1,5,1044,1,4,4,6,414058,1594,8.3,9203432789,5342464241.0,4810.73,29.7,539.7
3,4,2178,4,1,3,6,48002,119,6.4,1049438924,760374886.0,3137.02,44.8,9.8
3,4,838,5,1,3,4,78330,211,7.0,1326361890,873098123.0,3386.89,42.1,8.2
5,3,1777,3,1,4,8,210324,865,9.3,7749724298,5560804194.0,457.62,48.9,16.0
3,4,937,6,1,3,3,20892,61,6.5,416899860,87323091.0,2331.98,38.3,6.3
9,5,1334,2,4,4,5,133548,459,9.3,1974774276,1427263595.0,2186.91,34.0,715.8
1,6,1833,4,3,3,5,124538,114,7.5,2673208170,1130264526.0,4191.16,23.3,259.6
4,2,1651,8,1,3,1,197100,289,8.4,3102669360,817748571.0,3908.09,48.0,13.3
10,7,319,6,7,4,5,474542,1688,9.5,12162986002,7983761911.0,2106.39,21.9,502.7
10,1,1537,7,3,3,7,374279,1009,8.0,8937782520,4954867828.0,3652.16,20.0,337.5
4,5,1049,3,4,4,7,23354,71,8.0,388984224,149529765.0,479.52,23.3,354.1
1,8,143,5,5,2,8,26533,40,4.1,316347652,232460080.0,1305.35,\N,16.2
2,7,1733,3,7,4,4,246913,915,9.6,7713167059,5716676621.0,892.54,29.2,457.2
1,5,1173,2,4,4,5,22377,47,8.9,667767720,360569102.0,3640.99,29.4,506.5
6,1,1717,6,3,3,4,498306,1919,7.9,12569619358,9462435309.0,4421.19,21.4,553.7
3,1,363,3,3,3,3,397509,1200,7.6,7217332407,1700325816.0,3112.48,26.1,398.7
7,2,650,7,1,3,1,74710,235,8.9,1654983391,531398281.0,3341.94,41.5,8.4
5,2,549,2,1,3,6,318926,256,7.6,9419032913,\N,2975.39,39.6,6.8
9,2,1136,2,1,3,6,51312,153,8.8,1676588812,528941054.0,2973.24,46.7,1.6
7,4,263,6,1,3,6,11230,30,6.2,254970412,173159944.0,1098.74,39.2,6.1
4,8,1202,2,5,2,8,110388,140,4.0,1556029248,542263122.0,140.84,0.7,74.5
5,8,766,6,5,2,1,205711,408,5.3,1769505450,1136178152.0,1001.71,0.9,43.8
5,5,2049,3,4,4,6,115541,151,9.3,3480406880,2493913127.0,1629.29,32.5,565.2
5,6,876,7,3,3,5,363427,1199,7.8,5590088743,3861105378.0,2031.32,16.6,296.1
10,1,1860,5,3,3,7,332278,272,7.5,5034011700,1429283309.0,3620.65,24.8,553.8
9,5,1153,1,4,4,6,220591,762,9.5,4895355472,3218284541.0,127.05,33.5,381.0
10,7,1923,8,7,4,6,37348,102,10.0,577026600,422742474.0,2919.14,21.9,774.3
3,5,629,1,4,4,2,479862,502,9.4,12404432700,4903030841.0,1507.56,29.8,664.0
6,8,1526,3,5,2,7,443966,952,5.9,9311964867,4433356413.0,941.56,1.2,21.9
8,2,1725,5,1,3,5,378679,789,7.6,6866813514,5447252556.0,1455.73,46.8,27.5
9,2,653,1,1,3,6,192465,676,8.3,3463292196,2674453776.0,1865.23,46.1,5.1
7,5,2037,7,4,4,2,393626,1140,9.5,9337399159,2875899218.0,4258.71,28.4,\N
3,8,1129,2,5,2,5,133545,337,5.9,1944575454,869487475.0,1291.27,5.8,67.2
1,8,466,3,5,2,4,214515,359,4.7,2465099122,1765466651.0,2662.31,-1.9,46.3
4,8,764,3,5,2,4,479891,610,5.3,7319969379,5363325614.0,3696.42,8.7,50.9
6,2,1020,4,1,3,6,454915,336,7.2,7844554260,3364519441.0,4639.46,36.8,20.0
3,8,929,4,5,2,6,252420,734,6.8,2701701744,546587550.0,213.96,-3.7,4.7
1,4,1382,4,1,3,8,157566,278,7.5,3176530560,2336549071.0,3892.69,36.7,1.6
6,1,675,6,3,3,8,119639,144,7.1,2647694817,1183368170.0,1263.58,23.3,666.1
1,7,1009,5,7,4,2,1555,3,9.4,23124094,12657440.0,4204.88,22.5,881.5
9,8,1227,8,5,2,1,191852,391,6.1,4207218434,2752682632.0,780.65,2.3,65.4
1,5,1636,3,4,4,8,412630,1041,8.5,12265220435,6884906204.0,3363.17,23.3,639.6
6,1,281,4,3,3,2,125289,302,8.1,2060127026,714787686.0,3708.31,19.7,\N
1,4,1281,3,1,3,3,327310,598,7.1,7868728786,1941221471.0,2624.31,40.6,3.1
7,7,324,2,7,4,1,277589,1148,8.7,4206972330,3274597194.0,1755.04,25.6,803.5
3,2,1686,4,1,3,2,183544,384,7.0,3303241368,1626041066.0,829.03,37.0,9.6
6,3,1086,3,1,4,7,353612,1152,8.6,4658908822,953176323.0,569.44,41.6,4.7
7,4,542,5,1,3,8,131151,318,6.8,2121655957,1329743972.0,3790.45,43.1,3.9
1,3,1328,6,1,4,7,401541,583,8.5,6839849394,3053749407.0,347.37,45.1,4.9
1,1,1811,7,3,3,3,303094,326,8.8,6510701595,1958869175.0,2933.94,22.3,546.1
5,5,639,5,4,4,3,283919,999,8.2,7361565399,3107625302.0,193.16,27.2,512.4
6,7,436,5,7,4,8,314805,647,9.3,7169904238,2961654576.0,2331.43,26.7,739.1
9,2,1430,7,1,3,7,476437,1579,7.9,14701607083,6542369885.0,734.79,46.5,8.3
1,7,962,4,7,4,8,230217,735,8.6,4569531189,2763079519.0,3270.84,25.6,756.1
4,4,1158,5,1,3,6,316297,708,7.7,4829570522,\N,1263.07,40.3,0.0
10,2,917,6,1,3,7,337768,367,7.7,8278389688,3599559879.0,1784.58,43.1,8.4
8,3,1500,1,1,4,5,280337,833,9.7,8380786749,4879837404.0,3813.0,41.8,5.8
10,3,129,8,1,4,6,131541,364,9.4,2343139833,1871861915.0,3038.12,47.9,3.8
9,6,304,6,3,3,8,269347,395,7.9,7055921750,3991971126.0,3629.9,17.5,544.7
3,7,917,2,7,4,2,148532,487,8.5,3257306760,2459913384.0,3497.34,24.6,420.5
2,8,1186,6,5,2,7,119504,157,6.9,3212554329,1355146372.0,4456.17,3.1,7.3
4,5,922,3,4,4,4,364976,1151,9.8,6824467238,3327631093.0,3913.56,25.7,646.0
2,8,1060,1,5,2,7,281222,609,6.6,4506526305,3478588330.0,3671.45,-3.3,22.8
1,3,1251,4,1,4,6,430534,2001,9.3,8468388513,3613801379.0,385.59,40.2,5.7
3,5,593,3,4,4,5,261596,1082,8.9,8213905123,5078469021.0,621.96,22.8,360.3
7,6,2095,7,3,3,6,190119,445,6.9,4474621772,1113480971.0,2737.22,17.1,326.0
1,4,940,6,1,3,6,284657,770,6.7,6602732977,2849022242.0,1692.21,33.0,5.3
2,6,1563,3,3,3,7,311793,751,6.1,7331968291,2535136358.0,2579.42,16.9,412.7
1,5,1002,5,4,4,1,399132,745,8.9,11591072672,4014252937.0,3657.94,34.3,675.3
8,3,1611,3,1,4,7,178000,822,9.6,2657184000,1705896135.0,1659.61,40.1,0.9
5,1,1628,3,3,3,7,304094,752,7.8,4295571025,1748271973.0,4321.35,21.5,334.1
8,5,1598,6,4,4,7,56148,140,9.2,1896814195,538454370.0,2174.91,28.7,369.7
3,2,1104,2,1,3,4,333286,1289,8.6,4927100252,3772371933.0,1687.55,46.3,13.7
7,8,2188,7,5,2,3,125508,243,4.2,1784347236,580404579.0,2585.93,-1.3,63.7
8,1,1956,6,3,3,1,447833,1654,7.5,10009067550,7998626764.0,2586.96,24.2,503.4
6,7,130,4,7,4,7,162996,359,8.9,4733517937,996532964.0,4299.77,21.5,564.9
7,5,29,8,4,4,7,314277,1115,8.8,4433317072,1300120326.0,996.19,28.2,520.2
2,2,1226,8,1,3,5,375068,821,8.0,5980084192,3404462325.0,2617.9,42.1,\N
8,8,1261,7,5,2,6,95854,112,4.8,1424007024,1087473755.0,4066.45,9.7,26.7
5,7,1632,1,7,4,3,339732,935,9.0,7466629896,4976337741.0,3357.0,26.2,549.1
7,6,799,5,3,3,6,476375,973,7.3,12418286412,5057627131.0,2804.9,17.1,320.8
1,1,1363,2,3,3,3,361457,658,7.8,8350957945,4745130148.0,4256.02,29.9,398.8
5,5,1423,1,4,4,3,99397,262,8.7,2915085396,2309323097.0,3877.88,27.7,346.9
1,4,100,1,1,3,4,376196,1433,8.0,9618579328,2740397483.0,362.13,42.6,8.8
8,6,1940,7,3,3,5,11219,40,7.9,244175925,95193236.0,2268.66,21.5,571.0
4,2,422,2,1,3,5,438343,642,7.3,6031818851,3921556355.0,3535.66,41.1,2.6
4,4,694,5,1,3,6,386278,401,7.6,5601340022,2255828135.0,3216.55,39.6,7.9
2,3,706,4,1,4,8,157610,429,8.1,3270754242,1669634444.0,1722.53,\N,18.8
5,6,18,2,3,3,7,294090,1126,7.9,4655915244,2479361255.0,2222.34,\N,551.5
1,8,1031,2,5,2,4,176591,136,5.1,1624707836,\N,2561.92,-4.4,26.7
9,6,380,2,3,3,5,480929,1628,7.6,8351813014,5894156444.0,2170.8,\N,382.3
5,8,114,8,5,2,3,455501,360,6.2,8339585608,5961446595.0,3721.49,7.3,56.6
6,5,1620,5,4,4,3,237882,457,9.4,5433700644,3512582655.0,2485.8,29.8,734.3
2,5,851,8,4,4,6,141356,219,9.7,4646838194,2105067907.0,3998.44,\N,685.5
10,2,1897,2,1,3,8,136455,515,7.6,2957689416,2033098925.0,2292.21,36.6,27.0
10,6,976,2,3,3,3,28828,81,6.9,722452742,355685536.0,256.81,23.8,306.3
1,5,93,3,4,4,5,332002,956,9.0,11763826866,3159201213.0,4303.15,\N,417.6
4,3,1516,3,1,4,2,467006,1492,9.3,10219445597,3710324576.0,3681.71,42.1,8.5
7,8,1126,3,5,2,1,260026,346,5.1,4711749127,2328252483.0,901.82,0.1,68.0
6,7,493,3,7,4,2,497433,545,8.5,11471053696,3272290678.0,1740.25,29.3,\N
10,7,1509,2,7,4,4,85262,149,8.3,1068588646,552560349.0,370.02,24.3,410.5
1,7,2036,8,7,4,2,240100,374,8.3,7457169860,4064368012.0,2430.14,25.9,757.7
1,5,167,7,4,4,8,400281,1694,8.7,11415453726,8352028720.0,2311.44,26.3,525.5
8,6,140,8,3,3,8,161744,268,6.4,2723510169,960917146.0,945.59,23.7,520.2
4,7,94,3,7,4,7,21860,94,10.0,507589200,324956914.0,967.42,24.5,680.5
5,1,576,1,3,3,8,348877,1280,8.5,5139132648,4034927656.0,1262.09,24.5,255.6
7,4,606,7,1,3,6,199308,288,6.5,4526483988,3125545501.0,3560.53,30.4,1.9
8,6,1819,4,3,3,2,162049,360,6.8,3754286412,2202981369.0,1670.3,23.6,525.5
10,8,1156,3,5,2,7,473624,1122,6.6,6270592310,3653982192.0,2921.04,2.0,58.7
7,3,584,5,1,4,6,402597,576,9.8,7129429234,4846527684.0,1236.78,49.3,0.7
2,6,816,4,3,3,4,112463,205,7.9,3406346821,1663053026.0,4308.85,24.0,\N
4,3,1928,8,1,4,2,259259,252,8.9,7219870557,3950990426.0,3486.59,41.6,7.5
10,6,1536,8,3,3,1,48797,160,7.7,1101284853,633262549.0,4941.14,20.9,529.3
1,7,963,6,7,4,5,72126,314,9.1,1670402097,723723466.0,4346.82,20.3,845.5
10,4,1076,8,1,3,7,342825,844,6.3,5729942767,1543310965.0,717.72,42.0,6.2
9,4,2048,6,1,3,4,182384,538,6.9,4921796385,991055381.0,3546.57,42.7,9.0
3,3,1314,1,1,4,2,69998,179,9.3,1130754691,805689217.0,1462.68,49.2,\N
3,6,446,4,3,3,3,96530,170,7.3,2353594460,479914170.0,2993.54,21.9,502.5
10,4,1515,4,1,3,3,106325,353,7.1,2326624915,476116812.0,3254.98,34.2,8.3
9,2,1068,8,1,3,4,121581,170,8.5,2673505399,1218932868.0,3777.92,40.5,29.3
10,6,882,1,3,3,3,42862,72,6.1,1009490110,437142046.0,2566.75,27.0,477.4
3,4,937,6,1,3,1,316833,280,6.7,4181878767,\N,1899.26,\N,4.8
8,1,1949,3,3,3,7,203991,755,8.9,5867760316,3270827558.0,4729.0,18.9,421.4
2,1,1550,1,3,3,2,171652,351,8.9,3756621185,1402835896.0,1709.14,21.9,489.1
3,2,462,5,1,3,1,487752,1364,7.9,8677498281,5511312527.0,1500.83,39.4,8.4
2,4,101,1,1,3,1,106829,299,6.6,2008043347,979618273.0,1600.5,43.6,6.1
1,1,408,2,3,3,5,147420,228,8.0,1944764640,962962479.0,4131.08,27.5,502.3
2,7,1740,6,7,4,2,396968,1771,9.2,5909106860,3721233568.0,3192.14,25.6,897.1
8,6,259,2,3,3,4,388873,881,6.2,9424648253,4064748325.0,961.95,25.5,334.8
9,5,509,6,4,4,3,227245,835,9.7,7382121998,4369849745.0,1016.0,31.6,429.0
2,4,1691,6,1,3,7,14492,43,6.4,315438668,248883340.0,603.74,42.8,6.8
7,8,309,4,5,2,5,151286,266,4.8,1356490790,932444231.0,2126.67,0.8,15.5
5,2,625,3,1,3,1,229199,498,8.4,7470053808,5394797335.0,2409.22,37.4,12.5
3,4,2158,3,1,3,3,367575,659,6.3,5988458385,1651219877.0,1786.02,38.0,0.7
9,3,679,6,1,4,2,269621,959,8.9,5735108291,1694749751.0,1995.9,49.9,12.7
6,3,1284,6,1,4,1,191265,183,9.6,3585989232,2728437342.0,3071.01,49.6,10.2
1,1,1681,8,3,3,1,499399,1755,8.2,14729973264,10716842381.0,2758.66,23.3,648.4
5,8,742,2,5,2,2,144347,243,5.8,1615820318,991957081.0,2221.87,6.4,61.5
7,3,907,8,1,4,4,233701,533,8.0,5118986704,2543654595.0,2507.04,41.3,6.5
4,2,268,8,1,3,5,226263,504,8.9,5489457148,1691227268.0,3973.58,35.3,19.8
8,8,2031,5,5,2,8,13435,21,5.7,134167284,37470135.0,2604.57,-1.5,58.3
10,1,940,1,3,3,2,255002,621,8.1,7427596255,4747468396.0,4790.96,24.7,623.4
5,2,811,6,1,3,3,51596,129,8.5,747755030,450437032.0,2784.9,47.2,29.2
9,6,1201,8,3,3,3,179138,437,7.9,5008358117,1294068765.0,1669.24,16.1,472.9
9,2,2152,6,1,3,8,317265,385,8.8,9727091088,2173621135.0,4720.77,46.9,6.1
9,3,1260,1,1,4,1,156450,201,8.1,2626998885,858916303.0,535.52,41.6,1.6
1,6,1117,1,3,3,7,484245,517,6.3,9789835891,3206657945.0,4373.04,27.5,293.5
2,3,1835,5,1,4,6,117303,312,8.3,2049459364,1362908703.0,654.67,42.4,13.3
3,2,899,5,1,3,5,363052,1197,7.8,6416871489,3181231837.0,3229.38,43.2,0.6
4,3,925,1,1,4,4,497609,1244,8.7,14429217933,8372278524.0,4448.49,47.6,5.3
10,8,1791,6,5,2,4,325260,654,5.1,5487396408,2267889873.0,575.79,-3.4,54.3
9,3,1059,6,1,4,8,324284,542,9.2,5916107582,1852616628.0,4997.76,41.8,0.3
10,3,688,1,1,4,8,68682,66,9.0,1687516740,909645943.0,2435.35,44.8,14.2
6,4,1482,6,1,3,6,99633,334,7.1,2613114544,1597964322.0,2477.86,36.1,8.8
1,6,1495,5,3,3,3,265754,634,7.0,3004348970,1031467604.0,1747.16,25.4,548.6
9,8,1959,1,5,2,4,163827,133,4.7,1624672359,1257822313.0,2005.41,-0.0,12.8
6,6,788,5,3,3,7,136939,349,6.6,3431718727,1587676834.0,2303.3,16.6,501.9
4,7,399,6,7,4,3,362085,1504,9.3,7071520050,5141474218.0,937.12,28.8,755.4
4,6,2165,6,3,3,8,30573,46,7.3,568000480,179986761.0,2456.59,18.4,\N
3,7,362,4,7,4,5,452799,1142,9.9,13210546664,2872692288.0,3004.49,20.1,565.7
7,2,204,2,1,3,8,311489,297,7.3,8047224868,4719545207.0,176.43,42.1,18.8
3,7,727,2,7,4,6,27258,99,9.4,839393755,196516051.0,3737.3,\N,637.3
2,7,2039,7,7,4,1,388434,1408,9.3,14229386191,8161158468.0,2827.82,27.0,832.4
10,5,1641,5,4,4,8,422346,1334,9.9,12982704867,6293547994.0,592.72,22.0,670.3
8,2,1605,1,1,3,7,71081,136,7.6,1926949045,\N,4221.29,35.4,3.9
4,6,767,2,3,3,3,235118,655,7.4,6655014990,1665697169.0,2509.03,25.1,405.0
8,1,1255,6,3,3,5,52294,193,7.4,808005052,322046803.0,2155.87,18.5,400.5
1,3,1227,8,1,4,6,154312,359,8.9,5235312361,2825398038.0,1946.62,48.1,3.1
5,3,395,3,1,4,3,66822,204,8.1,976429792,708443516.0,3934.56,40.2,11.6
9,5,248,1,4,4,2,232425,812,8.2,7194715874,4052634327.0,450.84,33.6,369.1
1,1,914,5,3,3,3,413346,1438,7.3,9290654038,2789277882.0,3541.93,18.0,260.1
4,4,1420,6,1,3,5,251654,646,7.9,4341937454,1801559919.0,3203.78,34.0,6.3
6,7,1819,6,7,4,4,251615,816,8.9,4380214566,999658926.0,2145.75,27.3,746.9
10,8,356,3,5,2,3,497685,465,4.9,6264908548,3393271092.0,4759.3,7.5,1.3
8,2,241,5,1,3,1,62110,71,8.5,1396916010,421954267.0,2776.07,44.6,21.6
3,4,1911,7,1,3,5,39040,141,7.8,1183942656,708372605.0,2999.11,40.9,3.1
5,1,621,1,3,3,8,469911,1668,8.8,12934958150,8631072126.0,3827.4,28.1,376.4
7,5,1563,6,4,4,4,479244,2084,9.6,8727608332,2092350021.0,3145.38,23.9,508.7
1,1,855,7,3,3,5,22100,29,8.7,531626549,121438917.0,4222.27,26.8,400.0
7,5,1106,4,4,4,3,48427,125,9.4,1124378086,665828179.0,1183.26,23.2,694.3
8,4,1351,6,1,3,2,51720,145,7.5,937942200,692132914.0,3939.45,33.8,10.0
8,4,1061,4,1,3,2,166677,615,7.5,3731481337,2976050174.0,364.74,43.0,2.6
9,8,382,8,5,2,8,420961,418,4.1,5360769950,1198230082.0,3432.08,-4.3,79.7
6,1,1936,4,3,3,7,2316,7,7.6,34481534,24435942.0,4927.7,20.7,479.6
6,1,2087,1,3,3,1,272990,1021,7.8,5065657038,3341427626.0,3452.58,29.3,510.8
2,7,1133,8,7,4,6,461054,1143,9.4,8191085364,1646264849.0,1681.61,25.2,530.5
3,3,2080,1,1,4,6,198918,695,8.2,3226370392,1892727809.0,2557.33,49.1,16.0
4,5,945,3,4,4,7,437668,483,8.1,11188369684,6813004969.0,4964.45,31.0,442.5
4,3,1745,6,1,4,1,121237,371,8.0,2158988496,\N,2420.59,43.9,9.1
8,2,106,1,1,3,4,379253,857,7.9,9374792832,3975327033.0,3949.53,46.0,28.3
1,2,206,1,1,3,2,236305,206,7.2,3872377296,\N,952.48,35.9,19.6
10,1,835,3,3,3,3,21600,79,8.9,541540080,208914404.0,4212.22,28.3,653.5
4,4,89,3,1,3,8,112665,289,7.2,2133424440,1131517555.0,922.93,30.8,1.7
4,2,1073,6,1,3,7,175362,388,7.9,5434766495,1817943605.0,4968.53,38.2,11.9
1,2,896,7,1,3,5,94014,141,7.6,1378997352,810098737.0,583.61,41.7,22.1
3,8,1597,5,5,2,7,66763,116,5.2,884235877,\N,1939.08,5.7,59.4
5,3,1195,2,1,4,8,97583,164,9.9,1452005765,493863513.0,3526.77,45.7,9.8
6,8,143,6,5,2,5,356983,291,5.8,5052023416,3220229037.0,3738.43,3.5,6.5
9,3,207,2,1,4,2,144198,426,8.9,2444804991,673495040.0,1566.28,42.5,6.2
9,7,2053,8,7,4,8,221904,329,8.3,4243514572,\N,3010.62,21.0,410.7
9,8,211,8,5,2,7,300289,601,4.8,4527397195,3010026974.0,471.01,0.4,49.3
1,7,29,5,7,4,2,208196,264,9.5,3445435604,2254389921.0,227.14,28.4,683.4
9,2,1214,4,1,3,5,274683,354,7.6,4185619553,2129191148.0,730.36,42.4,9.1
8,1,188,7,3,3,4,201280,677,8.4,4280984064,2895430181.0,2014.58,18.6,470.5
2,3,1861,6,1,4,5,368842,1326,8.1,6504049175,2858363838.0,2469.08,48.8,19.8
1,2,1174,1,1,3,1,199760,315,7.6,4546937120,3521683122.0,540.49,44.6,17.2
1,4,2033,3,1,3,7,78178,88,7.9,1451374570,695648219.0,2226.39,39.3,0.5
6,3,1390,6,1,4,3,475262,885,8.4,9872712578,7760388419.0,4557.14,43.8,9.8
9,2,157,3,1,3,7,160835,185,7.7,2736929195,1907635291.0,2991.66,43.9,26.0
7,7,2128,4,7,4,2,64037,92,9.5,1699125739,340637699.0,1574.49,25.9,800.4
5,8,1892,3,5,2,6,261343,561,5.7,2502620568,\N,981.27,6.8,58.4
2,5,1297,4,4,4,7,190282,693,9.5,2904940153,1121815090.0,2586.65,34.1,593.2
1,3,1742,7,1,4,2,467775,1894,8.8,15354246600,4740881834.0,1237.82,43.4,4.0
2,5,1814,5,4,4,4,384793,1247,8.3,12551562867,4793445627.0,4715.78,31.1,\N
1,3,232,4,1,4,1,341643,459,8.0,7636404336,3279148614.0,1670.85,41.5,\N
3,3,160,8,1,4,7,384594,1297,8.3,5120176840,3361663531.0,273.26,46.1,18.4
6,8,344,2,5,2,5,97751,175,5.3,1324731327,1009765127.0,3928.75,-2.0,52.4
8,7,205,8,7,4,1,231280,651,8.3,7561398936,4080382240.0,3967.5,27.3,516.9
3,6,305,6,3,3,1,26033,56,7.7,775757367,585083054.0,4456.34,27.4,577.7
10,6,1384,8,3,3,4,495531,473,6.2,7760610097,4983135350.0,4105.05,25.1,340.8
9,5,400,8,4,4,4,142132,558,8.5,3222061374,2145976886.0,1520.45,28.1,416.5
10,1,2154,8,3,3,6,349773,306,8.6,5005391539,3765941266.0,3821.82,26.6,323.3
5,2,986,4,1,3,5,238935,474,7.2,5654731284,2268799693.0,4298.44,42.8,9.6
7,1,1806,6,3,3,6,182660,276,8.1,3368926242,1272060495.0,4235.19,22.6,620.2
8,1,952,5,3,3,5,34008,50,8.2,435588067,273707192.0,2300.46,29.9,546.4
3,6,1445,7,3,3,3,272142,637,7.4,8047347796,2958775619.0,3528.0,16.4,347.6
2,2,2097,8,1,3,1,36684,46,8.8,841912473,427826233.0,4651.56,43.6,23.0
2,6,206,4,3,3,5,198865,154,6.6,2021263860,793652968.0,3146.54,26.2,244.1
5,8,1242,5,5,2,4,34524,65,5.7,314465306,115135078.0,1641.95,9.0,37.6
1,8,1842,2,5,2,3,82188,193,6.8,1109932502,435753496.0,449.76,8.9,34.0
2,6,1460,7,3,3,6,389465,403,7.4,9493443054,7452124904.0,603.67,19.6,361.5
9,7,1346,1,7,4,3,214867,300,8.5,6010582024,4238482437.0,2427.99,30.0,578.3
7,6,231,5,3,3,4,255167,293,7.6,5881803483,3517563462.0,3044.24,22.0,356.7
6,4,1511,1,1,3,8,107428,326,6.8,1941696643,643141666.0,936.64,39.9,7.2
9,1,883,5,3,3,5,28461,92,7.4,694807008,262627976.0,978.77,24.2,328.7
7,7,1510,8,7,4,8,342472,697,9.3,9739698196,7411127403.0,624.98,25.8,629.6
5,7,433,7,7,4,4,224733,698,9.7,8669502467,4439183061.0,1625.94,28.8,772.6
9,1,1209,4,3,3,5,256469,892,8.9,3690922319,864553394.0,2916.36,28.5,523.8
6,7,2145,1,7,4,4,211823,843,8.2,4338897602,2807405040.0,3444.09,28.2,673.2
6,1,1143,7,3,3,4,156404,167,7.7,3074605472,1129486136.0,4558.25,26.6,563.1
4,4,1818,5,1,3,2,433024,1328,7.5,6056923200,1683867662.0,3003.44,35.2,7.0
1,3,1008,6,1,4,5,106920,182,9.7,3879880883,2482654876.0,1194.01,46.1,4.6
5,7,618,5,7,4,1,19720,95,9.9,722343600,\N,3650.5,29.6,560.2
9,5,397,1,4,4,2,19188,63,8.8,374181350,\N,4471.24,25.8,391.1
8,5,318,6,4,4,2,384448,1329,9.2,10812369331,6928174396.0,1088.47,27.6,730.2
8,4,2190,8,1,3,2,223890,257,6.1,4508271429,3499969663.0,3878.93,30.7,3.5
5,1,457,7,3,3,2,236848,475,7.4,4947802089,3200749888.0,4044.16,18.9,548.5
9,5,501,5,4,4,1,212426,222,8.2,4041192224,1686023857.0,1566.59,29.1,\N
3,4,323,1,1,3,2,364790,290,7.8,8641364394,6114871146.0,2525.76,43.7,3.6
3,6,1000,2,3,3,6,29374,42,7.1,821082609,334876525.0,2105.24,20.5,573.5
1,2,878,3,1,3,8,483216,1913,8.7,12851564414,5807510475.0,1289.67,41.7,11.7
9,5,679,2,4,4,1,38051,93,9.6,681995683,310569234.0,2601.51,30.2,324.3
6,8,2062,1,5,2,6,291397,390,5.3,3772979216,885950764.0,4378.85,1.5,56.7
2,2,1004,4,1,3,8,206769,244,8.1,5528610198,4020571532.0,402.42,43.0,28.4
8,8,155,4,5,2,1,132620,115,5.0,1676316800,615944150.0,4561.65,-3.9,60.6
9,1,101,3,3,3,6,195989,619,8.1,2738456302,1088683494.0,323.68,26.1,319.2
9,5,1067,1,4,4,2,438789,1099,8.7,13968101873,5726908056.0,2258.37,26.5,459.2
2,4,1335,6,1,3,8,471012,399,6.6,11763242092,7970433220.0,181.76,41.3,7.4
2,3,621,5,1,4,3,370100,977,8.9,11818477320,7380391707.0,3628.28,41.8,3.5
7,5,1629,2,4,4,1,88335,330,8.1,2161566283,1608717004.0,609.02,30.1,481.9
4,5,1015,6,4,4,8,80119,196,9.2,1505884676,666618132.0,4184.47,28.0,629.9
1,5,1952,7,4,4,2,294250,401,8.3,4237347125,2437963668.0,4496.42,26.1,553.2
8,5,403,2,4,4,7,417383,750,9.7,12093213303,7615874918.0,2045.81,27.1,391.8
2,8,1172,3,5,2,7,147080,256,4.7,1843633092,663356876.0,4930.34,0.9,38.3
3,4,2076,8,1,3,4,376633,661,6.4,5394589785,3287148490.0,2017.0,40.7,6.7
5,4,259,3,1,3,8,143880,316,7.0,2437327200,1678932980.0,2314.02,31.5,1.2
3,8,620,7,5,2,4,196056,433,5.4,4091884776,2295329401.0,2126.31,9.6,67.6
7,3,1466,3,1,4,5,237649,827,10.0,9273063980,6552565705.0,2746.01,46.7,8.7
7,4,1974,8,1,3,7,42631,96,7.6,1272330721,512904836.0,4602.19,35.8,9.7
2,4,1962,7,1,3,1,404593,1296,7.2,10647269388,6123392075.0,583.97,36.0,8.4
7,1,1653,6,3,3,7,134556,548,8.6,2511084071,700684454.0,2002.55,26.2,319.3
6,7,876,6,7,4,1,140499,439,9.6,2421078768,852298802.0,1815.63,23.4,496.3
10,1,1551,3,3,3,8,106920,426,8.8,2969467776,2171947730.0,544.55,28.2,\N
9,7,1235,6,7,4,6,402540,515,9.2,13813562639,5080110389.0,3890.46,28.2,536.8
9,2,543,3,1,3,4,294003,519,8.3,4712074281,3394173467.0,735.62,40.7,12.4
2,3,453,8,1,4,1,291761,832,8.7,5373624921,2264145656.0,281.59,47.4,13.4
7,7,404,6,7,4,8,336658,1171,8.1,9855124297,\N,4869.32,29.2,519.0
5,1,1019,3,3,3,7,46423,47,8.9,1325432357,661225289.0,3501.53,18.9,268.4
6,3,1429,5,1,4,1,488588,2081,9.5,11645739274,8992836170.0,3662.15,42.7,12.5
1,3,883,8,1,4,8,116536,177,8.3,1542761836,412574270.0,2896.46,49.3,\N
7,5,1852,5,4,4,4,252603,993,8.5,6067776663,3152735254.0,898.14,26.4,319.5
6,6,575,7,3,3,2,392452,825,7.8,11684316415,2546917746.0,2693.38,17.9,\N
4,6,1459,2,3,3,6,72130,116,7.3,1171044976,825024701.0,3894.8,22.7,477.2
1,6,1500,7,3,3,4,389767,1059,7.3,8009516966,2751200861.0,3557.0,15.7,406.8
9,3,1492,2,1,4,3,203040,682,8.4,5682845952,3902450628.0,3226.92,48.6,\N
4,5,1163,7,4,4,7,80738,114,8.8,1872863238,1187187836.0,457.3,24.4,536.8
2,2,111,3,1,3,7,43728,143,9.0,944524800,406108934.0,3255.52,44.9,11.0
8,2,682,2,1,3,4,406309,1158,7.8,7431797918,5492136099.0,382.53,43.3,6.8
2,6,769,6,3,3,6,131750,141,7.5,2847776250,658352629.0,4592.56,23.6,444.3
5,2,279,3,1,3,4,395627,498,7.8,6788959320,1509652939.0,4278.42,40.5,22.7
6,5,363,5,4,4,6,182223,264,9.9,6259906719,1998984521.0,165.68,23.9,356.9
8,6,1649,4,3,3,7,359867,585,7.9,5538065236,2087811149.0,1108.48,15.7,471.5
1,7,1432,5,7,4,2,190913,737,8.9,6174622793,2695730396.0,2867.73,24.3,762.1
1,7,1199,1,7,4,4,70548,239,8.3,954443892,745214338.0,272.23,29.3,610.2
4,5,601,5,4,4,4,240725,565,9.2,8659359700,2231913233.0,4553.15,26.7,760.5
5,8,1159,1,5,2,8,478311,1121,5.7,5883512286,4686974111.0,4498.59,-0.9,37.0
9,2,1519,2,1,3,2,182894,166,7.2,3517271092,2017610784.0,886.9,35.5,22.4
7,6,1839,5,3,3,7,19216,54,6.1,398305404,\N,4606.65,27.2,419.6
7,7,871,4,7,4,8,4489,11,9.9,164165423,40158967.0,3530.14,25.9,556.6
8,5,1443,6,4,4,4,478390,2247,9.8,17829308266,4584424837.0,2336.52,27.3,487.0
5,4,1342,5,1,3,2,293091,293,7.1,4923518472,3734535964.0,2323.62,37.0,7.7
5,7,2121,6,7,4,3,330230,955,8.5,4735333085,2214584501.0,1608.57,25.8,408.0
1,4,1382,5,1,3,2,359659,1082,7.0,8355957547,4424129503.0,2949.46,36.8,2.6
9,5,1172,5,4,4,1,205561,927,9.9,4334664807,2102267474.0,3028.31,33.9,641.2
6,5,1249,8,4,4,1,262299,490,9.4,5843497122,1949868282.0,892.32,29.5,527.8
9,1,1129,6,3,3,8,239562,319,8.8,4871924481,3643797892.0,2445.11,29.1,300.0
3,7,1562,6,7,4,6,99135,371,9.7,2855980214,1829042701.0,596.28,23.0,880.7
5,1,1285,3,3,3,2,212408,250,7.7,4496103858,2926210482.0,3876.59,25.1,262.1
2,3,571,5,1,4,4,430840,801,9.5,13916132000,4134755568.0,3986.12,43.6,4.6
10,7,1950,5,7,4,5,425462,2099,9.9,14898105030,4998597325.0,4285.09,29.4,654.5
5,6,1978,8,3,3,7,363767,784,6.3,4771386232,3344107515.0,274.13,21.8,421.0
8,3,1981,4,1,4,7,5042,21,9.2,155440826,105973932.0,3348.11,45.0,17.7
2,3,447,6,1,4,5,210635,655,8.6,2728060266,1333467059.0,4385.47,46.5,5.1
8,2,783,8,1,3,8,398584,1114,8.6,9142002340,4049815438.0,1709.74,36.1,26.8
4,4,1281,6,1,3,8,8624,22,7.7,101001700,58214908.0,3971.84,44.7,6.4
10,2,944,1,1,3,3,334802,1144,7.0,6419158746,1883927201.0,78.27,40.6,8.3
10,6,637,1,3,3,3,486444,1877,7.9,14549248173,3564605177.0,3343.14,17.0,409.1
1,5,531,6,4,4,5,195926,923,9.7,7065992819,3309592677.0,1241.4,24.2,301.9
5,1,119,4,3,3,5,131229,219,8.6,2138639012,633659288.0,437.02,28.5,289.6
1,6,66,8,3,3,2,388166,364,7.5,8131107285,2187721035.0,2526.06,\N,373.5
7,5,2105,2,4,4,5,72619,245,8.9,1248669181,461060973.0,1864.49,\N,754.8
8,6,1068,5,3,3,1,12987,26,6.9,303062034,159944949.0,3003.36,15.1,584.0
3,5,1914,2,4,4,3,275599,1266,10.0,9491629560,2418863540.0,4288.04,27.1,576.2
3,7,424,4,7,4,7,327978,903,8.7,8557372391,4129480482.0,1990.61,20.8,799.8
7,1,395,2,3,3,6,318873,750,9.0,5266187595,2546042461.0,4637.31,20.1,602.5
4,5,1281,1,4,4,7,56074,121,9.6,1125607046,\N,1379.01,32.3,636.9
3,3,2041,3,1,4,3,247418,312,8.6,6070598564,3147274922.0,3900.71,41.8,10.5
8,6,954,2,3,3,7,197401,282,7.5,4790922270,1189248430.0,3221.21,23.6,253.8
3,1,1820,3,3,3,1,318144,740,8.0,9633400320,4524942541.0,2600.4,23.9,524.7
7,5,1860,2,4,4,3,224608,410,9.3,6366828211,3885202894.0,2274.02,24.3,625.6
2,3,763,8,1,4,8,235692,946,8.6,7795654315,5107411052.0,4572.39,48.6,7.2
1,3,1630,4,1,4,5,225864,914,8.7,5873435215,1276422627.0,3259.45,\N,5.0
6,7,1404,3,7,4,3,402200,1253,9.7,14899217459,9792466908.0,1837.65,22.1,790.5
8,4,443,2,1,3,1,195449,247,7.5,4437180922,3282253812.0,2783.46,38.4,7.2
1,3,1498,4,1,4,3,345725,768,9.7,10972758339,3476284778.0,2778.68,48.2,13.6
10,2,157,7,1,3,6,189326,703,9.0,3099455946,1513822040.0,4391.11,46.5,20.7
9,1,89,7,3,3,6,197616,615,8.4,5944368326,\N,255.79,26.3,447.4
3,1,980,6,3,3,6,29031,102,8.8,992511828,471898088.0,2231.93,26.6,416.2
3,8,462,8,5,2,7,175821,233,6.4,4471760985,3508751486.0,2575.13,-1.7,\N
4,1,380,7,3,3,6,226397,172,7.4,4092850245,3266963970.0,802.21,29.6,559.3
1,5,401,1,4,4,5,218668,210,9.1,5726871186,3135761137.0,53.87,33.6,388.5
9,6,1103,5,3,3,6,354895,838,6.4,6248423328,1839460667.0,60.57,17.0,542.8
3,5,551,4,4,4,6,103683,302,9.1,2164424098,1212327423.0,4922.6,29.4,415.8
10,2,1410,4,1,3,2,149349,288,7.3,3172620807,2162736547.0,425.72,41.8,10.6
4,8,445,1,5,2,6,273454,501,4.5,2865934647,1927141084.0,496.63,3.5,61.2
1,6,2100,3,3,3,5,120719,425,7.7,1752175925,849568351.0,665.13,27.0,313.2
4,7,1968,2,7,4,8,193782,761,8.7,4138892847,3065251276.0,4944.33,28.0,407.4
1,3,1918,3,1,4,6,27052,98,9.1,961306345,391919549.0,3735.99,47.0,11.8
5,8,329,8,5,2,3,260788,729,5.6,4010293548,1864505022.0,2072.93,-0.9,\N
5,5,1932,4,4,4,8,30312,27,8.7,1010289866,289811798.0,4935.87,28.8,538.9
7,6,1991,6,3,3,6,443574,614,7.1,12528215341,7416225579.0,2823.82,22.1,262.0
8,3,770,7,1,4,4,359569,1273,8.5,9529657207,5275044085.0,4044.74,40.7,4.6
4,6,1483,2,3,3,3,345862,542,6.7,5542922756,2555118471.0,424.15,26.8,260.8
7,3,125,7,1,4,7,180052,805,9.8,3080833761,2422047379.0,4699.66,49.5,6.2
4,6,204,7,3,3,6,486779,1414,7.7,11229602106,5223731600.0,4764.98,27.0,226.0
3,5,643,5,4,4,6,188337,168,8.2,5135008305,2160318289.0,4324.53,28.8,752.1
6,8,1045,7,5,2,3,69894,129,6.5,747341595,304903110.0,847.16,-4.1,33.2
4,5,590,8,4,4,1,216599,294,9.3,3964281537,1406583264.0,66.28,22.9,539.7
3,2,1587,8,1,3,4,54371,188,7.6,1497094610,\N,4497.49,41.2,4.8
9,7,1140,8,7,4,1,66776,102,8.5,1083540764,217974191.0,1570.25,22.9,422.3
5,7,55,5,7,4,6,422584,578,9.2,6305967481,2045034635.0,1846.95,27.5,685.6
7,4,1075,2,1,3,1,446767,1250,7.3,5932484962,2114802281.0,2378.09,33.6,3.3
6,1,842,8,3,3,5,60181,113,8.5,1247642401,636072957.0,1622.34,20.9,657.4
10,5,492,4,4,4,8,32938,94,8.1,1043446195,730454991.0,2994.2,22.3,650.0
5,5,985,6,4,4,2,497625,1772,8.9,12285664575,3308940740.0,2046.95,22.2,664.6
7,3,993,1,1,4,8,161009,482,8.8,2625477157,817757696.0,3672.13,45.4,8.3
6,4,1995,7,1,3,3,34702,70,6.1,349698994,199991654.0,207.93,34.2,9.5
10,7,1933,6,7,4,8,169882,240,9.1,4265210385,1580566712.0,1065.04,26.5,629.5
2,5,961,7,4,4,4,48866,45,8.2,1208114117,\N,4577.69,23.6,354.7
3,6,1887,7,3,3,3,444189,1186,6.2,4508251836,3377020865.0,274.01,16.9,537.3
2,7,2046,3,7,4,1,450077,1162,9.8,11953144966,6999894403.0,2413.48,22.5,770.4
3,4,103,6,1,3,8,58854,82,7.4,1455942022,951461866.0,947.95,30.6,8.2
1,1,970,6,3,3,7,455243,1783,8.5,9399174599,6070872383.0,3905.53,\N,340.0
8,6,1072,3,3,3,2,328355,1190,7.8,9343144512,6137833111.0,2622.58,21.5,389.4
6,3,737,1,1,4,1,482706,2037,9.0,13858489260,10904064687.0,3607.61,47.6,2.7
2,2,1366,1,1,3,3,437001,696,8.0,7981386264,2546460321.0,4155.96,35.8,25.9
8,6,228,5,3,3,5,210762,536,6.8,4558950669,2077380269.0,3767.9,16.5,472.5
6,8,1721,8,5,2,3,239388,336,4.5,3488122548,1130862013.0,2075.3,\N,2.7
7,7,1616,7,7,4,8,179979,572,9.8,4758716751,3322582237.0,2302.79,28.9,440.5
1,8,2061,8,5,2,1,363419,611,6.1,6697121673,2442874786.0,3292.28,4.2,12.0
7,1,445,1,3,3,4,83859,118,8.3,1608524636,420220495.0,3753.39,20.2,330.3
3,6,1348,2,3,3,7,55590,88,6.2,717233298,553431993.0,1892.1,27.8,354.3
8,4,1620,5,1,3,4,94740,97,8.0,1718962560,1075079532.0,3902.09,44.0,1.9
6,4,598,8,1,3,4,131780,349,6.5,3282376240,1025246747.0,74.41,37.8,8.9
4,1,1182,4,3,3,7,293965,628,7.3,6420665944,3863360507.0,4564.85,27.4,630.4
8,7,798,5,7,4,4,145477,231,9.7,5074412332,2353262121.0,2999.02,22.7,495.5
9,4,835,7,1,3,8,131819,327,7.6,3036529756,734488776.0,2849.79,42.6,4.4
10,6,2033,6,3,3,4,94061,74,6.3,2344856075,745553780.0,2827.82,27.1,497.1
2,2,357,6,1,3,6,36162,38,7.4,632603563,354704713.0,247.59,45.6,0.4
6,6,8,5,3,3,2,456537,983,6.1,8992363635,6659359355.0,4749.62,19.8,217.0
5,2,2144,3,1,3,2,12466,14,7.2,283895697,181920382.0,3832.38,35.8,23.7
5,4,1330,7,1,3,5,230665,377,7.8,6104641491,3546275603.0,3593.06,37.0,7.6
10,6,1974,1,3,3,8,365028,860,6.5,4773836184,2295605904.0,3520.54,24.6,440.9
3,4,1489,6,1,3,8,193029,437,7.6,3934548712,2020781758.0,2741.03,41.1,0.4
8,7,614,6,7,4,4,486088,805,9.7,8652123356,1952593017.0,3132.27,21.5,\N
8,2,689,2,1,3,1,280774,438,7.7,7882505430,4204297079.0,4625.84,46.5,16.0
5,7,898,7,7,4,1,183285,695,8.1,5686050555,1554172784.0,1834.61,27.3,856.5
8,4,1352,1,1,3,3,198225,540,7.1,2757091702,2170377568.0,3008.51,36.1,\N
10,5,110,7,4,4,4,386380,697,8.3,11609173480,4833348127.0,1982.38,27.3,333.0
8,3,710,6,1,4,7,281997,313,9.7,8408530146,3953824466.0,637.76,40.0,17.2
3,6,1161,3,3,3,7,206340,627,6.9,4265543016,2936331193.0,765.33,22.8,322.1
2,5,649,6,4,4,1,440034,1654,8.6,12473027750,6141361805.0,369.97,30.6,682.5
9,7,2004,1,7,4,6,408579,719,8.5,6817344904,2725183542.0,1980.28,23.5,859.9
2,8,1667,2,5,2,5,333966,612,6.0,6875024076,1976443338.0,1778.54,4.8,74.2
9,4,1528,8,1,3,1,6820,9,7.3,80006102,43352801.0,662.66,34.5,2.9
4,4,1914,8,1,3,6,314998,673,7.9,5280563472,4069047528.0,2273.0,34.7,7.5
2,3,246,1,1,4,6,49949,55,8.5,963341388,598963683.0,1104.53,47.8,15.2
10,4,1609,7,1,3,5,173529,170,7.7,2434507752,804720131.0,550.97,\N,7.5
1,3,798,7,1,4,4,273680,424,8.9,4754587904,2729580408.0,1643.53,47.8,7.5
4,6,1074,3,3,3,3,405109,346,6.9,6923839451,2530901975.0,3387.57,\N,356.0
9,2,515,2,1,3,8,146270,522,7.7,2486824032,1332484218.0,234.38,35.7,22.2
9,3,506,8,1,4,3,396379,1115,8.9,7263684812,5252392026.0,3446.25,41.3,18.6
4,3,155,1,1,4,8,487169,1894,9.8,14327542856,5643905435.0,756.43,42.6,5.9
9,5,2007,3,4,4,2,281343,492,8.2,8395218851,6623261737.0,4547.84,29.2,579.3
6,4,1898,3,1,3,4,119783,115,6.3,2431427203,1147750859.0,532.9,34.6,6.1
1,6,1504,5,3,3,1,368907,1014,7.0,8069840625,2525573360.0,997.37,22.6,261.8
10,2,111,6,1,3,7,90127,93,7.8,1751149584,\N,1176.74,40.7,7.8
6,1,1675,7,3,3,3,135130,308,7.8,3160987986,1034158584.0,3334.31,26.9,390.1
9,7,1191,2,7,4,8,173445,661,8.7,3899182355,1879307486.0,4065.04,26.1,805.7
2,3,1043,2,1,4,6,209612,714,8.0,5958011488,\N,2671.23,41.9,19.6
6,1,1922,6,3,3,5,184152,601,7.0,4224262728,1955923117.0,3733.59,25.2,428.7
2,4,294,7,1,3,6,316537,1057,7.6,9153616965,6855494187.0,4442.95,37.0,6.1
4,7,1486,7,7,4,5,460256,858,10.0,17176753920,7869435826.0,3072.62,23.4,858.5
8,3,338,1,1,4,1,321297,1015,8.9,9004701851,2765501312.0,1586.72,46.1,14.9
7,8,1828,5,5,2,1,425938,1044,5.2,8810783092,2007746780.0,807.86,5.0,43.2
9,8,717,2,5,2,4,3093,2,4.6,26307202,18733149.0,2964.12,3.8,31.5
7,1,631,3,3,3,1,249030,434,7.1,5479382187,3571315939.0,4190.37,29.0,432.5
1,5,765,2,4,4,1,6317,24,8.6,158741156,\N,992.31,34.3,372.1
2,1,85,5,3,3,1,180111,421,8.9,5304286961,1647302249.0,4997.42,27.0,605.5
6,7,737,6,7,4,7,5563,16,9.7,151792574,82066287.0,679.13,\N,898.1
7,5,1413,4,4,4,3,413502,1703,9.1,10453247859,4114933125.0,243.51,22.1,674.0
3,7,227,6,7,4,8,380072,1058,8.1,6083280403,2600732032.0,3445.38,27.3,530.1
9,2,1308,3,1,3,4,210179,713,8.3,2679530035,1154913531.0,1857.03,45.9,20.0
7,4,109,2,1,3,7,243636,568,6.9,4433030110,3120186032.0,3368.65,38.2,5.8
6,8,135,6,5,2,7,43180,135,6.7,645730992,416814584.0,945.95,4.4,24.6
6,6,938,3,3,3,1,237970,453,6.6,4791906702,987653347.0,974.58,26.4,266.6
1,1,291,8,3,3,7,39438,105,7.2,1041541804,535477155.0,2536.61,26.2,376.3
5,3,1826,7,1,4,8,249443,712,9.8,8695233759,5926892852.0,4729.09,44.1,\N
10,7,1737,1,7,4,8,206815,315,8.7,6612392587,1437725883.0,1908.24,27.9,697.8
3,7,1653,8,7,4,1,172324,628,9.1,3402882028,727968487.0,410.87,21.2,460.4
7,4,1868,8,1,3,6,482940,1225,7.9,7863180786,5018775393.0,3699.11,43.4,1.4
10,1,27,3,3,3,6,77837,62,7.5,1232354302,423557155.0,4615.01,29.0,652.0
3,3,2061,2,1,4,7,300154,501,8.9,4423789713,1005351750.0,1847.87,49.1,9.6
5,3,554,1,1,4,5,119040,427,8.9,1964231424,1194482912.0,2312.49,46.3,18.6
7,7,933,1,7,4,3,371876,398,9.2,11526222244,6417939474.0,4759.73,30.0,439.2
3,6,2069,8,3,3,1,56317,66,6.5,1388833537,334947625.0,3752.81,27.4,521.9
10,7,1672,1,7,4,3,147230,265,10.0,2944600000,1541006217.0,3362.19,24.3,438.2
2,6,1350,4,3,3,4,58977,73,6.1,1354855030,978947428.0,685.97,23.5,390.4
6,7,1757,4,7,4,4,309156,759,8.2,4058661799,1112135467.0,2927.51,26.6,479.9
8,7,467,1,7,4,6,198610,877,9.4,2862009822,736104567.0,4307.28,20.2,863.2
4,3,1249,8,1,4,2,193635,755,9.7,5041248497,1632152605.0,3646.26,43.1,1.3
9,6,1499,6,3,3,7,231512,463,7.5,2713899420,2092841625.0,625.0,24.4,452.7
8,3,618,8,1,4,8,231685,568,8.7,6782694217,3174787623.0,3372.97,49.5,2.6
7,1,458,6,3,3,7,271102,294,7.6,6926981422,\N,4033.75,18.6,\N
7,7,1237,6,7,4,8,87293,255,8.2,2429434024,1532664965.0,1939.21,28.5,704.5
3,2,961,2,1,3,5,377999,1200,7.6,8198949509,4256639167.0,3782.77,40.7,14.3
6,6,1505,1,3,3,8,450248,1248,6.7,8588435575,4958752228.0,3575.64,27.1,435.5
5,5,180,6,4,4,2,122664,436,9.8,3377921232,2672754452.0,1695.76,34.7,668.9
1,8,2070,1,5,2,8,188969,264,4.3,2360506263,579057496.0,3724.32,6.7,34.2
3,5,1369,3,4,4,3,98444,88,8.1,2233507316,813105318.0,3216.17,\N,458.8
1,5,763,6,4,4,5,363769,1419,8.2,11209759996,8809318194.0,1594.47,25.9,764.2
4,2,922,8,1,3,6,364893,1061,7.4,9350820996,5219586190.0,2703.74,41.7,3.9
10,3,745,3,1,4,1,365438,663,10.0,8861871500,4955837494.0,2311.59,44.5,15.7
3,3,1432,3,1,4,6,218099,261,9.0,4379209821,2601167531.0,300.23,41.0,3.6
4,8,1511,6,5,2,6,288020,286,5.8,5880216320,4438078639.0,3430.77,0.5,46.7
9,8,1440,5,5,2,5,152376,291,4.9,1957696372,\N,725.04,-0.1,72.0
3,4,1296,3,1,3,5,344277,928,6.7,7222139622,3029142483.0,1249.21,31.6,3.2
6,8,637,6,5,2,8,176723,601,6.9,4581243345,1114876059.0,4793.32,2.2,64.0
6,5,1024,7,4,4,4,100830,400,8.3,2804415039,\N,1192.21,22.4,\N
7,5,152,3,4,4,2,123553,333,8.8,1992959311,464754923.0,1989.71,34.3,\N
9,3,13,2,1,4,4,160587,347,9.1,3250023940,2120138932.0,4801.57,41.9,2.9
7,5,715,4,4,4,4,154304,259,9.3,3933409555,\N,3763.95,25.9,451.0
1,3,249,4,1,4,2,311850,475,8.4,8833088880,3494921720.0,3418.58,46.4,19.1
8,7,1145,4,7,4,4,219358,319,8.8,6711828340,1436730565.0,4113.16,20.1,466.6
5,7,387,7,7,4,5,255161,658,8.0,4386727912,2861807542.0,343.96,26.4,768.2
9,3,439,5,1,4,3,490197,442,8.2,10531392347,2406923444.0,4441.34,40.6,13.7
10,6,721,1,3,3,1,270118,364,6.1,4534524889,3328676146.0,1298.58,19.0,200.4
5,3,473,3,1,4,7,319244,810,9.9,9266631739,\N,810.25,47.8,15.7
5,1,1007,7,3,3,1,166154,201,7.4,2943517802,2043660586.0,4156.08,20.2,647.8
2,1,633,2,3,3,7,59557,202,7.8,893319265,430764444.0,1437.91,23.5,562.5
3,1,24,5,3,3,7,338721,454,7.4,4947900879,3759002174.0,1230.87,20.3,429.7
10,1,538,7,3,3,4,126656,420,8.5,2216669984,1531970415.0,3964.81,19.7,683.6
9,2,1981,4,1,3,2,78543,283,8.1,2286496690,667799294.0,325.84,36.5,1.7
7,4,1811,5,1,3,5,138719,305,7.1,1526602594,783423139.0,427.02,40.9,4.2
1,4,540,7,1,3,4,340895,953,7.6,6559910664,3979034933.0,4074.3,41.7,8.0
3,3,1727,2,1,4,5,266880,652,10.0,8091801600,3545208012.0,2123.42,49.1,11.0
2,7,421,6,7,4,5,113059,445,8.7,3451499069,2331261059.0,4239.55,25.2,688.4
1,5,484,5,4,4,7,326276,405,9.8,12118543192,4288503826.0,3957.26,27.9,412.7
9,1,1029,4,3,3,7,155068,462,8.3,3653975831,1094351980.0,2810.15,23.1,565.6
8,4,52,1,1,3,6,375809,679,7.4,7072048923,3104232021.0,3760.29,37.9,9.1
5,4,243,7,1,3,7,496273,1399,7.8,9185715466,5191021542.0,758.83,38.6,9.2
2,1,1687,4,3,3,1,442972,1449,8.6,6971493335,5361564167.0,992.41,22.5,503.8
1,7,1841,7,7,4,3,191705,672,9.9,4843388484,1389760449.0,4221.02,27.5,654.3
7,2,425,4,1,3,8,146797,608,8.9,1967578909,1128034918.0,1739.3,40.3,0.3
2,2,2128,4,1,3,8,59793,191,8.6,1043866194,323808211.0,74.52,36.2,24.6
1,8,695,7,5,2,3,316180,598,5.6,5235687856,1872404290.0,4769.08,3.2,79.1
2,4,354,5,1,3,2,193643,189,6.2,2822579096,\N,3573.52,38.4,1.7
7,8,1690,2,5,2,3,336041,397,5.5,4073489002,1781111107.0,4234.64,0.4,64.3
7,2,293,4,1,3,4,165548,139,7.4,2521163601,1398093304.0,4568.1,45.7,8.3
10,6,717,8,3,3,1,14028,26,7.4,286196450,210336704.0,3174.61,19.5,535.0
6,1,529,6,3,3,1,112146,123,7.5,1656116055,888518028.0,2540.27,26.4,541.7
5,7,480,5,7,4,5,13066,45,8.5,315746423,87541907.0,796.57,28.8,\N
3,4,477,2,1,3,4,3495,5,6.8,93115188,47058955.0,983.17,31.4,9.9
3,1,25,1,3,3,4,204750,545,7.1,4409147925,1781586176.0,2280.56,26.4,668.2
9,2,638,8,1,3,5,365268,1214,7.4,7338599388,5250159227.0,380.14,46.6,27.3
4,1,1300,4,3,3,6,2406,6,8.0,57436032,29476781.0,3944.39,22.0,647.5
9,2,690,3,1,3,6,258345,393,8.0,4218257160,1349224758.0,2814.22,45.8,0.2
4,7,344,5,7,4,5,51362,70,8.8,1328385678,331927993.0,4633.89,25.3,715.1
2,2,1455,6,1,3,1,110244,239,8.1,3215608016,2034209588.0,3142.39,35.2,15.2
4,1,712,1,3,3,8,135751,112,7.6,2124285948,901629658.0,4862.34,22.3,657.6
6,7,439,1,7,4,7,419883,784,10.0,8120537220,6023136603.0,1429.81,20.4,826.9
6,2,1455,1,1,3,4,232015,187,7.4,5432306404,2750643377.0,1782.07,45.6,6.4
5,8,143,5,5,2,3,49659,105,6.2,801734623,478508103.0,2145.45,-3.7,70.4
1,6,1784,2,3,3,3,45193,103,6.1,840815765,242367790.0,1511.92,27.2,464.0
3,3,868,3,1,4,7,69681,242,9.0,2146035438,1667889698.0,3988.49,43.2,12.1
5,1,1489,8,3,3,7,384553,973,7.6,11161420093,7130389476.0,2690.95,19.1,263.7
6,3,468,6,1,4,1,220822,557,9.3,8105735236,4088728312.0,2302.83,46.9,18.9
1,1,1488,2,3,3,3,272490,465,7.1,4852174932,1116175670.0,2308.98,18.4,628.6
9,2,877,4,1,3,3,74706,118,7.5,2015381115,1408704758.0,4081.46,44.4,13.4
3,2,1418,3,1,3,7,405835,1437,8.0,10840664520,2857570287.0,1243.07,43.5,21.2
10,7,919,2,7,4,4,77925,238,8.7,1929438585,484963881.0,1638.57,28.0,519.1
3,4,1810,4,1,3,8,125664,221,6.2,1717173427,982277329.0,4651.28,39.7,4.8
2,6,1777,7,3,3,4,428498,941,7.5,9808319220,5512695257.0,2016.44,16.6,511.2
8,8,1082,3,5,2,2,253688,226,5.0,2347882440,1606180987.0,4978.47,7.2,9.4
3,4,1150,5,1,3,4,155081,109,6.0,3619590540,2074372778.0,2214.91,41.7,2.8
6,3,841,6,1,4,2,453636,946,9.0,13277018448,9543299927.0,2141.71,47.9,7.0
2,2,2100,7,1,3,8,411727,380,8.7,11953217091,4464971941.0,2987.51,35.9,8.7
7,4,1012,6,1,3,6,21608,21,6.7,544059188,220537510.0,4241.06,31.6,7.0
4,2,814,4,1,3,4,419702,480,7.0,8702101268,4035413159.0,3610.44,39.8,5.0
9,1,2144,2,3,3,5,245638,842,8.7,3959954761,2225963068.0,3820.16,23.6,692.6
10,4,273,3,1,3,4,302937,353,7.3,4049146823,908436721.0,4885.58,37.0,6.1
9,3,1717,4,1,4,2,261587,515,9.9,4819452729,1271565557.0,3991.87,48.7,11.7
7,7,2181,4,7,4,3,483224,797,9.0,9702654696,4201169608.0,2362.83,26.9,487.9
8,4,2137,5,1,3,4,173704,177,6.7,1824864742,842630159.0,3300.58,34.1,6.4
3,2,5,4,1,3,3,235352,809,7.8,6812451921,3851806762.0,4160.87,46.4,14.9
5,5,357,3,4,4,3,138790,233,9.9,2732927769,2021573217.0,888.89,30.4,644.2
2,5,1367,1,4,4,4,240169,752,9.1,4956799957,1081708230.0,1770.68,23.7,314.6
10,7,204,3,7,4,4,128638,143,9.0,2287698192,\N,3043.65,29.4,756.4
7,7,1597,3,7,4,5,238004,731,9.1,7814337731,4734089945.0,1931.28,20.7,876.6
8,6,497,5,3,3,6,497809,823,6.0,11233557894,8210226106.0,317.76,17.1,\N
9,7,702,5,7,4,8,289101,1078,9.8,7244466318,1495896917.0,4704.54,29.1,613.5
7,2,837,6,1,3,2,376032,826,8.1,5631793660,1445641181.0,2722.27,36.9,18.8
10,8,63,7,5,2,4,413284,619,4.8,5620001145,2956678019.0,3191.78,-0.1,24.4
10,1,1580,6,3,3,3,402334,1214,7.4,10744973204,5307054077.0,3611.24,23.4,481.0
8,4,239,4,1,3,3,478181,1236,7.3,6761527158,\N,230.07,39.4,0.3
9,7,540,8,7,4,4,493335,1322,9.6,13587629904,7895721093.0,949.98,29.7,851.0
6,5,198,6,4,4,2,105293,410,8.9,3106512025,2081163424.0,4522.31,24.4,471.0
10,1,781,5,3,3,6,369650,1243,8.0,9028331600,2657741221.0,3946.77,20.3,497.2
2,8,30,4,5,2,3,238508,590,5.3,3525553703,2033194480.0,377.08,3.9,59.9
2,2,1233,1,1,3,6,366813,692,8.9,9993049877,4889059084.0,3949.03,39.5,15.2
4,1,1087,2,3,3,6,288875,375,7.2,7346206800,2910776759.0,4503.88,24.0,650.2
9,2,1081,5,1,3,5,356430,675,7.5,6062874300,1620277813.0,876.89,45.2,8.2
7,8,1856,7,5,2,3,235998,559,4.8,3223921478,1901913633.0,360.07,9.9,9.3
2,8,1599,8,5,2,2,167109,207,5.5,2066135676,618873353.0,4322.0,-0.9,1.5
8,6,1629,5,3,3,1,196564,568,6.1,2876497919,2237398021.0,3023.89,18.1,\N
7,4,1018,1,1,3,8,72407,183,7.4,862656998,334625505.0,4950.48,36.1,6.5
9,1,1070,7,3,3,5,183768,285,8.9,5176468908,1268644816.0,3541.04,27.2,654.7
8,8,2125,5,5,2,5,109653,250,5.6,2063230847,694813396.0,2579.9,5.4,\N
3,4,1193,6,1,3,1,310575,234,7.3,5504755530,1497833308.0,1265.64,36.5,9.7
1,1,814,6,3,3,5,349773,1038,7.8,5680173610,2317276319.0,3513.87,25.3,382.6
2,2,1153,6,1,3,5,275721,920,7.7,7260836814,5135265081.0,430.55,38.4,14.8
2,8,1737,8,5,2,5,471051,1121,7.0,10495487331,2467372693.0,2107.52,8.2,40.2
4,2,1884,1,1,3,8,172927,502,7.4,2766624487,1515228704.0,1765.97,45.0,3.9
6,1,268,4,3,3,8,355902,998,7.0,6270637338,1331884612.0,3034.49,29.1,682.7
4,6,1774,8,3,3,3,214319,260,6.6,3591429210,2340541740.0,1148.67,20.9,302.6
9,2,585,5,1,3,3,172168,322,7.1,4115796557,1725479624.0,856.5,41.5,17.0
4,3,1891,5,1,4,4,319299,660,8.1,4184668834,1678607394.0,790.31,46.6,8.1
6,3,1185,6,1,4,4,433815,822,8.7,13579537418,10813998507.0,1587.13,41.3,1.0
6,4,1082,4,1,3,3,12282,19,7.0,330999900,117344503.0,4324.17,39.9,6.1
10,7,384,8,7,4,5,216496,702,8.5,3827649280,2689081457.0,2016.26,26.6,837.3
10,3,430,5,1,4,2,152616,300,9.0,4510718496,2329552583.0,4461.82,49.6,19.3
1,3,1050,8,1,4,1,440975,1742,9.3,15862929090,3201118670.0,3749.51,47.1,14.1
8,6,1834,3,3,3,4,214283,747,7.5,6110279745,2551136359.0,3591.27,\N,492.4
3,6,798,1,3,3,7,115690,336,6.5,2034119425,1164126526.0,3851.49,22.7,\N
6,7,372,2,7,4,7,292096,1051,8.2,5489769062,1441938643.0,2543.86,20.8,639.3
3,5,1060,3,4,4,5,381761,1145,8.9,5249404630,1474545779.0,1381.88,27.4,415.0
2,7,1814,7,7,4,7,447454,931,8.8,9174596816,6239288242.0,934.27,24.4,615.3
5,5,1849,2,4,4,4,219218,714,8.5,5098133808,1679321008.0,2509.75,26.6,705.4
1,6,1291,3,3,3,8,244539,229,7.4,4514923557,3192823499.0,1909.03,20.4,588.7
9,5,2188,3,4,4,6,182772,451,8.3,2680552429,1653705833.0,3306.27,30.8,384.1
7,6,67,7,3,3,8,169819,502,7.5,3573840855,\N,1778.08,15.2,526.5
3,5,1015,8,4,4,2,52326,164,9.9,1870078914,414838981.0,332.88,34.8,594.2
4,2,1554,7,1,3,6,143172,231,8.6,4861090281,\N,1927.15,40.0,6.7
6,6,1393,3,3,3,5,155676,177,6.3,1766346598,1195065480.0,4428.11,19.4,597.0
3,7,1702,1,7,4,7,191150,187,8.7,5978502974,3774121146.0,3546.3,20.1,720.8
7,4,579,2,1,3,8,244480,847,7.5,3247305600,1201299886.0,1960.59,\N,6.9
6,4,1606,4,1,3,3,356777,500,6.8,5325253502,3987659599.0,1091.92,36.1,1.4
9,6,1227,4,3,3,2,380834,584,6.7,7726207858,3322282838.0,2852.69,19.0,\N
5,3,1959,6,1,4,4,20494,30,10.0,604777940,201409257.0,4679.49,42.8,\N
4,8,1979,8,5,2,7,209344,340,6.7,4617375001,1918419357.0,2921.74,-0.8,45.2
3,4,410,8,1,3,8,379502,734,7.9,11044874407,6013131102.0,4452.45,44.3,9.1
10,7,1712,8,7,4,5,275483,1011,8.8,8210936104,2676893972.0,3542.89,21.6,593.8
1,3,2161,5,1,4,8,116430,254,8.5,2013947925,404964263.0,644.93,46.9,1.4
3,4,840,1,1,3,6,100243,300,6.7,2118315027,608926188.0,3529.4,43.4,8.1
3,8,189,8,5,2,8,258289,510,6.1,5656270811,3373882573.0,3050.75,1.8,37.7
7,1,277,6,3,3,5,9901,36,7.7,133415975,72294039.0,1834.4,25.3,447.4
7,1,1761,6,3,3,1,97343,366,7.6,2109189186,1045045499.0,4770.06,\N,298.7
1,6,2151,1,3,3,7,483742,536,6.6,10012298419,3121870568.0,1682.29,17.0,259.6
3,8,2155,1,5,2,1,331456,342,5.5,3928582240,\N,466.85,9.1,6.6
8,7,1940,3,7,4,6,209731,780,8.6,3224991640,1670194094.0,1275.83,29.2,679.9
9,7,1978,1,7,4,1,20757,62,8.3,556129846,136823267.0,2209.88,22.2,561.0
7,4,999,4,1,3,3,170787,431,7.3,4452126752,\N,4454.67,34.2,8.1
7,2,722,1,1,3,5,245125,976,8.1,3563994937,926169492.0,192.13,36.6,8.8
8,3,1215,7,1,4,5,212292,840,9.2,7701019675,5456762666.0,3997.05,41.8,4.6
6,8,1694,3,5,2,4,205282,305,5.7,3840292486,2181623573.0,1419.83,6.8,65.3
3,4,1708,2,1,3,7,444570,1115,7.6,12663487536,7651729378.0,3032.18,34.4,8.8
1,6,2182,6,3,3,8,51187,104,7.2,856133287,537599418.0,1923.69,\N,553.5
7,8,1061,8,5,2,7,420289,735,4.8,7750801622,\N,1355.91,3.8,70.5
1,3,2141,1,1,4,7,254202,555,8.2,7022533611,2374876412.0,2561.73,41.7,8.2
1,5,2123,7,4,4,3,469241,1116,8.8,15043115674,11847606881.0,1903.65,28.3,409.9
9,6,717,7,3,3,7,71103,215,7.9,1303175784,1010527822.0,1996.58,18.3,\N
10,4,459,6,1,3,7,463573,327,6.0,11028401670,6816990057.0,847.15,41.9,5.8
7,2,1702,2,1,3,7,125224,218,7.8,3265265889,2430379370.0,753.75,46.1,22.4
4,8,627,5,5,2,1,494580,719,6.0,7142724360,3965462216.0,1342.93,2.5,62.8
6,5,207,3,4,4,5,187877,636,9.2,2641099715,1498268486.0,2962.72,33.7,583.1
1,6,1357,6,3,3,1,328208,283,6.4,4539247923,3011604543.0,1203.41,25.5,282.8
7,4,673,1,1,3,2,472143,707,7.5,12542478795,4029248538.0,3878.02,32.1,1.5
6,1,1978,5,3,3,3,193976,368,7.9,5418603174,3757578301.0,4082.36,23.1,462.3
4,7,1940,5,7,4,1,337352,1289,9.0,8868646728,6090831368.0,849.49,22.4,882.3
7,4,273,2,1,3,3,343130,633,7.5,9753470250,2710831929.0,4881.62,35.8,\N
3,1,1050,6,3,3,8,486882,1536,7.2,5395042065,2070564597.0,1368.76,29.8,458.7
1,1,1878,6,3,3,6,233459,707,7.1,5111911647,4014765866.0,410.18,27.2,567.8
4,6,91,4,3,3,7,267752,794,8.0,5624934016,2064471330.0,2220.02,22.4,\N
3,4,476,4,1,3,5,370798,548,6.2,3480606666,2319683665.0,948.8,42.2,1.3
1,7,2047,4,7,4,2,180313,790,8.9,4384274532,1789451246.0,3932.81,22.8,529.1
2,4,726,6,1,3,4,466773,568,7.0,6655716207,5122889429.0,619.16,30.2,\N
5,1,1212,6,3,3,7,480456,689,7.3,12268636142,2609297094.0,2443.87,18.7,267.3
8,3,534,4,1,4,2,269259,980,8.7,8889989773,5784095953.0,464.19,43.3,1.2
1,5,85,3,4,4,3,128164,377,8.0,3804932832,1885438566.0,4498.63,33.7,559.5
4,2,841,7,1,3,2,285486,785,7.3,6608515573,4507038038.0,1577.58,43.4,27.5
4,4,77,7,1,3,5,226688,170,6.1,4976685683,1015028304.0,3103.11,36.9,3.5
5,5,1201,7,4,4,3,261537,1116,9.7,7846659227,2473932103.0,3660.7,25.3,470.5
7,5,1991,8,4,4,7,422253,638,9.0,14897085840,9773270836.0,208.85,24.6,634.5
8,8,406,1,5,2,3,469770,787,6.5,11026206555,\N,1938.49,-4.9,52.6
6,3,2130,1,1,4,5,497427,2222,9.5,15858967614,6793024977.0,1452.16,44.5,\N
1,5,21,3,4,4,6,75067,69,8.1,1113326183,721087993.0,2753.21,22.2,\N
7,4,398,2,1,3,1,2914,5,8.0,83060656,29348319.0,3866.31,43.1,9.8
3,6,1801,7,3,3,8,201534,276,7.2,3063155572,2373524873.0,696.41,17.0,450.8
6,6,1809,7,3,3,4,287616,978,7.6,7058211686,5469628239.0,2402.08,20.2,522.3
8,8,894,1,5,2,8,350504,631,5.7,3356426304,\N,695.12,7.8,63.3
7,5,1945,6,4,4,6,359687,1387,9.7,8436314710,5964436538.0,3960.37,29.0,357.5
10,4,438,5,1,3,7,254836,727,6.1,6205562403,3109078982.0,3935.83,42.8,8.7
6,4,1296,6,1,3,6,375084,1147,6.5,4859025678,1052930265.0,1687.04,33.7,\N
9,1,1304,8,3,3,8,6197,9,8.2,118196620,25215941.0,1673.85,27.5,306.5
9,3,223,1,1,4,2,298994,554,9.2,4896325744,3197865784.0,3016.23,46.9,14.7
1,7,1611,8,7,4,7,12670,26,8.5,423779825,108976867.0,4986.54,24.7,500.2
1,2,1961,8,1,3,7,289825,1009,7.0,4562714975,3540193362.0,4903.57,36.0,13.2
1,7,509,3,7,4,6,450065,1647,9.1,7056704154,3097078503.0,1612.58,22.5,766.4
8,8,1066,2,5,2,4,455418,887,6.0,5828439564,2623084035.0,4156.44,6.2,22.5
10,1,1200,1,3,3,7,269195,768,7.9,7583600023,2405700513.0,1611.63,27.1,545.4
7,2,1269,3,1,3,8,421458,432,8.5,7956494853,4998057356.0,2581.7,37.5,24.5
3,7,1277,5,7,4,7,157091,437,9.8,2540161470,1831124395.0,206.99,27.5,851.2
2,4,1298,4,1,3,4,5585,18,7.9,133996995,52197264.0,4705.07,34.3,0.4
4,6,604,5,3,3,6,480798,479,7.5,6133780485,4165354802.0,3686.99,19.7,589.7
3,1,1035,5,3,3,5,26861,80,8.9,434377289,316301271.0,4333.55,22.1,514.0
7,7,189,7,7,4,1,91458,364,8.6,1302508252,527395392.0,2811.74,21.2,757.8
10,8,676,2,5,2,4,259607,199,4.8,4954547673,1453377387.0,374.01,-3.5,30.2
8,5,638,1,4,4,3,75709,174,8.6,1234480670,857827277.0,2223.85,22.7,786.4
6,8,1997,8,5,2,6,261748,217,4.2,3562966125,1119122626.0,1868.4,1.6,61.1
3,8,1845,4,5,2,7,219130,383,6.5,3335815990,1435022453.0,2600.82,3.2,\N
6,8,47,3,5,2,1,151071,335,5.7,3242920300,\N,1090.62,5.6,31.4
2,5,820,4,4,4,5,425520,1489,8.2,9305867087,5288240963.0,2285.66,24.4,604.6
7,2,1081,1,1,3,6,415757,757,7.6,5061924626,2930824713.0,195.62,46.3,28.7
10,4,1278,2,1,3,4,264030,414,7.9,3660643935,1455376980.0,788.06,33.1,5.4
7,6,1170,1,3,3,6,130398,133,7.9,3721910994,1994815297.0,4363.69,20.4,240.5
4,2,1057,3,1,3,5,333420,1220,8.8,10028740128,5457083832.0,1920.79,37.8,18.6
8,7,1539,4,7,4,2,211940,339,9.2,4116129127,\N,2173.72,25.8,449.7
4,7,796,5,7,4,5,76433,351,9.4,1196971353,314566532.0,1818.34,20.3,454.9
7,6,48,1,3,3,3,272116,821,7.0,5743008180,4062515713.0,3122.33,25.5,440.3
4,7,1422,8,7,4,5,165938,453,9.6,3217869696,2160769295.0,74.42,20.1,783.5
5,3,1219,6,1,4,1,277250,840,9.8,5099902850,3704122940.0,4744.55,47.5,11.4
7,6,1761,2,3,3,2,379314,1163,6.2,5985195606,1445157701.0,2793.34,25.5,279.4
10,5,725,2,4,4,6,253738,463,9.5,5491144058,1924184491.0,1935.79,22.2,406.8
3,7,1345,4,7,4,6,312108,1063,9.6,11802176755,8239840061.0,4323.44,24.8,748.0
10,7,1818,5,7,4,3,333416,1415,9.6,5210891980,3985833063.0,2508.24,23.6,838.7
5,1,138,3,3,3,2,266503,671,7.6,5181031522,1927561221.0,509.93,25.2,560.4
6,4,1092,8,1,3,1,363198,440,6.7,8295551279,\N,3595.14,\N,0.6
2,5,1384,1,4,4,1,329703,1358,9.2,9958217530,2269869318.0,1030.55,\N,588.3
7,8,44,3,5,2,6,457107,757,4.4,3081266865,1191624026.0,1784.68,\N,41.5
4,6,1397,3,3,3,6,307995,694,7.8,5811311259,2809878083.0,2448.2,\N,291.4
6,5,1010,6,4,4,5,229945,858,8.4,4121902092,\N,4884.87,\N,677.8
6,2,637,1,1,3,3,450448,505,7.9,12657723934,3690485300.0,3549.39,\N,0.4
1,1,393,8,3,3,3,367726,677,8.7,9796000004,6786571746.0,4624.43,\N,346.6
8,6,347,2,3,3,7,146227,221,7.4,3556796302,2737469766.0,2369.65,\N,202.7
2,3,690,6,1,4,3,316792,940,10.0,8433003040,5800791519.0,2623.78,\N,18.2
8,7,1572,8,7,4,3,261241,816,9.9,4075986578,1690466455.0,1846.07,\N,552.2
8,3,1291,7,1,4,6,312903,1000,8.8,4824213292,2778680613.0,4653.53,\N,5.4
3,3,269,3,1,4,3,43206,91,9.0,1199614590,416329626.0,2464.16,\N,5.2
8,5,918,7,4,4,5,281700,1067,9.3,4445817570,3392560933.0,1036.69,\N,313.4
8,6,806,2,3,3,1,389051,1084,7.2,4537890864,2243365760.0,4158.59,\N,344.9
4,2,171,6,1,3,1,48808,106,8.8,1322892032,619119772.0,73.65,\N,28.5
2,7,2135,5,7,4,4,329049,1433,8.9,9696383027,\N,2084.39,\N,799.1
1,7,1219,5,7,4,6,274428,676,9.1,8438359129,3978105313.0,1576.75,\N,680.4
1,6,2182,6,3,3,8,51187,104,7.2,856133287,537599418.0,1923.69,\N,553.5
6,6,1562,8,3,3,8,47599,83,6.6,766848449,483813449.0,1366.94,\N,334.1
1,5,1686,4,4,4,3,240916,264,8.1,6937296677,5372690315.0,4828.67,\N,301.0
8,6,1834,3,3,3,4,214283,747,7.5,6110279745,2551136359.0,3591.27,\N,492.4
1,5,1098,7,4,4,7,179908,277,9.3,6011607829,4560197873.0,1438.77,\N,654.9
7,3,1876,7,1,4,1,427657,975,9.6,6560600505,2609403058.0,547.14,\N,7.6
3,7,727,2,7,4,6,27258,99,9.4,839393755,196516051.0,3737.3,\N,637.3
9,8,2010,6,5,2,1,171593,212,6.5,2048906216,1012819638.0,4264.11,\N,68.2
7,1,1761,6,3,3,1,97343,366,7.6,2109189186,1045045499.0,4770.06,\N,298.7
4,7,1631,7,7,4,5,414297,734,8.7,9396628827,4872619303.0,4545.91,\N,\N
4,3,455,6,1,4,2,51804,89,8.8,1467006393,1081042605.0,4322.15,\N,1.8
7,7,1840,5,7,4,5,353763,440,9.5,13308564060,6634060022.0,3004.28,\N,442.9
9,1,2131,2,3,3,1,337868,807,7.3,7174863487,3027865192.0,2625.49,\N,268.5
7,4,1795,4,1,3,1,208739,174,7.3,3838438849,2348510541.0,1879.82,\N,3.7
8,3,1608,5,1,4,7,302718,801,9.1,7812425056,5365831018.0,4147.91,\N,12.8
5,2,560,5,1,3,5,55516,184,8.9,1825671418,1363669569.0,524.25,\N,19.0
4,6,743,3,3,3,3,421638,657,6.7,6175394475,2215395856.0,1242.56,\N,210.1
6,3,699,1,1,4,2,8247,35,10.0,251698440,84992631.0,2844.91,\N,15.0
9,8,394,6,5,2,2,109107,58,4.0,1149551352,769233104.0,809.49,\N,71.8
3,4,870,7,1,3,6,241246,762,7.8,3225266023,1780607699.0,3631.91,\N,8.9
4,3,2173,1,1,4,4,414996,852,8.5,11160902424,\N,3924.11,\N,18.0
10,2,1566,3,1,3,8,258090,634,8.8,6332083296,1751351414.0,1422.96,\N,13.9
5,2,657,3,1,3,3,476470,1824,8.8,6524208416,2312460681.0,2276.53,\N,26.3
2,8,1846,3,5,2,4,113379,248,6.3,2562149979,1100413304.0,3368.52,\N,62.0
5,5,754,7,4,4,7,269152,1061,8.2,5800117939,\N,215.2,\N,351.8
2,5,2133,5,4,4,8,218077,348,8.3,3430024094,2540746134.0,3140.18,\N,385.9
10,1,996,2,3,3,3,324460,930,7.4,6463502768,1324033211.0,4540.51,\N,413.3
8,5,2057,5,4,4,5,416623,1654,9.2,6309005413,3634430663.0,4712.13,\N,383.9
4,7,1400,7,7,4,8,405821,1890,9.4,11158048395,4599242724.0,3529.0,\N,593.9
6,2,186,8,1,3,2,171962,299,8.9,3318041182,834580610.0,3129.5,\N,2.5
2,8,384,8,5,2,4,319247,379,4.5,4893098769,1048677955.0,4274.73,\N,28.9
9,5,484,1,4,4,3,128087,272,9.0,2001231288,1549252502.0,3227.93,\N,\N
3,1,880,7,3,3,3,427138,1460,8.3,7973256904,6310159637.0,1296.37,\N,289.4
9,4,1681,1,1,3,6,443186,688,7.6,12859839524,10208459920.0,3199.43,\N,1.8
6,7,1539,7,7,4,4,99949,298,8.5,1677893837,929501683.0,3024.78,\N,787.9
7,8,605,8,5,2,1,460933,1547,6.9,5457631093,4059540935.0,809.76,\N,\N
7,5,357,5,4,4,5,297927,1024,9.7,10796636138,6050504291.0,3899.24,\N,323.5
8,1,1550,6,3,3,4,480515,1439,8.3,12188166872,2736006561.0,4066.32,\N,505.2
6,6,1667,7,3,3,2,443288,592,6.2,10581284560,5012618839.0,3265.38,\N,589.3
3,4,668,6,1,3,5,418347,1236,7.7,11412966341,3644977763.0,4246.42,\N,0.6
1,3,1630,4,1,4,5,225864,914,8.7,5873435215,1276422627.0,3259.45,\N,5.0
9,7,932,3,7,4,5,425893,1504,8.4,12306604128,6833846939.0,4259.27,\N,889.6
10,3,1062,2,1,4,1,98120,407,8.5,3171778060,1268592290.0,4626.4,\N,1.2
7,3,254,5,1,4,2,335847,379,9.6,8131258886,3763729984.0,4173.22,\N,16.0
4,3,2043,4,1,4,6,132317,546,8.7,2410524642,1346121815.0,4173.02,\N,11.7
10,2,257,5,1,3,2,367655,700,8.8,5079521480,3830916170.0,669.59,\N,18.1
8,1,1529,4,3,3,2,205503,619,7.5,3634320555,2874753364.0,3828.09,\N,655.6
7,2,69,8,1,3,3,212197,748,8.8,6472178257,4464351948.0,624.43,\N,27.3
7,3,1486,1,1,4,2,414177,944,9.5,15573469377,3778997331.0,216.66,\N,18.4
6,8,1177,6,5,2,2,24621,49,7.0,415356270,145543197.0,637.84,\N,55.5
6,7,737,6,7,4,7,5563,16,9.7,151792574,82066287.0,679.13,\N,898.1
2,5,231,6,4,4,2,145843,363,9.3,4334862320,\N,714.46,\N,408.9
3,5,813,4,4,4,1,28044,131,9.9,914254030,465090936.0,4858.22,\N,595.3
6,7,117,8,7,4,7,33985,36,9.7,959294595,417669794.0,4867.65,\N,492.4
9,3,1487,8,1,4,1,221884,299,8.7,5567247067,\N,2696.04,\N,11.1
9,4,17,1,1,3,6,19751,20,6.2,450271447,194762718.0,1403.7,\N,6.6
8,8,1305,3,5,2,2,399412,846,4.4,5013898718,1019764106.0,3543.06,\N,27.8
5,6,1944,1,3,3,2,53831,49,7.9,675745926,333006071.0,3456.71,\N,330.4
9,6,1958,8,3,3,7,260787,703,7.1,4003132607,2574665567.0,4078.81,\N,578.8
1,7,1209,5,7,4,7,28856,39,8.2,454072244,180905208.0,4427.96,\N,855.3
8,3,399,3,1,4,2,45077,56,8.7,1415341169,454667050.0,1268.99,\N,12.7
4,4,1596,8,1,3,5,349312,544,6.1,8329309708,3169425857.0,3810.01,\N,5.3
8,3,1188,3,1,4,3,475045,2140,9.4,17267790741,6603141757.0,2577.71,\N,16.3
7,5,1270,5,4,4,7,344864,388,9.0,11390857920,8325288381.0,3384.27,\N,637.8
8,6,1251,8,3,3,7,263750,606,6.8,3721512500,2433561046.0,3256.89,\N,319.4
2,3,2146,7,1,4,1,219737,828,9.2,3228463898,2026932784.0,1076.11,\N,8.5
5,1,1804,2,3,3,3,417474,1074,8.8,12318154833,3395868179.0,3532.4,\N,482.0
9,7,1874,8,7,4,2,230989,591,8.9,3494863570,1913369402.0,1931.1,\N,499.3
4,4,861,2,1,3,6,304881,889,6.0,6309207414,4285877898.0,1700.63,\N,4.4
1,1,1413,6,3,3,7,303212,740,8.5,7847884590,3810089578.0,2236.12,\N,326.0
4,7,392,7,7,4,4,108638,467,9.0,2701501146,\N,4423.23,\N,\N
3,6,971,2,3,3,5,280968,795,7.0,7066626168,2743854113.0,3572.86,\N,\N
6,5,1008,6,4,4,5,36876,107,9.5,1004723496,399126001.0,2711.43,\N,366.8
6,4,777,4,1,3,8,78225,65,6.1,771110760,502598990.0,1068.81,\N,0.6
5,8,1346,6,5,2,1,63239,121,4.9,577289859,209078420.0,4531.82,\N,78.5
2,3,876,1,1,4,4,19692,23,8.5,623665332,372489750.0,357.24,\N,1.6
4,7,1751,7,7,4,5,490810,1655,9.6,13329614304,6476293076.0,937.33,\N,855.3
9,6,882,3,3,3,8,115409,134,6.5,2531784937,1889497285.0,1066.12,\N,400.1
3,2,2076,2,1,3,8,117520,300,7.4,2293261776,1684500020.0,3133.91,\N,4.1
9,6,103,5,3,3,6,221806,306,6.1,5195583743,3659421114.0,717.07,\N,518.5
5,4,608,4,1,3,5,301688,600,6.1,5721482751,4148608905.0,2887.04,\N,5.5
6,7,735,5,7,4,6,473565,537,8.5,15763084590,8289853719.0,2648.37,\N,545.7
4,7,805,7,7,4,5,110579,133,9.4,2732694595,1522372989.0,520.29,\N,567.4
10,1,1003,5,3,3,8,278162,336,8.3,5658733014,2296439146.0,1732.63,\N,257.2
2,1,266,8,3,3,1,57145,132,8.9,1399132465,997413885.0,3027.34,\N,439.7
8,3,134,2,1,4,2,235571,924,8.6,7447247365,2290668621.0,4757.84,\N,\N
8,7,475,5,7,4,1,39099,107,8.9,995921908,422037532.0,3010.87,\N,830.3
3,2,1082,4,1,3,6,410542,1431,7.5,8495140335,4967120173.0,1042.51,\N,3.3
2,6,949,2,3,3,7,152353,510,7.1,1984931060,1277996145.0,1124.57,\N,456.5
3,5,464,4,4,4,5,98534,192,8.0,2170901088,442830277.0,1633.9,\N,605.5
7,4,73,5,1,3,6,447329,1144,7.5,7454737785,3135560517.0,972.53,\N,2.3
10,5,1076,1,4,4,5,389799,1062,8.5,9018779463,2024380961.0,3173.99,\N,749.3
5,4,1309,3,1,3,7,331603,1135,7.0,8052315649,4703152265.0,1677.77,\N,4.4
2,2,876,1,1,3,5,302431,867,8.4,8157289904,2074427118.0,632.1,\N,16.4
1,4,2132,2,1,3,8,478430,926,7.0,6845376440,1978623148.0,892.31,\N,3.4
2,3,1666,7,1,4,2,343138,946,9.2,10237728112,6005173435.0,4166.65,\N,10.8
3,3,712,1,1,4,4,484307,523,9.5,8419677195,5977358259.0,3072.69,\N,5.0
5,8,309,6,5,2,2,290659,683,7.0,7574864199,2242393137.0,1712.11,\N,42.0
4,1,1384,8,3,3,3,44053,83,8.6,1200972886,873795098.0,3622.42,\N,619.7
9,5,725,7,4,4,7,71012,208,8.5,1618860564,999539624.0,1021.52,\N,454.9
9,2,1543,2,1,3,4,409207,480,7.1,7478421607,5146110727.0,3079.68,\N,7.0
7,5,325,5,4,4,1,156129,558,10.0,6096837450,4501659304.0,1487.09,\N,581.6
3,6,1292,6,3,3,1,156006,125,7.0,3363489360,2339657906.0,2802.03,\N,221.1
2,4,1788,8,1,3,3,90710,206,6.2,926838496,403690548.0,4149.2,\N,1.5
1,3,140,2,1,4,2,351609,1399,8.7,10746261027,6623000201.0,3447.68,\N,7.3
4,8,1016,2,5,2,8,382545,691,6.8,7283656800,1459925903.0,3315.7,\N,39.8
1,4,600,4,1,3,8,174996,540,7.2,4838289408,2472165709.0,2764.04,\N,0.7
2,5,694,4,4,4,1,86815,281,8.9,1298830533,910586321.0,3767.42,\N,652.8
3,5,1409,4,4,4,2,119078,434,8.2,2514331969,1141972109.0,279.56,\N,351.9
4,3,1258,4,1,4,4,365367,1418,8.9,7625391973,3779538246.0,3120.87,\N,14.1
8,6,1042,1,3,3,4,164815,358,7.5,4943213887,1800353915.0,2994.08,\N,563.6
5,2,1331,3,1,3,8,345472,1408,8.6,9222167756,4034857145.0,1512.85,\N,24.3
5,1,1745,5,3,3,7,200122,535,7.8,2467864479,986427226.0,978.1,\N,381.8
7,4,296,5,1,3,6,161232,268,6.7,4136294097,1507842557.0,4388.93,\N,8.4
1,6,1540,1,3,3,4,77043,242,6.9,1731410451,680605019.0,3181.62,\N,527.2
3,3,1838,8,1,4,2,358851,1472,9.4,12197489030,4396674496.0,4269.05,\N,14.3
6,5,2171,7,4,4,4,84298,133,9.3,2871687238,865080719.0,4439.94,\N,386.5
10,6,69,6,3,3,6,193818,690,7.5,2343259620,707997775.0,237.06,\N,211.1
2,5,851,8,4,4,6,141356,219,9.7,4646838194,2105067907.0,3998.44,\N,685.5
9,2,1818,7,1,3,7,93821,317,8.5,3122925806,2083971327.0,779.58,\N,5.4
6,8,1516,6,5,2,4,197805,224,6.2,4651701063,1153577102.0,326.55,\N,\N
6,1,164,8,3,3,7,226927,566,8.1,5733061035,4115580116.0,1204.48,\N,278.0
10,2,206,8,1,3,3,260773,990,8.6,7898605551,1742584776.0,2621.0,\N,14.9
9,3,1332,7,1,4,5,440181,872,9.1,13975702731,6357533361.0,2268.5,\N,12.6
6,3,1518,5,1,4,2,474372,805,9.4,16726072096,8847498469.0,346.08,\N,13.4
8,7,2163,1,7,4,6,16973,36,8.8,236888766,156877949.0,332.17,\N,783.7
3,5,2185,3,4,4,7,194111,786,8.2,5211259194,3577596860.0,4035.45,\N,370.3
2,6,1905,8,3,3,1,249998,554,7.0,5661204710,4047185243.0,2963.72,\N,200.3
8,8,1416,8,5,2,7,117467,137,4.5,971569557,699408677.0,1976.43,\N,27.3
2,1,1236,3,3,3,5,223478,491,8.1,3506302776,1673687328.0,1362.15,\N,691.8
1,5,1106,5,4,4,4,47067,144,8.2,1322262644,996813207.0,1981.69,\N,591.1
7,1,2188,6,3,3,2,284640,434,7.7,6423954768,4986983352.0,1535.93,\N,370.1
8,4,1666,2,1,3,2,491993,1796,7.8,10526387032,2604106721.0,1978.73,\N,4.2
1,1,1975,8,3,3,4,187843,671,8.6,6414951155,1308880514.0,2208.13,\N,558.2
4,6,1472,2,3,3,5,105233,324,7.3,3018261336,\N,2172.88,\N,284.5
6,8,1352,1,5,2,2,34106,40,7.0,413501144,145237721.0,2801.18,\N,38.2
4,1,67,6,3,3,6,197036,270,8.1,5332207935,1413814874.0,3570.03,\N,394.2
1,8,1650,2,5,2,6,179638,376,6.5,3492432177,2718256107.0,987.22,\N,11.9
5,4,1199,8,1,3,6,224721,424,8.0,4005427104,1875359505.0,4967.96,\N,2.5
4,7,1864,5,7,4,7,320224,1453,9.9,8676885571,3894259932.0,1775.16,\N,745.0
3,5,1284,4,4,4,1,343197,1009,8.6,8143172497,3265436465.0,4260.69,\N,342.0
9,4,1686,3,1,3,5,421798,1564,8.0,5891674464,2988709743.0,316.89,\N,3.5
10,8,1889,4,5,2,5,338941,494,5.0,5462034215,1230777988.0,2330.09,\N,20.4
4,8,34,6,5,2,2,125843,89,5.1,1154596940,867785869.0,2755.78,\N,8.9
10,5,2066,4,4,4,4,284521,928,9.5,7779088661,4543834149.0,2811.06,\N,\N
7,4,1111,2,1,3,4,11586,31,6.2,257665688,144660791.0,3252.31,\N,4.6
7,1,447,8,3,3,1,193587,289,7.8,3140755487,1165683232.0,2933.35,\N,258.4
5,7,1233,6,7,4,2,403022,1042,9.4,10986379720,3074599877.0,4269.39,\N,782.2
3,5,888,7,4,4,4,105321,263,8.3,2270204687,1471075764.0,4257.17,\N,524.1
7,5,2105,2,4,4,5,72619,245,8.9,1248669181,461060973.0,1864.49,\N,754.8
4,8,663,4,5,2,8,477390,879,4.1,4339331882,3455786752.0,4585.43,\N,9.2
6,5,1855,2,4,4,2,405372,1757,9.1,14287052379,6869964021.0,2870.62,\N,715.3
2,5,568,4,4,4,1,476593,1880,8.1,6450733914,1731000299.0,2836.91,\N,331.1
8,7,2191,6,7,4,6,221850,701,9.4,5365708470,3541560994.0,800.96,\N,821.5
5,6,18,2,3,3,7,294090,1126,7.9,4655915244,2479361255.0,2222.34,\N,551.5
9,8,904,8,5,2,4,483698,758,5.1,6843069085,3579967539.0,2738.59,\N,78.8
1,3,892,5,1,4,6,28779,54,8.1,402114577,95213786.0,3163.18,\N,2.4
4,3,1066,7,1,4,6,196844,935,9.6,6789700723,4104754139.0,4558.34,\N,13.7
3,3,231,3,1,4,5,372675,1161,8.4,6379897860,4195847684.0,576.49,\N,9.3
4,8,360,5,5,2,2,20140,53,6.9,265564026,89130574.0,2385.12,\N,46.8
3,4,1101,7,1,3,5,423104,1290,7.2,7987526553,2622381394.0,4273.77,\N,1.9
3,1,183,2,3,3,8,384553,1412,8.9,11071857699,7687927379.0,532.79,\N,615.7
8,1,17,1,3,3,6,45784,114,7.2,1153756800,841166797.0,1527.86,\N,621.6
9,3,1067,4,1,4,2,4823,20,9.1,78122953,50822209.0,724.5,\N,4.1
4,2,1485,1,1,3,5,445037,1107,7.3,8193398192,5377692671.0,1719.59,\N,27.9
8,3,2132,6,1,4,5,406553,1125,9.2,9500330504,4326741008.0,1612.8,\N,4.5
2,2,1419,5,1,3,6,147820,461,8.2,4683647136,3343613796.0,2085.9,\N,24.8
10,6,1508,4,3,3,3,381706,449,6.9,5038404688,2955673653.0,3043.82,\N,342.7
8,8,2152,5,5,2,3,315904,612,6.1,7650247168,1589058904.0,4003.37,\N,67.3
6,8,42,4,5,2,1,331070,770,5.0,5702680750,2452073912.0,4125.72,\N,46.3
5,5,1609,6,4,4,7,148293,165,8.0,2105760600,598805966.0,1539.15,\N,571.7
3,5,1669,6,4,4,7,26044,98,8.1,648690930,298028791.0,3673.1,\N,698.0
8,8,1000,7,5,2,5,352619,413,4.5,6340794858,2250657668.0,4105.56,\N,59.6
6,7,725,5,7,4,2,346925,1406,9.3,11724746685,6818891099.0,1625.39,\N,815.7
8,4,173,6,1,3,6,297511,1040,7.5,4493903655,2088976927.0,4994.66,\N,6.9
1,4,1015,2,1,3,6,470355,442,7.8,14099079267,10174054873.0,4092.21,\N,8.0
1,6,1848,7,3,3,2,364195,370,6.1,6204899473,3258233445.0,906.53,\N,572.3
6,3,790,3,1,4,2,132148,253,8.4,1924814908,981460992.0,1992.96,\N,5.6
6,5,6,1,4,4,2,78041,269,8.2,2048435776,1156184737.0,4868.34,\N,\N
9,5,2065,5,4,4,8,365017,1551,8.8,10439486200,2898457428.0,1154.18,\N,437.5
2,7,1682,3,7,4,8,315750,1085,9.3,9511242525,2280531779.0,1323.58,\N,875.9
10,8,1459,3,5,2,1,173146,148,5.4,2744190954,1857217483.0,4009.28,\N,26.3
2,4,455,8,1,3,6,404520,652,6.9,9431424252,4564673799.0,461.52,\N,2.3
